Serie,Modelo,Ingreso,Estado_normalizado,num_reparaciones_6m,num_reparaciones_12m,dias_desde_ultima_reparacion,edad_dias,fallo_30d
740712,CVB35.BC,2022-01-05,Reparado,0,0,0.0,0,0
7202330,CVB35.BC,2021-06-28,Reparado,0,0,0.0,0,0
7202410,CVB35.BC,2021-11-21,Reparado,0,0,0.0,0,0
7202442,CVB35.BC,2022-08-02,Reparado,0,0,0.0,0,0
7202515,CVB35.BC,2022-07-30,Reparado,0,0,0.0,0,0
7202664,CVB35.BC,2024-04-05,Reparado,0,0,0.0,0,0
7203335,CVB35.BC,2021-03-23,Reparado,0,0,0.0,0,0
7203335,CVB35.BC,2022-07-22,Reparado / Garantía Lab,0,0,486.0,486,0
7203335,CVB35.BC,2025-02-28,Reparado / Garantía Lab,0,0,952.0,1438,0
7203336,CVB35.BC,2022-11-02,Reparado,0,0,0.0,0,0
7203336,CVB35.BC,2025-01-31,Reparado / Garantía Lab,0,0,821.0,821,1
7203336,CVB35.BC,2025-02-07,Reparado / Garantía Lab,1,1,7.0,828,0
7203337,CVB35.BC,2025-10-20,Reparado,0,0,0.0,0,0
7203339,CVB35.BC,2021-10-02,Reparado,0,0,0.0,0,0
7203339,CVB35.BC,2022-03-30,Reparado / Garantía Lab,1,1,179.0,179,0
7203339,CVB35.BC,2023-01-18,Reparado / Garantía Lab,0,1,294.0,473,0
7203339,CVB35.BC,2025-02-12,Reparado / Garantía Lab,0,0,756.0,1229,0
7203340,CVB35.BC,2025-01-31,Reparado / Garantía Lab,0,0,0.0,0,1
7203340,CVB35.BC,2025-02-06,Reparado / Garantía Lab,1,1,6.0,6,1
7203340,CVB35.BC,2025-02-12,Reparado / Garantía Lab,2,2,6.0,12,1
7203340,CVB35.BC,2025-02-17,Reparado,3,3,5.0,17,1
7203340,CVB35.BC,2025-02-20,Reparado / Garantía Lab,4,4,3.0,20,1
7203340,CVB35.BC,2025-02-26,Reparado / Garantía Lab,5,5,6.0,26,1
7203340,CVB35.BC,2025-03-03,Reparado / Garantía Lab,6,6,5.0,31,1
7203340,CVB35.BC,2025-03-06,Reparado / Garantía Lab,7,7,3.0,34,1
7203340,CVB35.BC,2025-03-18,Reparado / Garantía Lab,8,8,12.0,46,0
7203340,CVB35.BC,2025-04-29,Reparado / Garantía Lab,9,9,42.0,88,1
7203340,CVB35.BC,2025-05-05,Reparado / Garantía Lab,10,10,6.0,94,1
7203340,CVB35.BC,2025-05-14,Reparado / Garantía Lab,11,11,9.0,103,0
7203340,CVB35.BC,2025-07-22,Reparado / Garantía Lab,12,12,69.0,172,1
7203340,CVB35.BC,2025-08-19,Reparado / Garantía Lab,9,13,28.0,200,0
7203340,CVB35.BC,2025-09-23,Reparado / Garantía Lab,5,14,35.0,235,0
7203340,CVB35.BC,2025-11-19,Reparado / Garantía Lab,3,15,57.0,292,1
7203340,CVB35.BC,2025-12-04,Proceso,4,16,15.0,307,0
7203341,CVB35.BC,2022-05-12,Reparado,0,0,0.0,0,1
7203341,CVB35.BC,2022-05-18,Reparado / Garantía Lab,1,1,6.0,6,0
7203341,CVB35.BC,2025-02-12,Reparado / Garantía Lab,0,0,1001.0,1007,0
7203342,CVB35.BC,2022-11-14,Reparado,0,0,0.0,0,0
7203342,CVB35.BC,2025-11-25,Reparado / Garantía Lab,0,0,1107.0,1107,0
7203343,CVB35.BC,2021-04-07,Reparado,0,0,0.0,0,0
7203343,CVB35.BC,2023-07-04,Reparado / Garantía Lab,0,0,818.0,818,0
7203343,CVB35.BC,2025-09-05,Reparado / Garantía Lab,0,0,794.0,1612,0
7203344,CVB35.BC,2022-07-13,Reparado,0,0,0.0,0,0
7203344,CVB35.BC,2024-06-18,Reparado / Garantía Lab,0,0,706.0,706,0
7203345,CVB35.BC,2024-04-18,Reparado,0,0,0.0,0,0
7203345,CVB35.BC,2025-02-12,Reparado / Garantía Lab,0,1,300.0,300,0
7203345,CVB35.BC,2025-08-08,Reparado / Garantía Lab,1,1,177.0,477,0
7203346,CVB35.BC,2022-10-24,POD Reparado,0,0,0.0,0,0
7203346,CVB35.BC,2022-11-25,Reparado / Garantía Lab,1,1,32.0,32,0
7203347,CVB35.BC,2021-06-01,Reparado,0,0,0.0,0,0
7203347,CVB35.BC,2023-05-24,Reparado / Garantía Lab,0,0,722.0,722,0
7203347,CVB35.BC,2025-01-30,Reparado / Garantía Lab,0,0,617.0,1339,1
7203347,CVB35.BC,2025-02-03,Reparado / Garantía Lab,1,1,4.0,1343,1
7203347,CVB35.BC,2025-02-07,Reparado / Garantía Lab,2,2,4.0,1347,1
7203347,CVB35.BC,2025-02-14,Reparado / Garantía Lab,3,3,7.0,1354,0
7203347,CVB35.BC,2025-06-26,Reparado / Garantía Lab,4,4,132.0,1486,1
7203347,CVB35.BC,2025-07-01,Reparado / Garantía Lab,5,5,5.0,1491,1
7203347,CVB35.BC,2025-07-03,Reparado / Garantía Lab,6,6,2.0,1493,1
7203347,CVB35.BC,2025-07-08,Reparado / Garantía Lab,7,7,5.0,1498,1
7203347,CVB35.BC,2025-07-11,Reparado / Garantía Lab,8,8,3.0,1501,1
7203347,CVB35.BC,2025-07-15,Reparado / Garantía Lab,9,9,4.0,1505,0
7203347,CVB35.BC,2025-10-10,Reparado / Garantía Lab,6,10,87.0,1592,1
7203347,CVB35.BC,2025-11-06,Proceso,7,11,27.0,1619,0
7203348,CVB35.BC,2024-08-13,Reparado,0,0,0.0,0,1
7203348,CVB35.BC,2024-08-16,Reparado / Garantía Lab,1,1,3.0,3,0
7203348,CVB35.BC,2025-11-26,Reparado / Garantía Lab,0,0,467.0,470,0
7203349,CVB35.BC,2021-09-17,Reparado,0,0,0.0,0,1
7203349,CVB35.BC,2021-10-02,Reparado / Garantía Lab,1,1,15.0,15,0
7203349,CVB35.BC,2024-02-19,Reparado / Garantía Lab,0,0,870.0,885,0
7203349,CVB35.BC,2024-07-29,Reparado / Garantía Lab,1,1,161.0,1046,0
7203349,CVB35.BC,2025-03-28,Reparado / Garantía Lab,0,1,242.0,1288,0
7203351,CVB35.BC,2022-12-07,Reparado,0,0,0.0,0,0
7203352,CVB35.BC,2021-02-12,Reparado,0,0,0.0,0,0
7203352,CVB35.BC,2022-08-30,Reparado / Garantía Lab,0,0,564.0,564,0
7203352,CVB35.BC,2024-03-26,Reparado / Garantía Lab,0,0,574.0,1138,0
7203353,CVB35.BC,2022-02-14,Reparado,0,0,0.0,0,0
7203353,CVB35.BC,2023-08-30,Reparado / Garantía Lab,0,0,562.0,562,0
7203354,CVB35.BC,2021-02-11,Reparado,0,0,0.0,0,0
7203354,CVB35.BC,2023-01-15,Reparado / Garantía Lab,0,0,703.0,703,0
7203354,CVB35.BC,2025-08-29,Reparado / Garantía Lab,0,0,957.0,1660,0
7203355,CVB35.BC,2022-12-14,Reparado,0,0,0.0,0,0
7203355,CVB35.BC,2024-09-16,Reparado / Garantía Lab,0,0,642.0,642,0
7203355,CVB35.BC,2025-07-24,Reparado / Garantía Lab,0,1,311.0,953,0
7203356,CVB35.BC,2022-02-14,Reparado,0,0,0.0,0,0
7203356,CVB35.BC,2025-07-15,POD Reparado,0,0,1247.0,1247,1
7203356,CVB35.BC,2025-07-28,Reparado / Garantía Lab,1,1,13.0,1260,1
7203356,CVB35.BC,2025-08-07,Reparado / Garantía Lab,2,2,10.0,1270,0
7203356,CVB35.BC,2025-10-10,Reparado / Garantía Lab,3,3,64.0,1334,1
7203356,CVB35.BC,2025-10-16,Reparado / Garantía Lab,4,4,6.0,1340,0
7203357,CVB35.BC,2021-04-01,Reparado,0,0,0.0,0,0
7203357,CVB35.BC,2022-03-03,Reparado / Garantía Lab,0,1,336.0,336,0
7203357,CVB35.BC,2024-07-03,Reparado / Garantía Lab,0,0,853.0,1189,0
7203360,CVB35.BC,2024-01-24,Reparado,0,0,0.0,0,0
7203362,CVB35.BC,2021-02-08,Reparado,0,0,0.0,0,0
7203362,CVB35.BC,2023-07-16,Reparado / Garantía Lab,0,0,888.0,888,0
7203363,CVB35.BC,2022-10-04,Reparado,0,0,0.0,0,0
7203364,CVB35.BC,2024-08-30,Reparado,0,0,0.0,0,0
7203365,CVB35.BC,2023-10-25,Reparado,0,0,0.0,0,0
7203366,CVB35.BC,2024-05-21,Reparado,0,0,0.0,0,0
7203367,CVB35.BC,2021-04-11,Reparado,0,0,0.0,0,0
7203367,CVB35.BC,2021-06-22,Reparado / Garantía Lab,1,1,72.0,72,0
7203367,CVB35.BC,2021-12-16,Reparado / Garantía Lab,1,2,177.0,249,0
7203367,CVB35.BC,2024-02-19,Reparado / Garantía Lab,0,0,795.0,1044,0
7203368,CVB35.BC,2020-12-05,Reparado,0,0,0.0,0,1
7203368,CVB35.BC,2020-12-12,Reparado,1,1,7.0,7,0
7203368,CVB35.BC,2021-08-23,Reparado / Garantía Lab,0,2,254.0,261,0
7203368,CVB35.BC,2023-12-15,Reparado / Garantía Lab,0,0,844.0,1105,0
7203369,CVB35.BC,2024-05-17,Reparado,0,0,0.0,0,0
7203370,CVB35.BC,2021-12-07,Reparado,0,0,0.0,0,0
7203370,CVB35.BC,2024-04-23,Reparado / Garantía Lab,0,0,868.0,868,0
7203371,CVB35.BC,2022-10-10,Reparado,0,0,0.0,0,0
7203371,CVB35.BC,2025-09-30,Reparado / Garantía Lab,0,0,1086.0,1086,1
7203371,CVB35.BC,2025-10-14,Reparado,1,1,14.0,1100,1
7203371,CVB35.BC,2025-10-17,Reparado / Garantía Lab,2,2,3.0,1103,0
7203372,CVB35.BC,2021-10-06,Reparado,0,0,0.0,0,0
7203372,CVB35.BC,2022-05-05,Reparado / Garantía Lab,0,1,211.0,211,0
7203373,CVB35.BC,2022-02-14,Reparado,0,0,0.0,0,0
7203374,CVB35.BC,2021-10-21,Reparado,0,0,0.0,0,0
7203374,CVB35.BC,2022-07-02,Reparado,0,1,254.0,254,0
7203376,CVB35.BC,2022-02-14,Reparado,0,0,0.0,0,0
7203377,CVB35.BC,2021-02-11,Reparado,0,0,0.0,0,0
7203377,CVB35.BC,2022-12-07,Reparado / Garantía Lab,0,0,664.0,664,0
7203378,CVB35.BC,2021-09-14,Reparado,0,0,0.0,0,0
7203378,CVB35.BC,2022-03-04,Reparado / Garantía Lab,1,1,171.0,171,1
7203378,CVB35.BC,2022-03-25,Reparado / Garantía Lab,1,2,21.0,192,0
7203378,CVB35.BC,2025-11-25,Reparado / Garantía Lab,0,0,1341.0,1533,0
7203379,CVB35.BC,2021-08-02,Reparado,0,0,0.0,0,0
7203379,CVB35.BC,2025-02-07,Reparado / Garantía Lab,0,0,1285.0,1285,0
7203380,CVB35.BC,2022-02-15,Reparado,0,0,0.0,0,0
7203381,CVB35.BC,2022-12-06,Reparado,0,0,0.0,0,0
7203385,CVB35.BC,2022-02-15,Reparado,0,0,0.0,0,0
7203385,CVB35.BC,2022-03-24,Reparado / Garantía Lab,1,1,37.0,37,0
7203385,CVB35.BC,2024-08-07,Reparado / Garantía Lab,0,0,867.0,904,0
7203386,CVB35.BC,2022-02-18,Reparado,0,0,0.0,0,1
7203386,CVB35.BC,2022-02-25,Reparado / Garantía Lab,1,1,7.0,7,1
7203386,CVB35.BC,2022-03-04,Reparado / Garantía Lab,2,2,7.0,14,0
7203386,CVB35.BC,2022-04-28,Reparado / Garantía Lab,3,3,55.0,69,0
7203386,CVB35.BC,2022-08-23,Reparado / Garantía Lab,3,4,117.0,186,0
7203387,CVB35.BC,2021-12-21,Reparado,0,0,0.0,0,0
7203388,CVB35.BC,2022-11-08,Reparado,0,0,0.0,0,1
7203388,CVB35.BC,2022-11-17,Reparado / Garantía Lab,1,1,9.0,9,1
7203388,CVB35.BC,2022-11-22,Reparado / Garantía Lab,2,2,5.0,14,0
7203389,CVB35.BC,2021-06-24,Reparado,0,0,0.0,0,0
7203389,CVB35.BC,2021-12-09,Reparado,1,1,168.0,168,0
7203389,CVB35.BC,2022-03-11,Reparado / Garantía Lab,1,2,92.0,260,0
7203389,CVB35.BC,2024-03-26,Reparado / Garantía Lab,0,0,746.0,1006,0
7203390,CVB35.BC,2022-02-15,Reparado,0,0,0.0,0,1
7203390,CVB35.BC,2022-02-23,Reparado / Garantía Lab,1,1,8.0,8,0
7203391,CVB35.BC,2024-04-16,Reparado,0,0,0.0,0,0
7203392,CVB45.BC,2021-12-09,Reparado,0,0,0.0,0,0
7203392,CVB35.BC,2024-08-30,Reparado / Garantía Lab,0,0,995.0,995,0
7203393,CVB35.BC,2021-08-12,Reparado,0,0,0.0,0,0
7203393,CVB35.BC,2025-11-25,Reparado / Garantía Lab,0,0,1566.0,1566,0
7203394,CVB35.BC,2022-09-22,Reparado,0,0,0.0,0,0
7203394,CVB35.BC,2025-09-02,Reparado / Garantía Lab,0,0,1076.0,1076,1
7203394,CVB35.BC,2025-09-12,Reparado / Garantía Lab,1,1,10.0,1086,1
7203394,CVB35.BC,2025-10-07,Reparado / Garantía Lab,2,2,25.0,1111,0
7203394,CVB35.BC,2025-11-24,Reparado / Garantía Lab,3,3,48.0,1159,0
7203395,CVB35.BC,2024-07-15,Reparado,0,0,0.0,0,0
7203396,CVB35.BC,2021-02-08,Reparado,0,0,0.0,0,0
7203396,CVB35.BC,2021-10-21,Reparado,0,1,255.0,255,0
7203397,CVB35.BC,2022-05-18,Reparado,0,0,0.0,0,1
7203397,CVB35.BC,2022-05-31,Reparado / Garantía Lab,1,1,13.0,13,1
7203397,CVB35.BC,2022-06-27,Reparado / Garantía Lab,2,2,27.0,40,0
7203397,CVB35.BC,2024-04-09,Reparado / Garantía Lab,0,0,652.0,692,0
7203397,CVB35.BC,2025-07-18,Reparado / Garantía Lab,0,0,465.0,1157,0
7203398,CVB35.BC,2021-05-10,Reparado,0,0,0.0,0,1
7203398,CVB35.BC,2021-05-20,Reparado / Garantía Lab,1,1,10.0,10,0
7203398,CVB35.BC,2021-12-01,Reparado / Garantía Lab,0,2,195.0,205,1
7203398,CVB35.BC,2021-12-03,Reparado / Garantía Lab,1,3,2.0,207,0
7203399,CVB35.BC,2021-02-08,Reparado,0,0,0.0,0,0
7203399,CVB35.BC,2025-10-20,Reparado / Garantía Lab,0,0,1715.0,1715,0
7203400,CVB35.BC,2021-02-09,Reparado,0,0,0.0,0,1
7203400,CVB35.BC,2021-02-16,Reparado / Garantía Lab,1,1,7.0,7,0
7203400,CVB35.BC,2021-12-14,Reparado / Garantía Lab,0,2,301.0,308,1
7203400,CVB35.BC,2022-01-13,Reparado / Garantía Lab,1,3,30.0,338,0
7203400,CVB35.BC,2023-06-02,Reparado / Garantía Lab,0,0,505.0,843,1
7203400,CVB35.BC,2023-06-07,Reparado / Garantía Lab,1,1,5.0,848,1
7203400,CVB35.BC,2023-06-12,Reparado / Garantía Lab,2,2,5.0,853,1
7203400,CVB35.BC,2023-06-19,Reparado / Garantía Lab,3,3,7.0,860,1
7203400,CVB35.BC,2023-06-20,Reparado / Garantía Lab,4,4,1.0,861,0
7203400,CVB35.BC,2023-10-25,Reparado / Garantía Lab,5,5,127.0,988,0
7203400,CVB35.BC,2024-06-12,POD Reparado,0,3,231.0,1219,0
7203401,CVB35.BC,2023-05-23,Reparado,0,0,0.0,0,0
7203402,CVB35.BC,2021-09-29,Reparado,0,0,0.0,0,0
7203402,CVB35.BC,2024-05-21,Reparado / Garantía Lab,0,0,965.0,965,0
7203403,CVB35.BC,2022-10-24,POD Reparado,0,0,0.0,0,1
7203403,CVB35.BC,2022-11-23,Reparado / Garantía Lab,1,1,30.0,30,0
7203404,CVB35.BC,2023-07-13,Reparado,0,0,0.0,0,0
7203404,CVB35.BC,2024-04-05,Reparado / Garantía Lab,0,1,267.0,267,0
7203405,CVB35.BC,2024-06-27,Reparado,0,0,0.0,0,0
7203406,CVB35.BC,2021-02-11,Reparado,0,0,0.0,0,0
7203406,CVB35.BC,2022-08-24,Reparado / Garantía Lab,0,0,559.0,559,0
7203407,CVB35.BC,2021-11-17,Reparado,0,0,0.0,0,0
7203407,CVB35.BC,2022-08-04,Reparado,0,1,260.0,260,0
7203407,CVB35.BC,2025-08-11,Reparado / Garantía Lab,0,0,1103.0,1363,0
7203408,CVB35.BC,2021-11-24,Reparado,0,0,0.0,0,0
7203409,CVB35.BC,2022-06-12,Reparado,0,0,0.0,0,0
7203409,CVB35.BC,2025-11-21,Reparado / Garantía Lab,0,0,1258.0,1258,0
7203410,CVB35.BC,2022-08-12,Reparado,0,0,0.0,0,0
7203410,CVB35.BC,2024-08-07,Reparado / Garantía Lab,0,0,726.0,726,0
7203411,CVB35.BC,2022-11-08,Reparado,0,0,0.0,0,0
7203413,CVB35.BC,2021-12-24,Reparado,0,0,0.0,0,0
7203413,CVB35.BC,2025-02-24,Reparado / Garantía Lab,0,0,1158.0,1158,0
7203413,CVB35.BC,2025-04-28,Reparado / Garantía Lab,1,1,63.0,1221,1
7203413,CVB35.BC,2025-04-30,Reparado / Garantía Lab,2,2,2.0,1223,0
7203413,CVB35.BC,2025-07-02,Reparado / Garantía Lab,3,3,63.0,1286,1
7203413,CVB35.BC,2025-07-07,Reparado / Garantía Lab,4,4,5.0,1291,1
7203413,CVB35.BC,2025-07-10,Reparado / Garantía Lab,5,5,3.0,1294,1
7203413,CVB35.BC,2025-07-15,Reparado / Garantía Lab,6,6,5.0,1299,0
7203413,CVB35.BC,2025-10-03,Reparado / Garantía Lab,6,7,80.0,1379,0
7203414,CVB35.BC,2022-03-17,Reparado,0,0,0.0,0,0
7203415,CVB35.BC,2021-05-29,Reparado,0,0,0.0,0,0
7203415,CVB35.BC,2024-07-16,Reparado / Garantía Lab,0,0,1144.0,1144,1
7203415,CVB35.BC,2024-07-22,Reparado / Garantía Lab,1,1,6.0,1150,0
7203416,CVB35.BC,2022-01-18,Reparado,0,0,0.0,0,0
7203416,CVB35.BC,2023-10-05,Reparado / Garantía Lab,0,0,625.0,625,0
7203416,CVB35.BC,2025-11-25,Reparado / Garantía Lab,0,0,782.0,1407,0
7203417,CVB35.BC,2020-12-22,Reparado,0,0,0.0,0,0
7203417,CVB35.BC,2021-07-05,Reparado / Garantía Lab,0,1,195.0,195,1
7203417,CVB35.BC,2021-07-09,Reparado / Garantía Lab,1,2,4.0,199,0
7203417,CVB35.BC,2021-09-02,Reparado / Garantía Lab,2,3,55.0,254,0
7203417,CVB35.BC,2022-03-07,Reparado / Garantía Lab,0,3,186.0,440,1
7203417,CVB35.BC,2022-03-10,Reparado,1,4,3.0,443,0
7203417,CVB35.BC,2024-02-03,Reparado / Garantía Lab,0,0,695.0,1138,0
7203417,CVB35.BC,2024-04-22,Reparado / Garantía Lab,1,1,79.0,1217,0
7203417,CVB35.BC,2025-06-27,Reparado / Garantía Lab,0,0,431.0,1648,0
7203417,CVB35.BC,2025-08-20,Reparado / Garantía Lab,1,1,54.0,1702,0
7203418,CVB35.BC,2025-02-18,Reparado / Garantía Lab,0,0,0.0,0,1
7203418,CVB35.BC,2025-02-20,Reparado / Garantía Lab,1,1,2.0,2,1
7203418,CVB35.BC,2025-02-24,Reparado / Garantía Lab,2,2,4.0,6,0
7203419,CVB35.BC,2021-07-15,Reparado,0,0,0.0,0,0
7203420,CVB35.BC,2021-07-23,Reparado,0,0,0.0,0,0
7203420,CVB35.BC,2023-10-13,Reparado / Garantía Lab,0,0,812.0,812,1
7203420,CVB35.BC,2023-10-23,Reparado / Garantía Lab,1,1,10.0,822,0
7203420,CVB35.BC,2025-09-08,Reparado / Garantía Lab,0,0,686.0,1508,0
7203422,CVB35.BC,2021-02-28,Reparado,0,0,0.0,0,0
7203423,CVB35.BC,2022-08-11,Reparado,0,0,0.0,0,0
7203423,CVB35.BC,2022-12-12,Reparado / Garantía Lab,1,1,123.0,123,0
7203425,CVB35.BC,2021-11-06,Reparado,0,0,0.0,0,0
7203426,CVB35.BC,2021-12-09,Reparado,0,0,0.0,0,0
7203427,CVB35.BC,2021-08-26,Reparado,0,0,0.0,0,0
7203427,CVB35.BC,2022-05-28,Reparado,0,1,275.0,275,0
7203427,CVB35.BC,2024-11-05,Reparado / Garantía Lab,0,0,892.0,1167,0
7203427,CVB35.BC,2025-06-25,Reparado / Garantía Lab,0,1,232.0,1399,0
7203429,CVB35.BC,2022-03-26,Reparado,0,0,0.0,0,0
7203430,CVB35.BC,2022-02-12,Reparado,0,0,0.0,0,1
7203430,CVB35.BC,2022-02-17,Reparado / Garantía Lab,1,1,5.0,5,1
7203430,CVB35.BC,2022-02-28,Reparado / Garantía Lab,2,2,11.0,16,1
7203430,CVB35.BC,2022-03-04,Reparado / Garantía Lab,3,3,4.0,20,0
7203431,CVB35.BC,2022-02-14,Reparado,0,0,0.0,0,0
7203431,CVB35.BC,2024-01-04,Reparado / Garantía Lab,0,0,689.0,689,0
7203431,CVB35.BC,2024-07-12,Reparado / Garantía Lab,0,1,190.0,879,0
7203432,CVB35.BC,2022-06-21,Reparado,0,0,0.0,0,0
7203432,CVB35.BC,2023-09-21,Reparado / Garantía Lab,0,0,457.0,457,0
7203433,CVB35.BC,2020-01-28,Reparado / Garantía Lab,0,0,0.0,0,0
7203433,CVB35.BC,2021-02-27,Reparado,0,0,396.0,396,0
7203433,CVB35.BC,2022-07-11,Reparado / Garantía Lab,0,0,499.0,895,0
7203433,CVB35.BC,2025-09-05,Reparado / Garantía Lab,0,0,1152.0,2047,0
7203435,CVB35.BC,2022-11-26,Reparado,0,0,0.0,0,0
7203435,CVB35.BC,2025-01-08,Reparado / Garantía Lab,0,0,774.0,774,0
7203435,CVB35.BC,2025-10-15,Reparado / Garantía Lab,0,1,280.0,1054,0
7203436,CVB35.BC,2021-11-03,Reparado,0,0,0.0,0,0
7203436,CVB35.BC,2022-03-13,Reparado / Garantía Lab,1,1,130.0,130,1
7203436,CVB35.BC,2022-03-25,Reparado / Garantía Lab,2,2,12.0,142,0
7203437,CVB35.BC,2022-12-05,Reparado,0,0,0.0,0,0
7203437,CVB35.BC,2025-11-07,Reparado / Garantía Lab,0,0,1068.0,1068,0
7203438,CVB35.BC,2021-03-24,POD,0,0,0.0,0,1
7203438,CVB35.BC,2021-03-24,POD Reparado,0,0,0.0,0,1
7203438,CVB35.BC,2021-03-25,Reparado,2,2,1.0,1,0
7203438,CVB35.BC,2021-11-17,Reparado / Garantía Lab,0,3,237.0,238,0
7203439,CVB35.BC,2019-09-25,Reparado,0,0,0.0,0,0
7203439,CVB35.BC,2021-03-19,Reparado / Garantía Lab,0,0,541.0,541,0
7203439,CVB35.BC,2023-06-29,Reparado,0,0,832.0,1373,0
7203441,CVB35.BC,2021-01-28,Reparado,0,0,0.0,0,0
7203441,CVB35.BC,2023-06-08,Reparado / Garantía Lab,0,0,861.0,861,0
7203441,CVB35.BC,2025-08-04,POD Reparado,0,0,788.0,1649,0
7203442,CVB35.BC,2021-06-08,Reparado,0,0,0.0,0,1
7203442,CVB35.BC,2021-06-18,Reparado / Garantía Lab,1,1,10.0,10,0
7203442,CVB35.BC,2021-11-26,Reparado / Garantía Lab,2,2,161.0,171,0
7203442,CVB35.BC,2022-03-18,Reparado / Garantía Lab,1,3,112.0,283,0
7203444,CVB35.BC,2021-10-09,Reparado,0,0,0.0,0,0
7203444,CVB35.BC,2022-05-27,Reparado / Garantía Lab,0,1,230.0,230,0
7203447,CVB35.BC,2024-01-11,Reparado / Garantía Lab,0,0,0.0,0,1
7203447,CVB35.BC,2024-01-17,Reparado / Garantía Lab,1,1,6.0,6,0
7203448,CVB35.BC,2021-08-05,Reparado,0,0,0.0,0,0
7203450,CVB35.BC,2021-12-16,Reparado,0,0,0.0,0,0
7203450,CVB35.BC,2025-08-21,Reparado / Garantía Lab,0,0,1344.0,1344,0
7203451,CVB35.BC,2021-06-10,Reparado,0,0,0.0,0,0
7203451,CVB35.BC,2022-07-12,Reparado / Garantía Lab,0,0,397.0,397,0
7203452,CVB35.BC,2024-06-27,Reparado,0,0,0.0,0,0
7203453,CVB35.BC,2021-10-02,Reparado,0,0,0.0,0,0
7203453,CVB35.BC,2023-05-30,Reparado / Garantía Lab,0,0,605.0,605,0
7203453,CVB35.BC,2025-10-02,Reparado / Garantía Lab,0,0,856.0,1461,0
7203454,CVB35.BC,2021-10-04,Reparado,0,0,0.0,0,0
7203454,CVB35.BC,2025-08-26,Reparado / Garantía Lab,0,0,1422.0,1422,0
7203456,CVB35.BC,2022-10-23,Reparado,0,0,0.0,0,0
7203456,CVB35.BC,2022-11-23,Reparado / Garantía Lab,1,1,31.0,31,0
7203457,CVB35.BC,2021-03-09,Reparado,0,0,0.0,0,0
7203457,CVB35.BC,2023-05-05,Reparado / Garantía Lab,0,0,787.0,787,0
7203457,CVB35.BC,2024-05-21,Reparado / Garantía Lab,0,0,382.0,1169,0
7203458,CVB35.BC,2022-08-10,Reparado,0,0,0.0,0,1
7203458,CVB35.BC,2022-09-01,Reparado,1,1,22.0,22,0
7203460,CVB35.BC,2022-11-30,Reparado,0,0,0.0,0,0
7203461,CVB35.BC,2021-12-21,Reparado,0,0,0.0,0,0
7203461,CVB35.BC,2024-07-21,Reparado / Garantía Lab,0,0,943.0,943,1
7203461,CVB35.BC,2024-07-30,Reparado / Garantía Lab,1,1,9.0,952,1
7203461,CVB35.BC,2024-08-01,Reparado / Garantía Lab,2,2,2.0,954,0
7203462,CVB35.BC,2024-02-09,Reparado,0,0,0.0,0,0
7203463,CVB35.BC,2024-02-23,Reparado,0,0,0.0,0,0
7203464,CVB35.BC,2023-09-08,Reparado,0,0,0.0,0,0
7203464,CVB35.BC,2025-08-25,Reparado / Garantía Lab,0,0,717.0,717,0
7203465,CVB35.BC,2022-08-05,Reparado,0,0,0.0,0,0
7203465,CVB35.BC,2024-06-17,Reparado / Garantía Lab,0,0,682.0,682,0
7203466,CVB35.BC,2022-11-02,Reparado,0,0,0.0,0,0
7203467,CVB35.BC,2022-11-07,Reparado,0,0,0.0,0,0
7203467,CVB35.BC,2024-02-12,Reparado / Garantía Lab,0,0,462.0,462,0
7203468,CVB35.BC,2022-03-02,Reparado / Garantía Lab,0,0,0.0,0,0
7203468,CVB35.BC,2023-09-11,Reparado / Garantía Lab,0,0,558.0,558,0
7203469,CVB35.BC,2021-11-11,Reparado,0,0,0.0,0,0
7203469,CVB35.BC,2025-01-09,Reparado / Garantía Lab,0,0,1155.0,1155,0
7203470,CVB35.BC,2021-02-06,Reparado,0,0,0.0,0,0
7203470,CVB35.BC,2022-03-09,Reparado / Garantía Lab,0,0,396.0,396,0
7203470,CVB35.BC,2022-05-05,Reparado / Garantía Lab,1,1,57.0,453,1
7203470,CVB35.BC,2022-05-12,Reparado / Garantía Lab,2,2,7.0,460,0
7203470,CVB35.BC,2022-07-02,Reparado / Garantía Lab,3,3,51.0,511,0
7203471,CVB35.BC,2025-11-13,Reparado,0,0,0.0,0,0
7203472,CVB35.BC,2025-05-09,Reparado,0,0,0.0,0,0
7203473,CVB35.BC,2022-12-06,Reparado,0,0,0.0,0,0
7203473,CVB35.BC,2023-06-29,Reparado,0,1,205.0,205,0
7203473,CVB35.BC,2025-03-18,Reparado / Garantía Lab,0,0,628.0,833,0
7203474,CVB35.BC,2022-02-18,Reparado,0,0,0.0,0,1
7203474,CVB35.BC,2022-02-24,Reparado / Garantía Lab,1,1,6.0,6,1
7203474,CVB35.BC,2022-03-04,Reparado / Garantía Lab,2,2,8.0,14,0
7203476,CVB35.BC,2024-06-19,Reparado,0,0,0.0,0,0
7203478,CVB35.BC,2023-05-22,Reparado,0,0,0.0,0,0
7203478,CVB35.BC,2024-01-05,Reparado / Garantía Lab,0,1,228.0,228,0
7203478,CVB35.BC,2025-08-04,Reparado / Garantía Lab,0,0,577.0,805,0
7203479,CVB35.BC,2025-01-16,Reparado,0,0,0.0,0,1
7203479,CVB35.BC,2025-02-06,Reparado / Garantía Lab,1,1,21.0,21,0
7203480,CVB35.BC,2022-11-27,Reparado,0,0,0.0,0,0
7203480,CVB35.BC,2024-08-13,Reparado / Garantía Lab,0,0,625.0,625,0
7203480,CVB35.BC,2025-08-27,Reparado / Garantía Lab,0,0,379.0,1004,0
7203481,CVB35.BC,2022-09-17,Reparado,0,0,0.0,0,0
7203482,CVB35.BC,2022-04-07,Reparado,0,0,0.0,0,0
7203483,CVB35.BC,2021-02-17,Reparado,0,0,0.0,0,1
7203483,CVB35.BC,2021-02-18,Reparado,1,1,1.0,1,0
7203483,CVB35.BC,2025-02-14,Reparado / Garantía Lab,0,0,1457.0,1458,0
7203484,CVB35.BC,2021-02-18,Reparado,0,0,0.0,0,1
7203484,CVB35.BC,2021-02-26,Reparado / Garantía Lab,1,1,8.0,8,1
7203484,CVB35.BC,2021-03-10,Reparado / Garantía Lab,2,2,12.0,20,0
7203484,CVB35.BC,2021-05-26,Reparado / Garantía Lab,3,3,77.0,97,0
7203484,CVB35.BC,2021-10-01,Reparado / Garantía Lab,1,4,128.0,225,0
7203484,CVB35.BC,2021-11-24,Reparado / Garantía Lab,1,5,54.0,279,0
7203484,CVB35.BC,2024-05-23,Reparado / Garantía Lab,0,0,911.0,1190,1
7203484,CVB35.BC,2024-05-29,Reparado / Garantía Lab,1,1,6.0,1196,0
7203487,CVB35.BC,2022-12-05,Reparado,0,0,0.0,0,0
7203488,CVB35.BC,2021-09-22,Reparado,0,0,0.0,0,1
7203488,CVB35.BC,2021-10-07,Reparado / Garantía Lab,1,1,15.0,15,0
7203488,CVB35.BC,2023-02-17,Reparado / Garantía Lab,0,0,498.0,513,0
7203488,CVB35.BC,2025-09-16,Reparado / Garantía Lab,0,0,942.0,1455,0
7203489,CVB35.BC,2022-08-03,Reparado,0,0,0.0,0,0
7203489,CVB35.BC,2025-10-27,Reparado / Garantía Lab,0,0,1181.0,1181,0
7203490,CVB35.BC,2021-10-02,Reparado,0,0,0.0,0,0
7203490,CVB35.BC,2025-11-13,Reparado / Garantía Lab,0,0,1503.0,1503,0
7203491,CVB35.BC,2023-05-24,Reparado,0,0,0.0,0,0
7203492,CVB35.BC,2022-02-08,Reparado,0,0,0.0,0,0
7203492,CVB35.BC,2024-08-30,Reparado / Garantía Lab,0,0,934.0,934,0
7203492,CVB35.BC,2025-11-21,Reparado / Garantía Lab,0,0,448.0,1382,0
7203493,CVB35.BC,2024-10-21,Reparado,0,0,0.0,0,0
7203494,CVB35.BC,2022-11-11,Reparado,0,0,0.0,0,0
7203494,CVB35.BC,2023-03-01,Reparado / Garantía Lab,1,1,110.0,110,0
7203494,CVB35.BC,2023-08-10,Reparado / Garantía Lab,1,2,162.0,272,0
7203495,CVB35.BC,2021-11-14,Reparado,0,0,0.0,0,0
7203495,CVB35.BC,2023-03-29,Reparado,0,0,500.0,500,0
7203495,CVB35.BC,2023-07-25,Reparado / Garantía Lab,1,1,118.0,618,0
7203495,CVB35.BC,2024-03-18,Reparado / Garantía Lab,0,2,237.0,855,0
7203496,CVB35.BC,2023-09-22,Reparado,0,0,0.0,0,0
7203497,CVB35.BC,2022-11-22,Reparado,0,0,0.0,0,0
7203499,CVB35.BC,2022-11-02,Reparado,0,0,0.0,0,0
7203500,CVB35.BC,2021-06-30,Reparado,0,0,0.0,0,0
7203500,CVB35.BC,2022-02-16,Reparado / Garantía Lab,0,1,231.0,231,0
7203500,CVB35.BC,2025-09-02,Reparado / Garantía Lab,0,0,1294.0,1525,0
7203501,CVB35.BC,2022-02-27,Reparado,0,0,0.0,0,0
7203501,CVB35.BC,2023-11-01,Reparado / Garantía Lab,0,0,612.0,612,0
7203501,CVB35.BC,2024-08-12,Reparado / Garantía Lab,0,1,285.0,897,0
7203502,CVB35.BC,2022-01-04,Reparado,0,0,0.0,0,0
7203502,CVB35.BC,2022-02-17,Reparado / Garantía Lab,1,1,44.0,44,0
7203503,CVB35.BC,2022-08-24,Reparado,0,0,0.0,0,0
7203503,CVB35.BC,2022-11-22,Reparado / Garantía Lab,1,1,90.0,90,1
7203503,CVB35.BC,2022-11-29,Reparado / Garantía Lab,2,2,7.0,97,0
7203504,CVB35.BC,2022-03-31,Reparado,0,0,0.0,0,0
7203504,CVB35.BC,2025-09-30,Reparado / Garantía Lab,0,0,1279.0,1279,0
7203505,CVB35.BC,2022-02-18,Reparado,0,0,0.0,0,0
7203505,CVB35.BC,2022-04-13,Reparado / Garantía Lab,1,1,54.0,54,0
7203506,CVB35.BC,2022-12-06,Reparado,0,0,0.0,0,0
7203506,CVB35.BC,2025-12-05,Proceso,0,0,1095.0,1095,0
7203508,CVB35.BC,2022-06-01,POD Reparado,0,0,0.0,0,0
7203508,CVB35.BC,2023-02-03,Reparado / Garantía Lab,0,1,247.0,247,0
7203511,CVB35.BC,2021-07-20,Reparado,0,0,0.0,0,0
7203511,CVB35.BC,2022-07-18,Reparado / Garantía Lab,0,1,363.0,363,0
7203511,CVB35.BC,2024-06-18,Reparado / Garantía Lab,0,0,701.0,1064,0
7203513,CVB35.BC,2022-11-18,Reparado,0,0,0.0,0,0
7203514,CVB35.BC,2025-07-14,Reparado,0,0,0.0,0,0
7203515,CVB35.BC,2025-11-26,Reparado / Garantía Lab,0,0,0.0,0,0
7203517,CVB35.BC,2021-05-28,POD,0,0,0.0,0,0
7203517,CVB35.BC,2021-05-28,POD Reparado,0,0,0.0,0,0
7203517,CVB35.BC,2024-09-11,Reparado / Garantía Lab,0,0,1202.0,1202,0
7203517,CVB35.BC,2025-07-08,Reparado / Garantía Lab,0,1,300.0,1502,1
7203517,CVB35.BC,2025-07-25,Reparado / Garantía Lab,1,2,17.0,1519,0
7203517,CVB35.BC,2025-09-11,Reparado / Garantía Lab,2,3,48.0,1567,0
7203518,CVB35.BC,2021-07-23,Reparado,0,0,0.0,0,0
7203518,CVB35.BC,2023-11-07,Reparado / Garantía Lab,0,0,837.0,837,1
7203518,CVB35.BC,2023-11-09,Reparado / Garantía Lab,1,1,2.0,839,0
7203518,CVB35.BC,2025-06-27,Reparado / Garantía Lab,0,0,596.0,1435,0
7203519,CVB35.BC,2022-02-22,Reparado,0,0,0.0,0,0
7203519,CVB35.BC,2023-02-27,Reparado / Garantía Lab,0,0,370.0,370,0
7203521,CVB35.BC,2024-08-19,Reparado,0,0,0.0,0,0
7203521,CVB35.BC,2025-09-24,Reparado / Garantía Lab,0,0,401.0,401,0
7203522,CVB35.BC,2025-07-08,Reparado,0,0,0.0,0,0
7203523,CVB35.BC,2021-09-17,Reparado,0,0,0.0,0,0
7203523,CVB35.BC,2023-04-11,Reparado / Garantía Lab,0,0,571.0,571,0
7203523,CVB35.BC,2023-05-12,Reparado / Garantía Lab,1,1,31.0,602,1
7203523,CVB35.BC,2023-05-19,Reparado / Garantía Lab,2,2,7.0,609,1
7203523,CVB35.BC,2023-05-26,Reparado / Garantía Lab,3,3,7.0,616,1
7203523,CVB35.BC,2023-06-01,Reparado / Garantía Lab,4,4,6.0,622,1
7203523,CVB35.BC,2023-06-13,Reparado / Garantía Lab,5,5,12.0,634,0
7203523,CVB35.BC,2025-10-17,Reparado / Garantía Lab,0,0,857.0,1491,1
7203523,CVB35.BC,2025-10-22,Reparado / Garantía Lab,1,1,5.0,1496,1
7203523,CVB35.BC,2025-10-28,Reparado / Garantía Lab,2,2,6.0,1502,0
7203524,CVB35.BC,2021-11-11,Reparado,0,0,0.0,0,0
7203524,CVB35.BC,2024-06-16,Reparado / Garantía Lab,0,0,948.0,948,0
7203524,CVB35.BC,2025-11-19,Reparado / Garantía Lab,0,0,521.0,1469,1
7203524,CVB35.BC,2025-12-02,Reparado / Garantía Lab,1,1,13.0,1482,0
7203525,CVB35.BC,2021-12-21,Reparado,0,0,0.0,0,0
7203525,CVB35.BC,2025-10-28,Reparado / Garantía Lab,0,0,1407.0,1407,0
7203526,CVB35.BC,2022-02-18,Reparado,0,0,0.0,0,1
7203526,CVB35.BC,2022-03-04,Reparado / Garantía Lab,1,1,14.0,14,1
7203526,CVB35.BC,2022-03-08,Reparado / Garantía Lab,2,2,4.0,18,1
7203526,CVB35.BC,2022-03-25,Reparado / Garantía Lab,3,3,17.0,35,0
7203527,CVB35.BC,2021-01-04,Reparado,0,0,0.0,0,0
7203527,CVB35.BC,2023-08-17,Reparado / Garantía Lab,0,0,955.0,955,0
7203527,CVB35.BC,2024-01-08,Reparado / Garantía Lab,1,1,144.0,1099,0
7203527,CVB35.BC,2024-10-30,Reparado / Garantía Lab,0,1,296.0,1395,0
7203528,CVB35.BC,2022-09-20,Reparado,0,0,0.0,0,0
7203529,CVB35.BC,2025-06-04,Reparado,0,0,0.0,0,0
7203531,CVB35.BC,2023-08-23,Reparado,0,0,0.0,0,0
7203531,CVB35.BC,2024-06-27,Reparado / Garantía Lab,0,1,309.0,309,0
7203533,CVB35.BC,2023-11-06,Reparado,0,0,0.0,0,0
7203534,CVB35.BC,2022-08-05,Reparado,0,0,0.0,0,0
7203534,CVB35.BC,2023-01-16,Reparado / Garantía Lab,1,1,164.0,164,0
7203534,CVB35.BC,2025-06-30,Reparado / Garantía Lab,0,0,896.0,1060,0
7203535,CVB35.BC,2022-02-14,Reparado,0,0,0.0,0,1
7203535,CVB35.BC,2022-03-01,Reparado / Garantía Lab,1,1,15.0,15,0
7203535,CVB35.BC,2022-06-04,Reparado / Garantía Lab,2,2,95.0,110,0
7203536,CVB35.BC,2022-09-03,Reparado,0,0,0.0,0,0
7203537,CVB35.BC,2025-06-04,Reparado / Garantía Lab,0,0,0.0,0,1
7203537,CVB35.BC,2025-06-06,Reparado / Garantía Lab,1,1,2.0,2,1
7203537,CVB35.BC,2025-06-19,Reparado / Garantía Lab,2,2,13.0,15,0
7203538,CVB35.BC,2021-08-30,Reparado,0,0,0.0,0,0
7203538,CVB35.BC,2022-11-23,Reparado / Garantía Lab,0,0,450.0,450,0
7203539,CVB35.BC,2022-02-21,Reparado,0,0,0.0,0,0
7203540,CVB35.BC,2022-05-09,POD Reparado,0,0,0.0,0,0
7203540,CVB35.BC,2022-10-10,POD Reparado,1,1,154.0,154,0
7203541,CVB35.BC,2023-07-26,Reparado,0,0,0.0,0,0
7203542,CVB35.BC,2021-02-12,Reparado,0,0,0.0,0,0
7203542,CVB35.BC,2024-04-03,Reparado / Garantía Lab,0,0,1146.0,1146,0
7203542,CVB35.BC,2025-05-19,Reparado / Garantía Lab,0,0,411.0,1557,0
7203543,CVB35.BC,2022-02-23,Reparado,0,0,0.0,0,1
7203543,CVB35.BC,2022-03-01,Reparado / Garantía Lab,1,1,6.0,6,1
7203543,CVB35.BC,2022-03-25,Reparado / Garantía Lab,2,2,24.0,30,0
7203545,CVB35.BC,2022-02-18,Reparado,0,0,0.0,0,0
7203545,CVB35.BC,2025-11-13,Reparado / Garantía Lab,0,0,1364.0,1364,0
7203546,CVB35.BC,2022-02-24,Reparado,0,0,0.0,0,0
7203547,CVB35.BC,2022-06-01,Reparado,0,0,0.0,0,0
7203547,CVB35.BC,2025-08-22,Reparado / Garantía Lab,0,0,1178.0,1178,0
7203548,CVB35.BC,2022-12-02,Reparado,0,0,0.0,0,1
7203548,CVB35.BC,2022-12-12,Reparado / Garantía Lab,1,1,10.0,10,0
7203548,CVB35.BC,2023-08-31,Reparado / Garantía Lab,0,2,262.0,272,0
7203548,CVB35.BC,2024-06-22,Reparado / Garantía Lab,0,1,296.0,568,0
7203548,CVB35.BC,2024-12-20,Reparado / Garantía Lab,0,1,181.0,749,0
7203549,CVB35.BC,2022-09-14,Reparado,0,0,0.0,0,0
7203550,CVB35.BC,2022-10-17,Reparado,0,0,0.0,0,0
7203550,CVB35.BC,2023-09-13,Reparado / Garantía Lab,0,1,331.0,331,1
7203550,CVB35.BC,2023-09-21,Reparado / Garantía Lab,1,2,8.0,339,0
7203550,CVB35.BC,2024-05-27,Reparado / Garantía Lab,0,2,249.0,588,0
7203555,CVB35.BC,2021-05-25,Reparado,0,0,0.0,0,0
7203555,CVB35.BC,2022-08-19,Reparado / Garantía Lab,0,0,451.0,451,0
7203556,CVB35.BC,2021-02-17,Reparado,0,0,0.0,0,0
7203556,CVB35.BC,2021-05-14,Reparado / Garantía Lab,1,1,86.0,86,1
7203556,CVB35.BC,2021-05-17,Reparado / Garantía Lab,2,2,3.0,89,1
7203556,CVB35.BC,2021-05-22,Reparado / Garantía Lab,3,3,5.0,94,0
7203556,CVB35.BC,2021-08-27,Reparado / Garantía Lab,3,4,97.0,191,0
7203556,CVB35.BC,2022-03-29,Reparado / Garantía Lab,0,4,214.0,405,1
7203556,CVB35.BC,2022-04-04,Reparado / Garantía Lab,1,5,6.0,411,0
7203556,CVB35.BC,2023-07-10,Reparado / Garantía Lab,0,0,462.0,873,0
7203556,CVB35.BC,2023-08-29,Reparado / Garantía Lab,1,1,50.0,923,1
7203556,CVB35.BC,2023-09-01,Reparado / Garantía Lab,2,2,3.0,926,0
7203556,CVB35.BC,2024-08-13,Reparado / Garantía Lab,0,2,347.0,1273,0
7203557,CVB35.BC,2022-10-13,Reparado,0,0,0.0,0,0
7203557,CVB35.BC,2024-04-11,Reparado / Garantía Lab,0,0,546.0,546,0
7203558,CVB35.BC,2022-11-28,Reparado,0,0,0.0,0,0
7203558,CVB35.BC,2025-08-22,Reparado / Garantía Lab,0,0,998.0,998,0
7203559,CVB35.BC,2023-07-19,Reparado / Garantía Lab,0,0,0.0,0,0
7203559,CVB35.BC,2023-10-31,Reparado / Garantía Lab,1,1,104.0,104,0
7203559,CVB35.BC,2024-02-16,Reparado / Garantía Lab,1,2,108.0,212,0
7203560,CVB35.BC,2021-03-25,Reparado,0,0,0.0,0,0
7203560,CVB35.BC,2021-09-02,Reparado / Garantía Lab,1,1,161.0,161,0
7203560,CVB35.BC,2022-04-09,Reparado / Garantía Lab,0,1,219.0,380,0
7203560,CVB35.BC,2024-06-19,Reparado / Garantía Lab,0,0,802.0,1182,0
7203561,CVB35.BC,2020-11-24,Reparado,0,0,0.0,0,0
7203561,CVB35.BC,2021-03-05,Reparado / Garantía Lab,1,1,101.0,101,1
7203561,CVB35.BC,2021-03-16,Reparado / Garantía Lab,2,2,11.0,112,1
7203561,CVB35.BC,2021-03-23,Reparado / Garantía Lab,3,3,7.0,119,0
7203561,CVB35.BC,2024-06-17,Reparado / Garantía Lab,0,0,1182.0,1301,0
7203562,CVB35.BC,2021-02-13,Reparado,0,0,0.0,0,0
7203562,CVB35.BC,2021-08-27,Reparado / Garantía Lab,0,1,195.0,195,0
7203562,CVB35.BC,2022-08-12,Reparado / Garantía Lab,0,1,350.0,545,0
7203562,CVB35.BC,2023-09-01,Reparado / Garantía Lab,0,0,385.0,930,0
7203562,CVB35.BC,2025-02-06,Reparado / Garantía Lab,0,0,524.0,1454,0
7203563,CVB35.BC,2022-02-11,Reparado,0,0,0.0,0,1
7203563,CVB35.BC,2022-02-16,Reparado / Garantía Lab,1,1,5.0,5,1
7203563,CVB35.BC,2022-03-04,Reparado / Garantía Lab,2,2,16.0,21,0
7203563,CVB35.BC,2022-04-10,Reparado / Garantía Lab,3,3,37.0,58,0
7203564,CVB35.BC,2022-09-22,Reparado,0,0,0.0,0,0
7203564,CVB35.BC,2025-06-09,Reparado / Garantía Lab,0,0,991.0,991,0
7203565,CVB35.BC,2021-03-19,Reparado,0,0,0.0,0,0
7203565,CVB35.BC,2021-10-28,Reparado / Garantía Lab,0,1,223.0,223,0
7203565,CVB35.BC,2022-11-16,Reparado / Garantía Lab,0,0,384.0,607,0
7203566,CVB35.BC,2021-12-15,Reparado,0,0,0.0,0,0
7203566,CVB35.BC,2022-02-15,Reparado / Garantía Lab,1,1,62.0,62,0
7203566,CVB35.BC,2022-06-13,Reparado / Garantía Lab,2,2,118.0,180,0
7203567,CVB35.BC,2024-03-19,Reparado / Garantía Lab,0,0,0.0,0,1
7203567,CVB35.BC,2024-03-31,Reparado / Garantía Lab,1,1,12.0,12,0
7203567,CVB35.BC,2025-01-28,Reparado / Garantía Lab,0,2,303.0,315,1
7203567,CVB35.BC,2025-01-30,Reparado / Garantía Lab,1,3,2.0,317,1
7203567,CVB35.BC,2025-02-06,Reparado / Garantía Lab,2,4,7.0,324,0
7203569,CVB35.BC,2022-02-08,Reparado,0,0,0.0,0,0
7203570,CVB35.BC,2021-10-09,Reparado,0,0,0.0,0,0
7203570,CVB35.BC,2024-03-01,Reparado / Garantía Lab,0,0,874.0,874,1
7203570,CVB35.BC,2024-03-11,Reparado / Garantía Lab,1,1,10.0,884,1
7203570,CVB35.BC,2024-03-26,Reparado / Garantía Lab,2,2,15.0,899,0
7203570,CVB35.BC,2024-08-22,Reparado / Garantía Lab,3,3,149.0,1048,1
7203570,CVB35.BC,2024-08-27,Reparado / Garantía Lab,4,4,5.0,1053,0
7203570,CVB35.BC,2024-12-31,Reparado / Garantía Lab,2,5,126.0,1179,0
7203570,CVB35.BC,2025-03-31,Reparado / Garantía Lab,1,3,90.0,1269,1
7203570,CVB35.BC,2025-04-02,Reparado / Garantía Lab,2,4,2.0,1271,0
7203570,CVB35.BC,2025-10-14,Reparado,0,3,195.0,1466,1
7203570,CVB35.BC,2025-10-17,Reparado / Garantía Lab,1,4,3.0,1469,0
7203571,CVB35.BC,2023-08-12,Reparado,0,0,0.0,0,0
7203572,CVB35.BC,2022-09-08,Reparado,0,0,0.0,0,0
7203572,CVB35.BC,2022-11-23,Reparado / Garantía Lab,1,1,76.0,76,0
7203573,CVB35.BC,2025-03-17,Reparado,0,0,0.0,0,0
7203574,CVB35.BC,2021-01-28,Reparado,0,0,0.0,0,0
7203574,CVB35.BC,2022-09-17,Reparado / Garantía Lab,0,0,597.0,597,0
7203574,CVB35.BC,2024-03-18,Reparado / Garantía Lab,0,0,548.0,1145,0
7203574,CVB35.BC,2024-05-15,Reparado / Garantía Lab,1,1,58.0,1203,0
7203574,CVB35.BC,2025-10-27,Reparado / Garantía Lab,0,0,530.0,1733,0
7203575,CVB35.BC,2021-06-05,Reparado,0,0,0.0,0,1
7203575,CVB35.BC,2021-06-22,Reparado / Garantía Lab,1,1,17.0,17,0
7203575,CVB35.BC,2025-06-12,Reparado / Garantía Lab,0,0,1451.0,1468,0
7203575,CVB35.BC,2025-07-23,Reparado / Garantía Lab,1,1,41.0,1509,1
7203575,CVB35.BC,2025-07-28,Reparado / Garantía Lab,2,2,5.0,1514,0
7203575,CVB35.BC,2025-10-23,Reparado / Garantía Lab,3,3,87.0,1601,1
7203575,CVB35.BC,2025-10-28,Reparado / Garantía Lab,4,4,5.0,1606,0
7203577,CVB35.BC,2022-02-18,Reparado,0,0,0.0,0,0
7203577,CVB35.BC,2025-10-10,Reparado / Garantía Lab,0,0,1330.0,1330,0
7203578,CVB35.BC,2021-07-02,Reparado,0,0,0.0,0,1
7203578,CVB35.BC,2021-07-12,Reparado / Garantía Lab,1,1,10.0,10,0
7203578,CVB35.BC,2021-09-02,Reparado / Garantía Lab,2,2,52.0,62,0
7203579,CVB35.BC,2021-08-17,Reparado,0,0,0.0,0,0
7203579,CVB35.BC,2024-05-27,Reparado / Garantía Lab,0,0,1014.0,1014,0
7203579,CVB35.BC,2025-05-22,Reparado,0,1,360.0,1374,1
7203579,CVB35.BC,2025-06-05,Reparado / Garantía Lab,1,1,14.0,1388,0
7203580,CVB35.BC,2021-02-12,Reparado,0,0,0.0,0,0
7203580,CVB35.BC,2024-02-09,Reparado / Garantía Lab,0,0,1092.0,1092,0
7203580,CVB35.BC,2025-03-20,Reparado / Garantía Lab,0,0,405.0,1497,0
7203581,CVB35.BC,2024-01-08,Reparado / Garantía Lab,0,0,0.0,0,0
7203581,CVB35.BC,2024-02-19,Reparado / Garantía Lab,1,1,42.0,42,0
7203581,CVB35.BC,2025-04-02,Reparado / Garantía Lab,0,0,408.0,450,0
7203581,CVB35.BC,2025-07-24,POD Reparado,1,1,113.0,563,0
7203582,CVB35.BC,2024-11-04,Reparado,0,0,0.0,0,0
7203584,CVB35.BC,2021-05-04,Reparado,0,0,0.0,0,0
7203584,CVB35.BC,2023-03-02,Reparado / Garantía Lab,0,0,667.0,667,0
7203584,CVB35.BC,2023-10-12,Reparado / Garantía Lab,0,1,224.0,891,0
7203585,CVB35.BC,2022-02-14,Reparado,0,0,0.0,0,0
7203585,CVB35.BC,2023-03-05,POD Reparado,0,0,384.0,384,0
7203586,CVB35.BC,2021-10-04,Reparado,0,0,0.0,0,0
7203586,CVB35.BC,2022-03-13,Reparado / Garantía Lab,1,1,160.0,160,0
7203586,CVB35.BC,2025-05-06,Reparado / Garantía Lab,0,0,1150.0,1310,1
7203586,CVB35.BC,2025-05-09,Reparado / Garantía Lab,1,1,3.0,1313,0
7203586,CVB35.BC,2025-10-02,Reparado / Garantía Lab,2,2,146.0,1459,1
7203586,CVB35.BC,2025-10-16,Reparado / Garantía Lab,3,3,14.0,1473,1
7203586,CVB35.BC,2025-11-04,Reparado / Garantía Lab,3,4,19.0,1492,0
7203588,CVB35.BC,2022-02-19,Reparado,0,0,0.0,0,0
7203588,CVB35.BC,2023-09-09,Reparado / Garantía Lab,0,0,567.0,567,0
7203588,CVB35.BC,2025-03-20,Reparado / Garantía Lab,0,0,558.0,1125,0
7203588,CVB35.BC,2025-10-07,Reparado / Garantía Lab,0,1,201.0,1326,1
7203588,CVB35.BC,2025-11-03,Reparado / Garantía Lab,1,2,27.0,1353,0
7203589,CVB35.BC,2022-05-16,Reparado,0,0,0.0,0,0
7203590,CVB35.BC,2022-02-16,Reparado,0,0,0.0,0,0
7203591,CVB35.BC,2022-02-14,Reparado,0,0,0.0,0,0
7203591,CVB35.BC,2024-08-12,Reparado / Garantía Lab,0,0,910.0,910,0
7203592,CVB45.BC,2024-01-06,Reparado,0,0,0.0,0,0
7203592,CVB35.BC,2025-02-10,Reparado / Garantía Lab,0,0,401.0,401,1
7203592,CVB35.BC,2025-02-14,Reparado / Garantía Lab,1,1,4.0,405,0
7203593,CVB35.BC,2022-05-16,Reparado,0,0,0.0,0,0
7203593,CVB35.BC,2024-02-08,Reparado / Garantía Lab,0,0,633.0,633,0
7203594,CVB35.BC,2021-03-08,Reparado,0,0,0.0,0,0
7203594,CVB35.BC,2021-08-30,Reparado / Garantía Lab,1,1,175.0,175,0
7203595,CVB35.BC,2024-08-12,Reparado,0,0,0.0,0,0
7203596,CVB35.BC,2024-07-07,Reparado,0,0,0.0,0,0
7203597,CVB35.BC,2022-02-13,Reparado,0,0,0.0,0,1
7203597,CVB35.BC,2022-02-24,Reparado / Garantía Lab,1,1,11.0,11,0
7203597,CVB35.BC,2022-04-09,Reparado / Garantía Lab,2,2,44.0,55,0
7203598,CVB35.BC,2021-11-26,Reparado,0,0,0.0,0,0
7203598,CVB35.BC,2022-01-27,Reparado / Garantía Lab,1,1,62.0,62,1
7203598,CVB35.BC,2022-02-09,Reparado / Garantía Lab,2,2,13.0,75,1
7203598,CVB35.BC,2022-02-25,Reparado / Garantía Lab,3,3,16.0,91,0
7203600,CVB35.BC,2022-02-15,Reparado,0,0,0.0,0,0
7203600,CVB35.BC,2022-09-07,Reparado / Garantía Lab,0,1,204.0,204,0
7203600,CVB35.BC,2025-04-02,Reparado / Garantía Lab,0,0,938.0,1142,0
7203600,CVB35.BC,2025-07-29,Reparado / Garantía Lab,1,1,118.0,1260,0
7203601,CVB35.BC,2025-07-07,Reparado,0,0,0.0,0,0
7203602,CVB35.BC,2022-04-21,Reparado,0,0,0.0,0,0
7203603,CVB35.BC,2021-10-01,Reparado,0,0,0.0,0,0
7203604,CVB35.BC,2022-09-05,Reparado,0,0,0.0,0,0
7203604,CVB35.BC,2023-09-28,Reparado / Garantía Lab,0,0,388.0,388,0
7203604,CVB35.BC,2024-01-02,Reparado / Garantía Lab,1,1,96.0,484,0
7203604,CVB35.BC,2025-05-06,Reparado / Garantía Lab,0,0,490.0,974,1
7203604,CVB35.BC,2025-05-23,Reparado / Garantía Lab,1,1,17.0,991,0
7203605,CVB35.BC,2021-12-23,Reparado,0,0,0.0,0,0
7203605,CVB35.BC,2022-07-19,Reparado / Garantía Lab,0,1,208.0,208,0
7203606,CVB35.BC,2020-09-08,Reparado / Garantía Lab,0,0,0.0,0,0
7203606,CVB35.BC,2021-02-14,Reparado,1,1,159.0,159,1
7203606,CVB35.BC,2021-03-07,Reparado / Garantía Lab,2,2,21.0,180,0
7203606,CVB35.BC,2021-08-05,Reparado / Garantía Lab,2,3,151.0,331,1
7203606,CVB35.BC,2021-08-16,Reparado / Garantía Lab,2,4,11.0,342,1
7203606,CVB35.BC,2021-08-31,Reparado / Garantía Lab,3,5,15.0,357,0
7203606,CVB35.BC,2021-11-16,Reparado / Garantía Lab,3,5,77.0,434,0
7203606,CVB35.BC,2022-08-04,Reparado,0,4,261.0,695,0
7203607,CVB35.BC,2021-06-23,Reparado,0,0,0.0,0,0
7203607,CVB35.BC,2023-06-30,Reparado / Garantía Lab,0,0,737.0,737,0
7203608,CVB35.BC,2021-02-09,Reparado,0,0,0.0,0,1
7203608,CVB35.BC,2021-02-17,Reparado / Garantía Lab,1,1,8.0,8,0
7203608,CVB35.BC,2024-04-10,Reparado / Garantía Lab,0,0,1148.0,1156,0
7203609,CVB35.BC,2021-08-17,Reparado,0,0,0.0,0,0
7203609,CVB35.BC,2025-09-11,Reparado / Garantía Lab,0,0,1486.0,1486,1
7203609,CVB35.BC,2025-09-23,Reparado / Garantía Lab,1,1,12.0,1498,0
7203610,CVB35.BC,2022-04-19,Reparado,0,0,0.0,0,0
7203610,CVB35.BC,2023-01-08,Reparado / Garantía Lab,0,1,264.0,264,0
7203610,CVB35.BC,2024-08-12,Reparado / Garantía Lab,0,0,582.0,846,0
7203611,CVB35.BC,2025-04-15,Reparado,0,0,0.0,0,0
7203612,CVB35.BC,2022-02-11,Reparado,0,0,0.0,0,1
7203612,CVB35.BC,2022-02-28,Reparado / Garantía Lab,1,1,17.0,17,1
7203612,CVB35.BC,2022-03-02,Reparado / Garantía Lab,2,2,2.0,19,1
7203612,CVB35.BC,2022-03-04,Reparado / Garantía Lab,3,3,2.0,21,1
7203612,CVB35.BC,2022-03-11,Reparado / Garantía Lab,4,4,7.0,28,1
7203612,CVB35.BC,2022-03-16,Reparado / Garantía Lab,5,5,5.0,33,1
7203612,CVB35.BC,2022-03-21,Reparado / Garantía Lab,6,6,5.0,38,1
7203612,CVB35.BC,2022-03-25,Reparado / Garantía Lab,7,7,4.0,42,1
7203612,CVB35.BC,2022-03-29,Reparado / Garantía Lab,8,8,4.0,46,0
7203612,CVB35.BC,2022-07-01,Reparado / Garantía Lab,9,9,94.0,140,0
7203613,CVB35.BC,2020-07-28,POD,0,0,0.0,0,0
7203613,CVB35.BC,2020-07-28,POD Reparado,0,0,0.0,0,0
7203613,CVB35.BC,2024-04-15,Reparado / Garantía Lab,0,0,1357.0,1357,0
7203614,CVB35.BC,2021-05-29,Reparado,0,0,0.0,0,0
7203615,CVB35.BC,2022-11-22,Reparado,0,0,0.0,0,0
7203615,CVB35.BC,2024-06-28,Reparado / Garantía Lab,0,0,584.0,584,0
7203617,CVB35.BC,2022-10-03,Reparado / Garantía Lab,0,0,0.0,0,0
7203617,CVB35.BC,2022-11-27,Reparado / Garantía Lab,1,1,55.0,55,0
7203618,CVB35.BC,2022-12-05,Reparado,0,0,0.0,0,0
7203619,CVB35.BC,2021-07-20,Reparado,0,0,0.0,0,0
7203620,CVB35.BC,2022-11-22,Reparado,0,0,0.0,0,0
7203620,CVB35.BC,2025-10-17,Reparado / Garantía Lab,0,0,1060.0,1060,0
7203621,CVB35.BC,2021-08-10,Reparado,0,0,0.0,0,1
7203621,CVB35.BC,2021-09-08,Reparado / Garantía Lab,1,1,29.0,29,0
7203621,CVB35.BC,2021-11-24,Reparado / Garantía Lab,2,2,77.0,106,1
7203621,CVB35.BC,2021-11-30,Reparado / Garantía Lab,3,3,6.0,112,1
7203621,CVB35.BC,2021-12-06,Reparado / Garantía Lab,4,4,6.0,118,0
7203621,CVB35.BC,2023-06-23,Reparado / Garantía Lab,0,0,564.0,682,1
7203621,CVB35.BC,2023-07-03,Reparado,1,1,10.0,692,1
7203621,CVB35.BC,2023-07-05,Reparado,2,2,2.0,694,1
7203621,CVB35.BC,2023-07-07,Reparado / Garantía Lab,3,3,2.0,696,1
7203621,CVB35.BC,2023-07-28,Reparado / Garantía Lab,4,4,21.0,717,1
7203621,CVB35.BC,2023-08-25,Reparado / Garantía Lab,5,5,28.0,745,0
7203621,CVB35.BC,2023-10-26,Reparado / Garantía Lab,6,6,62.0,807,0
7203621,CVB35.BC,2024-05-13,Reparado / Garantía Lab,0,7,200.0,1007,0
7203621,CVB35.BC,2024-09-05,Reparado / Garantía Lab,1,2,115.0,1122,0
7203621,CVB35.BC,2025-05-15,Reparado,0,1,252.0,1374,0
7203622,CVB35.BC,2022-02-15,Reparado,0,0,0.0,0,0
7203623,CVB35.BC,2021-11-18,Reparado,0,0,0.0,0,1
7203623,CVB35.BC,2021-12-06,Reparado,1,1,18.0,18,0
7203624,CVB35.BC,2025-07-25,Reparado,0,0,0.0,0,0
7203625,CVB35.BC,2022-01-21,Reparado,0,0,0.0,0,0
7203625,CVB35.BC,2023-11-16,Reparado / Garantía Lab,0,0,664.0,664,0
7203626,CVB35.BC,2022-12-28,Reparado,0,0,0.0,0,0
7203626,CVB35.BC,2024-03-21,Reparado / Garantía Lab,0,0,449.0,449,0
7203626,CVB35.BC,2025-08-26,Reparado / Garantía Lab,0,0,523.0,972,0
7203627,CVB35.BC,2021-05-17,POD,0,0,0.0,0,0
7203627,CVB35.BC,2021-05-17,POD Reparado,0,0,0.0,0,0
7203627,CVB35.BC,2022-09-20,Reparado / Garantía Lab,0,0,491.0,491,1
7203627,CVB35.BC,2022-09-27,Reparado / Garantía Lab,1,1,7.0,498,1
7203627,CVB35.BC,2022-09-29,Reparado / Garantía Lab,2,2,2.0,500,1
7203627,CVB35.BC,2022-10-03,Reparado / Garantía Lab,3,3,4.0,504,0
7203627,CVB35.BC,2022-11-16,Reparado / Garantía Lab,4,4,44.0,548,0
7203627,CVB35.BC,2023-07-05,Reparado / Garantía Lab,0,5,231.0,779,0
7203627,CVB35.BC,2024-08-08,Reparado / Garantía Lab,0,0,400.0,1179,0
7203628,CVB35.BC,2022-02-07,Reparado,0,0,0.0,0,0
7203629,CVB35.BC,2021-02-08,Reparado,0,0,0.0,0,0
7203629,CVB35.BC,2022-07-13,Reparado,0,0,520.0,520,0
7203630,CVB35.BC,2022-09-13,Reparado,0,0,0.0,0,0
7203631,CVB35.BC,2025-10-20,Reparado,0,0,0.0,0,0
7203632,CVB35.BC,2022-02-18,Reparado,0,0,0.0,0,1
7203632,CVB35.BC,2022-02-25,Reparado / Garantía Lab,1,1,7.0,7,0
7203632,CVB35.BC,2022-10-13,Reparado / Garantía Lab,0,2,230.0,237,0
7203632,CVB35.BC,2024-07-11,Reparado / Garantía Lab,0,0,637.0,874,0
7203633,CVB35.BC,2022-06-25,Reparado,0,0,0.0,0,0
7203634,CVB35.BC,2022-02-16,Reparado,0,0,0.0,0,0
7203635,CVB35.BC,2022-09-26,Reparado,0,0,0.0,0,0
7203636,CVB35.BC,2023-09-20,Reparado,0,0,0.0,0,0
7203636,CVB35.BC,2024-06-17,Reparado / Garantía Lab,0,1,271.0,271,0
7203637,CVB35.BC,2023-10-17,Reparado,0,0,0.0,0,0
7203637,CVB35.BC,2025-02-12,Reparado / Garantía Lab,0,0,484.0,484,0
7203638,CVB35.BC,2024-04-12,Reparado,0,0,0.0,0,0
7203638,CVB35.BC,2024-07-29,Reparado / Garantía Lab,1,1,108.0,108,0
7203639,CVB35.BC,2021-11-18,Reparado,0,0,0.0,0,0
7203639,CVB35.BC,2025-02-07,Reparado / Garantía Lab,0,0,1177.0,1177,0
7203640,CVB35.BC,2022-02-12,Reparado,0,0,0.0,0,1
7203640,CVB35.BC,2022-02-21,Reparado / Garantía Lab,1,1,9.0,9,0
7203640,CVB35.BC,2024-05-20,Reparado / Garantía Lab,0,0,819.0,828,0
7203641,CVB35.BC,2022-10-25,Reparado,0,0,0.0,0,1
7203641,CVB35.BC,2022-11-23,Reparado / Garantía Lab,1,1,29.0,29,0
7203642,CVB35.BC,2021-11-01,Reparado / Garantía Lab,0,0,0.0,0,1
7203642,CVB35.BC,2021-11-24,Reparado,1,1,23.0,23,0
7203642,CVB35.BC,2022-03-04,Reparado / Garantía Lab,2,2,100.0,123,1
7203642,CVB35.BC,2022-03-18,Reparado / Garantía Lab,3,3,14.0,137,1
7203642,CVB35.BC,2022-03-24,Reparado / Garantía Lab,4,4,6.0,143,0
7203643,CVB35.BC,2021-11-11,Reparado,0,0,0.0,0,0
7203643,CVB35.BC,2022-09-20,Reparado / Garantía Lab,0,1,313.0,313,0
7203643,CVB35.BC,2024-10-04,Reparado / Garantía Lab,0,0,745.0,1058,0
7203643,CVB35.BC,2025-09-02,Reparado / Garantía Lab,0,1,333.0,1391,0
7203644,CVB35.BC,2021-12-22,Reparado,0,0,0.0,0,0
7203646,CVB35.BC,2021-01-27,Reparado,0,0,0.0,0,0
7203646,CVB35.BC,2023-09-29,Reparado / Garantía Lab,0,0,975.0,975,0
7203647,CVB35.BC,2021-11-24,Reparado,0,0,0.0,0,0
7203648,CVB35.BC,2020-12-20,Reparado,0,0,0.0,0,0
7203652,CVB35.BC,2025-08-07,Reparado,0,0,0.0,0,0
7203654,CVB35.BC,2021-04-27,Reparado,0,0,0.0,0,0
7203654,CVB35.BC,2025-02-26,Reparado / Garantía Lab,0,0,1401.0,1401,0
7203655,CVB35.BC,2022-12-12,Reparado,0,0,0.0,0,0
7203656,CVB35.BC,2022-08-22,Reparado,0,0,0.0,0,0
7203656,CVB35.BC,2022-09-22,Reparado / Garantía Lab,1,1,31.0,31,1
7203656,CVB35.BC,2022-09-29,Reparado / Garantía Lab,2,2,7.0,38,0
7203656,CVB35.BC,2025-05-02,Reparado / Garantía Lab,0,0,946.0,984,0
7203657,CVB35.BC,2022-12-28,Reparado,0,0,0.0,0,0
7203657,CVB35.BC,2024-02-23,Reparado / Garantía Lab,0,0,422.0,422,0
7203657,CVB35.BC,2024-11-08,Reparado / Garantía Lab,0,1,259.0,681,0
7203658,CVB35.BC,2023-10-06,Reparado / Garantía Lab,0,0,0.0,0,0
7203658,CVB35.BC,2024-01-03,Reparado / Garantía Lab,1,1,89.0,89,0
7203659,CVB35.BC,2023-12-21,Reparado,0,0,0.0,0,0
7203659,CVB35.BC,2025-10-20,Reparado / Garantía Lab,0,0,669.0,669,0
7203660,CVB35.BC,2022-02-18,Reparado,0,0,0.0,0,0
7203661,CVB35.BC,2025-04-09,Reparado,0,0,0.0,0,0
7203661,CVB35.BC,2025-08-26,Reparado / Garantía Lab,1,1,139.0,139,0
7203662,CVB35.BC,2022-10-29,Reparado,0,0,0.0,0,0
7203663,CVB35.BC,2021-03-10,Reparado,0,0,0.0,0,0
7203663,CVB35.BC,2024-08-27,Reparado / Garantía Lab,0,0,1266.0,1266,0
7203664,CVB35.BC,2025-05-19,Reparado,0,0,0.0,0,0
7203665,CVB35.BC,2023-08-16,Reparado,0,0,0.0,0,0
7203665,CVB35.BC,2025-09-17,Reparado / Garantía Lab,0,0,763.0,763,0
7203665,CVB35.BC,2025-10-30,Reparado / Garantía Lab,1,1,43.0,806,0
7203667,CVB35.BC,2022-02-11,Reparado,0,0,0.0,0,0
7203667,CVB35.BC,2022-03-14,Reparado / Garantía Lab,1,1,31.0,31,0
7203667,CVB35.BC,2024-07-10,Reparado / Garantía Lab,0,0,849.0,880,0
7203667,CVB35.BC,2025-11-18,Reparado / Garantía Lab,0,0,496.0,1376,0
7203668,CVB35.BC,2022-02-11,Reparado,0,0,0.0,0,0
7203669,CVB35.BC,2021-04-29,Reparado / Garantía Lab,0,0,0.0,0,0
7203669,CVB35.BC,2021-07-30,Reparado / Garantía Lab,1,1,92.0,92,0
7203669,CVB35.BC,2021-11-22,Reparado / Garantía Lab,1,2,115.0,207,0
7203669,CVB35.BC,2022-08-19,Reparado / Garantía Lab,0,1,270.0,477,0
7203670,CVB35.BC,2022-05-21,Reparado,0,0,0.0,0,0
7203670,CVB35.BC,2024-12-10,Reparado / Garantía Lab,0,0,934.0,934,0
7203672,CVB35.BC,2022-02-16,Reparado,0,0,0.0,0,0
7203673,CVB35.BC,2021-03-25,Reparado,0,0,0.0,0,0
7203674,CVB35.BC,2021-04-25,Reparado,0,0,0.0,0,0
7203674,CVB35.BC,2023-12-20,Reparado / Garantía Lab,0,0,969.0,969,0
7203674,CVB35.BC,2025-09-17,Reparado / Garantía Lab,0,0,637.0,1606,0
7203675,CVB35.BC,2022-02-12,Reparado,0,0,0.0,0,0
7203675,CVB35.BC,2023-11-13,Reparado / Garantía Lab,0,0,639.0,639,0
7203675,CVB35.BC,2023-12-27,Reparado / Garantía Lab,1,1,44.0,683,0
7203676,CVB35.BC,2024-08-07,Reparado,0,0,0.0,0,0
7203677,CVB35.BC,2024-02-14,Reparado,0,0,0.0,0,0
7203678,CVB35.BC,2023-10-14,Reparado,0,0,0.0,0,0
7203679,CVB35.BC,2022-02-09,Reparado,0,0,0.0,0,0
7203679,CVB35.BC,2025-08-21,Reparado / Garantía Lab,0,0,1289.0,1289,0
7203681,CVB35.BC,2022-08-24,Reparado,0,0,0.0,0,0
7203681,CVB35.BC,2023-10-02,Reparado / Garantía Lab,0,0,404.0,404,0
7203682,CVB35.BC,2022-11-05,Reparado,0,0,0.0,0,1
7203682,CVB35.BC,2022-11-23,Reparado / Garantía Lab,1,1,18.0,18,0
7203683,CVB35.BC,2021-02-18,Reparado,0,0,0.0,0,0
7203683,CVB35.BC,2025-08-21,Reparado / Garantía Lab,0,0,1645.0,1645,0
7203684,CVB35.BC,2021-09-22,Reparado,0,0,0.0,0,0
7203684,CVB35.BC,2022-08-10,Reparado / Garantía Lab,0,1,322.0,322,0
7203686,CVB35.BC,2022-03-03,Reparado,0,0,0.0,0,0
7203687,CVB35.BC,2022-05-27,Reparado,0,0,0.0,0,0
7203688,CVB35.BC,2021-11-23,Reparado,0,0,0.0,0,0
7203689,CVB35.BC,2021-06-05,Reparado,0,0,0.0,0,0
7203689,CVB35.BC,2021-10-28,Reparado / Garantía Lab,1,1,145.0,145,0
7203689,CVB35.BC,2022-08-23,Reparado / Garantía Lab,0,1,299.0,444,0
7203689,CVB35.BC,2022-11-15,Reparado / Garantía Lab,1,1,84.0,528,1
7203689,CVB35.BC,2022-11-21,Reparado / Garantía Lab,2,2,6.0,534,0
7203689,CVB35.BC,2025-01-28,Reparado / Garantía Lab,0,0,799.0,1333,0
7203690,CVB35.BC,2022-06-29,Reparado,0,0,0.0,0,0
7203692,CVB35.BC,2021-05-05,Reparado,0,0,0.0,0,0
7203693,CVB35.BC,2022-02-18,Reparado,0,0,0.0,0,0
7203693,CVB35.BC,2024-08-12,Reparado / Garantía Lab,0,0,906.0,906,0
7203693,CVB35.BC,2025-05-30,Reparado / Garantía Lab,0,1,291.0,1197,0
7203694,CVB35.BC,2021-11-18,Reparado,0,0,0.0,0,0
7203694,CVB35.BC,2024-07-08,Reparado / Garantía Lab,0,0,963.0,963,0
7203695,CVB35.BC,2025-02-24,Reparado,0,0,0.0,0,0
7203696,CVB35.BC,2021-01-28,Reparado,0,0,0.0,0,0
7203696,CVB35.BC,2023-07-16,Reparado / Garantía Lab,0,0,899.0,899,0
7203696,CVB35.BC,2024-06-18,Reparado / Garantía Lab,0,1,338.0,1237,0
7203698,CVB35.BC,2021-10-01,Reparado,0,0,0.0,0,0
7203698,CVB35.BC,2025-01-15,Reparado / Garantía Lab,0,0,1202.0,1202,0
7203701,CVB35.BC,2022-07-02,Reparado,0,0,0.0,0,0
7203702,CVB35.BC,2022-02-08,Reparado,0,0,0.0,0,0
7203702,CVB35.BC,2025-04-15,Reparado / Garantía Lab,0,0,1162.0,1162,1
7203702,CVB35.BC,2025-04-21,Reparado / Garantía Lab,1,1,6.0,1168,0
7203703,CVB35.BC,2022-09-26,Reparado,0,0,0.0,0,0
7203703,CVB35.BC,2025-08-21,Reparado / Garantía Lab,0,0,1060.0,1060,0
7203704,CVB35.BC,2023-05-13,Reparado,0,0,0.0,0,0
7203705,CVB35.BC,2023-09-12,Reparado,0,0,0.0,0,0
7203706,CVB35.BC,2024-04-04,Reparado / Garantía Lab,0,0,0.0,0,1
7203706,CVB35.BC,2024-04-09,Reparado / Garantía Lab,1,1,5.0,5,1
7203706,CVB35.BC,2024-04-11,Reparado / Garantía Lab,2,2,2.0,7,1
7203706,CVB35.BC,2024-04-27,Reparado / Garantía Lab,3,3,16.0,23,1
7203706,CVB35.BC,2024-05-20,Reparado / Garantía Lab,4,4,23.0,46,1
7203706,CVB35.BC,2024-05-27,Reparado / Garantía Lab,5,5,7.0,53,1
7203706,CVB35.BC,2024-06-13,Reparado / Garantía Lab,6,6,17.0,70,0
7203707,CVB35.BC,2024-02-26,Reparado,0,0,0.0,0,0
7203709,CVB35.BC,2021-01-15,Reparado,0,0,0.0,0,0
7203709,CVB35.BC,2021-07-19,Reparado / Garantía Lab,0,1,185.0,185,0
7203709,CVB35.BC,2021-09-06,Reparado / Garantía Lab,1,2,49.0,234,0
7203709,CVB35.BC,2022-03-14,Reparado / Garantía Lab,0,2,189.0,423,1
7203709,CVB35.BC,2022-03-25,Reparado / Garantía Lab,1,3,11.0,434,1
7203709,CVB35.BC,2022-04-11,Reparado / Garantía Lab,2,4,17.0,451,0
7203709,CVB35.BC,2025-11-06,Reparado / Garantía Lab,0,0,1305.0,1756,1
7203709,CVB35.BC,2025-11-10,Reparado / Garantía Lab,1,1,4.0,1760,0
7203710,CVB35.BC,2022-02-10,Reparado,0,0,0.0,0,0
7203711,CVB35.BC,2024-04-08,Reparado,0,0,0.0,0,0
7203711,CVB35.BC,2025-08-07,Reparado / Garantía Lab,0,0,486.0,486,0
7203713,CVB35.BC,2024-03-27,Reparado,0,0,0.0,0,0
7203714,CVB35.BC,2023-01-20,Reparado,0,0,0.0,0,0
7203714,CVB35.BC,2024-06-15,Reparado / Garantía Lab,0,0,512.0,512,0
7203715,CVB35.BC,2022-02-15,Reparado,0,0,0.0,0,1
7203715,CVB35.BC,2022-02-21,Reparado / Garantía Lab,1,1,6.0,6,1
7203715,CVB35.BC,2022-03-03,Reparado / Garantía Lab,2,2,10.0,16,0
7203716,CVB35.BC,2021-08-07,Reparado,0,0,0.0,0,0
7203716,CVB35.BC,2024-11-25,Reparado / Garantía Lab,0,0,1206.0,1206,0
7203717,CVB35.BC,2022-07-07,Reparado,0,0,0.0,0,0
7203718,CVB35.BC,2022-09-07,Reparado,0,0,0.0,0,0
7203719,CVB35.BC,2021-02-25,Reparado,0,0,0.0,0,0
7203719,CVB35.BC,2021-07-23,Reparado / Garantía Lab,1,1,148.0,148,0
7203719,CVB35.BC,2025-06-12,Reparado / Garantía Lab,0,0,1420.0,1568,0
7203721,CVB35.BC,2022-03-23,Reparado,0,0,0.0,0,0
7203721,CVB35.BC,2022-11-28,Reparado / Garantía Lab,0,1,250.0,250,0
7203721,CVB35.BC,2024-09-11,Reparado / Garantía Lab,0,0,653.0,903,0
7203722,CVB35.BC,2022-06-30,Reparado,0,0,0.0,0,0
7203723,CVB35.BC,2021-03-26,Reparado,0,0,0.0,0,0
7203723,CVB35.BC,2023-05-27,Reparado / Garantía Lab,0,0,792.0,792,0
7203723,CVB35.BC,2024-09-10,POD Reparado,0,0,472.0,1264,0
7203723,CVB35.BC,2025-11-26,Reparado / Garantía Lab,0,0,442.0,1706,1
7203723,CVB35.BC,2025-12-01,Reparado / Garantía Lab,1,1,5.0,1711,0
7203724,CVB35.BC,2022-03-26,Reparado,0,0,0.0,0,0
7203725,CVB35.BC,2022-09-06,Reparado,0,0,0.0,0,1
7203725,CVB35.BC,2022-09-21,Reparado / Garantía Lab,1,1,15.0,15,0
7203725,CVB35.BC,2024-07-31,Reparado / Garantía Lab,0,0,679.0,694,0
7203726,CVB35.BC,2022-02-22,Reparado,0,0,0.0,0,1
7203726,CVB35.BC,2022-02-28,Reparado / Garantía Lab,1,1,6.0,6,0
7203729,CVB35.BC,2022-02-18,Reparado,0,0,0.0,0,0
7203729,CVB35.BC,2023-10-14,Reparado / Garantía Lab,0,0,603.0,603,0
7203729,CVB35.BC,2024-11-15,Reparado / Garantía Lab,0,0,398.0,1001,0
7203730,CVB35.BC,2020-08-21,Reparado,0,0,0.0,0,0
7203730,CVB35.BC,2023-03-10,Reparado / Garantía Lab,0,0,931.0,931,0
7203732,CVB35.BC,2025-08-08,Reparado,0,0,0.0,0,0
7203735,CVB35.BC,2020-12-04,Reparado,0,0,0.0,0,1
7203735,CVB35.BC,2020-12-22,Reparado,1,1,18.0,18,0
7203735,CVB35.BC,2022-11-07,Reparado / Garantía Lab,0,0,685.0,703,0
7203736,CVB35.BC,2021-09-21,Reparado,0,0,0.0,0,0
7203737,CVB35.BC,2021-09-16,Reparado,0,0,0.0,0,0
7203737,CVB35.BC,2021-11-01,Reparado / Garantía Lab,1,1,46.0,46,1
7203737,CVB35.BC,2021-11-23,Reparado / Garantía Lab,2,2,22.0,68,0
7203737,CVB35.BC,2022-01-25,Reparado / Garantía Lab,3,3,63.0,131,0
7203737,CVB35.BC,2022-03-27,Reparado / Garantía Lab,3,4,61.0,192,0
7203737,CVB35.BC,2024-02-13,Reparado / Garantía Lab,0,0,688.0,880,0
7203739,CVB35.BC,2022-06-11,Reparado,0,0,0.0,0,0
7203739,CVB35.BC,2025-09-04,Reparado / Garantía Lab,0,0,1181.0,1181,0
7203740,CVB35.BC,2020-12-05,Reparado,0,0,0.0,0,0
7203740,CVB35.BC,2021-11-18,Reparado / Garantía Lab,0,1,348.0,348,0
7203740,CVB35.BC,2024-05-22,Reparado / Garantía Lab,0,0,916.0,1264,0
7203741,CVB35.BC,2021-06-04,Reparado,0,0,0.0,0,0
7203741,CVB35.BC,2023-02-20,Reparado / Garantía Lab,0,0,626.0,626,0
7203741,CVB35.BC,2023-12-16,Reparado / Garantía Lab,0,1,299.0,925,0
7203741,CVB35.BC,2024-02-15,Reparado / Garantía Lab,1,2,61.0,986,0
7203742,CVB35.BC,2022-06-02,Reparado,0,0,0.0,0,0
7203743,CVB35.BC,2022-09-14,Reparado,0,0,0.0,0,0
7203745,CVB35.BC,2021-12-28,Reparado,0,0,0.0,0,0
7203746,CVB35.BC,2022-02-11,Reparado,0,0,0.0,0,0
7203746,CVB35.BC,2024-07-24,Reparado / Garantía Lab,0,0,894.0,894,0
7203747,CVB35.BC,2024-02-22,Reparado / Garantía Lab,0,0,0.0,0,0
7203747,CVB35.BC,2024-08-12,Reparado / Garantía Lab,1,1,172.0,172,0
7203748,CVB35.BC,2021-07-05,Reparado,0,0,0.0,0,0
7203748,CVB35.BC,2022-03-29,Reparado / Garantía Lab,0,1,267.0,267,1
7203748,CVB35.BC,2022-04-04,Reparado / Garantía Lab,1,2,6.0,273,0
7203750,CVB35.BC,2022-05-08,Reparado,0,0,0.0,0,0
7203750,CVB35.BC,2025-02-07,Reparado / Garantía Lab,0,0,1006.0,1006,0
7203751,CVB35.BC,2022-02-18,Reparado,0,0,0.0,0,0
7203751,CVB35.BC,2022-11-15,Reparado / Garantía Lab,0,1,270.0,270,0
7203751,CVB35.BC,2024-03-22,Reparado / Garantía Lab,0,0,493.0,763,0
7203752,CVB35.BC,2022-12-26,Reparado,0,0,0.0,0,0
7203753,CVB35.BC,2022-05-31,Reparado,0,0,0.0,0,1
7203753,CVB35.BC,2022-06-27,Reparado / Garantía Lab,1,1,27.0,27,0
7203753,CVB35.BC,2024-06-12,Reparado / Garantía Lab,0,0,716.0,743,1
7203753,CVB35.BC,2024-07-02,Reparado / Garantía Lab,1,1,20.0,763,0
7203754,CVB35.BC,2021-03-08,POD,0,0,0.0,0,0
7203754,CVB35.BC,2021-03-08,POD Reparado,0,0,0.0,0,0
7203755,CVB35.BC,2022-02-15,Reparado,0,0,0.0,0,0
7203756,CVB35.BC,2022-03-13,Reparado,0,0,0.0,0,0
7203756,CVB35.BC,2024-10-02,Reparado / Garantía Lab,0,0,934.0,934,0
7203757,CVB35.BC,2021-02-08,Reparado,0,0,0.0,0,0
7203757,CVB35.BC,2022-12-19,Reparado / Garantía Lab,0,0,679.0,679,0
7203757,CVB35.BC,2024-05-08,Reparado / Garantía Lab,0,0,506.0,1185,0
7203757,CVB35.BC,2025-08-08,Reparado / Garantía Lab,0,0,457.0,1642,1
7203757,CVB35.BC,2025-08-14,Reparado / Garantía Lab,1,1,6.0,1648,0
7203758,CVB35.BC,2021-11-06,Reparado,0,0,0.0,0,0
7203758,CVB35.BC,2022-03-29,Reparado / Garantía Lab,1,1,143.0,143,0
7203759,CVB35.BC,2022-03-31,Reparado,0,0,0.0,0,0
7203759,CVB35.BC,2023-08-28,Reparado / Garantía Lab,0,0,515.0,515,0
7203760,CVB35.BC,2021-11-10,Reparado,0,0,0.0,0,0
7203760,CVB35.BC,2024-05-23,Reparado / Garantía Lab,0,0,925.0,925,0
7203760,CVB35.BC,2025-09-02,Reparado / Garantía Lab,0,0,467.0,1392,0
7203761,CVB35.BC,2020-12-28,Reparado,0,0,0.0,0,0
7203761,CVB35.BC,2022-11-21,Reparado / Garantía Lab,0,0,693.0,693,0
7203762,CVB35.BC,2021-04-21,Reparado,0,0,0.0,0,0
7203762,CVB35.BC,2023-03-18,Reparado / Garantía Lab,0,0,696.0,696,0
7203763,CVB35.BC,2022-10-15,Reparado,0,0,0.0,0,0
7203763,CVB35.BC,2025-08-25,Reparado / Garantía Lab,0,0,1045.0,1045,0
7203764,CVB35.BC,2022-02-15,Reparado,0,0,0.0,0,0
7203765,CVB35.BC,2022-09-05,Reparado,0,0,0.0,0,0
7203765,CVB35.BC,2025-03-07,Reparado / Garantía Lab,0,0,914.0,914,1
7203765,CVB35.BC,2025-04-02,Reparado / Garantía Lab,1,1,26.0,940,1
7203765,CVB35.BC,2025-04-17,Reparado / Garantía Lab,2,2,15.0,955,0
7203765,CVB35.BC,2025-06-27,Reparado / Garantía Lab,3,3,71.0,1026,1
7203765,CVB35.BC,2025-07-02,Reparado / Garantía Lab,4,4,5.0,1031,1
7203765,CVB35.BC,2025-07-07,Reparado / Garantía Lab,5,5,5.0,1036,1
7203765,CVB35.BC,2025-07-10,Reparado / Garantía Lab,6,6,3.0,1039,1
7203765,CVB35.BC,2025-07-15,Reparado / Garantía Lab,7,7,5.0,1044,0
7203766,CVB35.BC,2024-05-28,Reparado,0,0,0.0,0,0
7203767,CVB35.BC,2023-05-23,Reparado,0,0,0.0,0,0
7203771,CVB35.BC,2022-09-05,Reparado,0,0,0.0,0,0
7203772,CVB35.BC,2025-11-04,Reparado,0,0,0.0,0,0
7203773,CVB35.BC,2021-02-10,Reparado,0,0,0.0,0,0
7203773,CVB35.BC,2021-12-17,Reparado / Garantía Lab,0,1,310.0,310,0
7203773,CVB35.BC,2024-02-13,Reparado / Garantía Lab,0,0,788.0,1098,0
7203773,CVB35.BC,2024-12-04,Reparado / Garantía Lab,0,1,295.0,1393,0
7203773,CVB35.BC,2025-09-05,Reparado / Garantía Lab,0,1,275.0,1668,0
7203774,CVB35.BC,2021-05-10,Reparado,0,0,0.0,0,0
7203774,CVB35.BC,2021-10-14,Reparado / Garantía Lab,1,1,157.0,157,0
7203774,CVB35.BC,2022-01-05,Reparado / Garantía Lab,1,2,83.0,240,0
7203775,CVB35.BC,2021-07-07,Reparado,0,0,0.0,0,0
7203775,CVB35.BC,2025-03-07,Reparado / Garantía Lab,0,0,1339.0,1339,0
7203776,CVB35.BC,2021-08-08,Reparado,0,0,0.0,0,0
7203776,CVB35.BC,2021-12-16,Reparado / Garantía Lab,1,1,130.0,130,0
7203777,CVB35.BC,2022-02-11,Reparado,0,0,0.0,0,0
7203777,CVB35.BC,2025-02-06,Reparado / Garantía Lab,0,0,1091.0,1091,1
7203777,CVB35.BC,2025-02-24,Reparado / Garantía Lab,1,1,18.0,1109,0
7203778,CVB35.BC,2023-11-08,Reparado,0,0,0.0,0,0
7203778,CVB35.BC,2025-08-12,Reparado / Garantía Lab,0,0,643.0,643,1
7203778,CVB35.BC,2025-09-08,Reparado / Garantía Lab,1,1,27.0,670,0
7203779,CVB35.BC,2022-06-07,Reparado,0,0,0.0,0,1
7203779,CVB35.BC,2022-07-05,Reparado / Garantía Lab,1,1,28.0,28,0
7203779,CVB35.BC,2025-05-28,Reparado / Garantía Lab,0,0,1058.0,1086,0
7203780,CVB35.BC,2022-06-07,Reparado,0,0,0.0,0,0
7203780,CVB35.BC,2024-05-10,Reparado / Garantía Lab,0,0,703.0,703,0
7203781,CVB35.BC,2024-02-01,Reparado,0,0,0.0,0,0
7203782,CVB35.BC,2022-02-11,Reparado,0,0,0.0,0,1
7203782,CVB35.BC,2022-02-18,Reparado / Garantía Lab,1,1,7.0,7,1
7203782,CVB35.BC,2022-03-08,Reparado / Garantía Lab,2,2,18.0,25,0
7203782,CVB35.BC,2022-08-10,Reparado / Garantía Lab,3,3,155.0,180,0
7203783,CVB35.BC,2022-04-01,Reparado,0,0,0.0,0,0
7203783,CVB35.BC,2023-01-06,Reparado / Garantía Lab,0,1,280.0,280,0
7203784,CVB35.BC,2022-02-15,Reparado,0,0,0.0,0,0
7203786,CVB35.BC,2021-10-15,Reparado,0,0,0.0,0,0
7203786,CVB35.BC,2021-12-09,Reparado / Garantía Lab,1,1,55.0,55,0
7203787,CVB35.BC,2021-09-18,Reparado,0,0,0.0,0,0
7203789,CVB35.BC,2022-02-28,Reparado,0,0,0.0,0,0
7203790,CVB35.BC,2021-02-08,Reparado,0,0,0.0,0,0
7203790,CVB35.BC,2024-01-26,Reparado / Garantía Lab,0,0,1082.0,1082,0
7203791,CVB35.BC,2021-08-20,Reparado,0,0,0.0,0,0
7203792,CVB35.BC,2022-03-01,Reparado,0,0,0.0,0,0
7203793,CVB35.BC,2021-05-19,Reparado,0,0,0.0,0,0
7203793,CVB35.BC,2022-01-18,Reparado / Garantía Lab,0,1,244.0,244,0
7203793,CVB35.BC,2024-05-25,Reparado / Garantía Lab,0,0,858.0,1102,0
7203795,CVB35.BC,2024-11-19,Reparado,0,0,0.0,0,0
7203796,CVB35.BC,2023-10-03,Reparado,0,0,0.0,0,0
7203797,CVB35.BC,2021-03-27,Reparado,0,0,0.0,0,0
7203797,CVB45.BC,2022-03-14,Reparado,0,1,352.0,352,0
7203797,CVB35.BC,2024-09-05,Reparado / Garantía Lab,0,0,906.0,1258,0
7203798,CVB35.BC,2021-02-17,Reparado,0,0,0.0,0,1
7203798,CVB35.BC,2021-02-18,Reparado / Garantía Lab,1,1,1.0,1,0
7203798,CVB35.BC,2021-07-27,Reparado / Garantía Lab,2,2,159.0,160,0
7203798,CVB35.BC,2021-09-10,Reparado / Garantía Lab,1,3,45.0,205,0
7203798,CVB35.BC,2022-03-29,Reparado / Garantía Lab,0,2,200.0,405,0
7203798,CVB35.BC,2024-01-21,Reparado / Garantía Lab,0,0,663.0,1068,0
7203798,CVB35.BC,2025-05-19,POD Reparado,0,0,484.0,1552,1
7203798,CVB35.BC,2025-05-28,Reparado / Garantía Lab,1,1,9.0,1561,0
7203799,CVB35.BC,2022-07-18,Reparado,0,0,0.0,0,1
7203799,CVB35.BC,2022-08-02,Reparado / Garantía Lab,1,1,15.0,15,0
7203799,CVB35.BC,2023-10-04,Reparado / Garantía Lab,0,0,428.0,443,0
7203799,CVB35.BC,2025-06-26,Reparado / Garantía Lab,0,0,631.0,1074,0
7203800,CVB35.BC,2022-02-14,Reparado,0,0,0.0,0,0
7203800,CVB35.BC,2024-08-07,Reparado / Garantía Lab,0,0,905.0,905,0
7203801,CVB35.BC,2021-03-30,Reparado,0,0,0.0,0,0
7203801,CVB35.BC,2024-06-06,Reparado / Garantía Lab,0,0,1164.0,1164,0
7203802,CVB35.BC,2023-04-27,Reparado,0,0,0.0,0,0
7203803,CVB35.BC,2021-07-29,Reparado,0,0,0.0,0,1
7203803,CVB35.BC,2021-08-10,Reparado / Garantía Lab,1,1,12.0,12,0
7203804,CVB35.BC,2025-07-25,Reparado,0,0,0.0,0,0
7203804,CVB35.BC,2025-08-28,Reparado / Garantía Lab,1,1,34.0,34,0
7203805,CVB35.BC,2021-08-11,Reparado,0,0,0.0,0,0
7203806,CVB35.BC,2025-07-28,Reparado,0,0,0.0,0,0
7203807,CVB35.BC,2022-06-30,Reparado,0,0,0.0,0,0
7203807,CVB35.BC,2025-08-19,Reparado / Garantía Lab,0,0,1146.0,1146,0
7203808,CVB35.BC,2021-07-16,Reparado,0,0,0.0,0,0
7203808,CVB35.BC,2023-01-13,Reparado / Garantía Lab,0,0,546.0,546,0
7203808,CVB35.BC,2024-05-10,Reparado / Garantía Lab,0,0,483.0,1029,0
7203809,CVB35.BC,2022-09-28,Reparado,0,0,0.0,0,0
7203809,CVB35.BC,2024-03-26,Reparado / Garantía Lab,0,0,545.0,545,0
7203809,CVB35.BC,2024-06-21,Reparado / Garantía Lab,1,1,87.0,632,0
7203809,CVB35.BC,2024-08-07,Reparado / Garantía Lab,2,2,47.0,679,1
7203809,CVB35.BC,2024-08-09,Reparado / Garantía Lab,3,3,2.0,681,0
7203809,CVB35.BC,2024-09-27,Reparado / Garantía Lab,3,4,49.0,730,0
7203809,CVB35.BC,2024-12-18,Reparado / Garantía Lab,4,5,82.0,812,0
7203809,CVB35.BC,2025-07-23,Reparado / Garantía Lab,0,4,217.0,1029,0
7203810,CVB35.BC,2022-02-12,Reparado,0,0,0.0,0,0
7203810,CVB35.BC,2022-04-06,Reparado / Garantía Lab,1,1,53.0,53,1
7203810,CVB35.BC,2022-04-12,Reparado / Garantía Lab,2,2,6.0,59,0
7203811,CVB35.BC,2023-05-19,Reparado,0,0,0.0,0,0
7203811,CVB35.BC,2025-03-24,Reparado / Garantía Lab,0,0,675.0,675,0
7203812,CVB35.BC,2021-06-15,Reparado,0,0,0.0,0,1
7203812,CVB35.BC,2021-06-29,Reparado,1,1,14.0,14,0
7203812,CVB35.BC,2023-10-02,Reparado / Garantía Lab,0,0,825.0,839,1
7203812,CVB35.BC,2023-10-05,Reparado / Garantía Lab,1,1,3.0,842,1
7203812,CVB35.BC,2023-10-12,Reparado / Garantía Lab,2,2,7.0,849,0
7203812,CVB35.BC,2025-09-03,POD Reparado,0,0,692.0,1541,0
7203812,CVB35.BC,2025-10-07,Reparado / Garantía Lab,1,1,34.0,1575,0
7203814,CVB35.BC,2021-04-22,Reparado,0,0,0.0,0,0
7203814,CVB35.BC,2021-06-04,Reparado,1,1,43.0,43,0
7203814,CVB35.BC,2024-06-08,Reparado / Garantía Lab,0,0,1100.0,1143,0
7203814,CVB35.BC,2024-10-22,Reparado / Garantía Lab,1,1,136.0,1279,0
7203815,CVB35.BC,2024-01-19,Reparado,0,0,0.0,0,0
7203816,CVB35.BC,2022-02-10,Reparado,0,0,0.0,0,0
7203816,CVB35.BC,2025-09-17,Reparado / Garantía Lab,0,0,1315.0,1315,0
7203817,CVB35.BC,2022-07-14,Reparado,0,0,0.0,0,0
7203818,CVB35.BC,2023-12-21,Reparado,0,0,0.0,0,0
7203820,CVB35.BC,2023-11-11,Reparado / Garantía Lab,0,0,0.0,0,1
7203820,CVB35.BC,2023-11-17,Reparado / Garantía Lab,1,1,6.0,6,1
7203820,CVB35.BC,2023-12-15,Reparado / Garantía Lab,2,2,28.0,34,0
7203820,CVB35.BC,2025-03-20,Reparado / Garantía Lab,0,0,461.0,495,1
7203820,CVB35.BC,2025-03-24,Reparado / Garantía Lab,1,1,4.0,499,1
7203820,CVB35.BC,2025-03-27,Reparado / Garantía Lab,2,2,3.0,502,0
7203820,CVB35.BC,2025-06-25,Reparado / Garantía Lab,3,3,90.0,592,1
7203820,CVB35.BC,2025-06-30,Reparado / Garantía Lab,4,4,5.0,597,1
7203820,CVB35.BC,2025-07-02,Reparado / Garantía Lab,5,5,2.0,599,1
7203820,CVB35.BC,2025-07-07,Reparado / Garantía Lab,6,6,5.0,604,1
7203820,CVB35.BC,2025-07-10,Reparado / Garantía Lab,7,7,3.0,607,1
7203820,CVB35.BC,2025-07-15,Reparado / Garantía Lab,8,8,5.0,612,1
7203820,CVB35.BC,2025-08-14,Reparado / Garantía Lab,9,9,30.0,642,0
7203821,CVB35.BC,2021-06-29,Reparado,0,0,0.0,0,1
7203821,CVB35.BC,2021-07-05,Reparado,1,1,6.0,6,1
7203821,CVB35.BC,2021-07-20,Reparado / Garantía Lab,2,2,15.0,21,0
7203821,CVB35.BC,2021-08-21,Reparado / Garantía Lab,3,3,32.0,53,0
7203821,CVB35.BC,2022-03-15,Reparado / Garantía Lab,0,4,206.0,259,0
7203821,CVB35.BC,2022-07-13,Reparado / Garantía Lab,1,3,120.0,379,0
7203821,CVB35.BC,2023-08-31,Reparado / Garantía Lab,0,0,414.0,793,0
7203821,CVB35.BC,2025-10-15,Reparado / Garantía Lab,0,0,776.0,1569,0
7203822,CVB35.BC,2023-10-05,Reparado,0,0,0.0,0,0
7203823,CVB35.BC,2022-07-28,Reparado,0,0,0.0,0,0
7203823,CVB35.BC,2025-10-15,Reparado / Garantía Lab,0,0,1175.0,1175,0
7203824,CVB35.BC,2024-01-15,Reparado / Garantía Lab,0,0,0.0,0,1
7203824,CVB35.BC,2024-01-30,Reparado / Garantía Lab,1,1,15.0,15,0
7203824,CVB35.BC,2024-10-03,Reparado / Garantía Lab,0,2,247.0,262,0
7203825,CVB35.BC,2022-06-20,Reparado,0,0,0.0,0,0
7203825,CVB35.BC,2025-03-07,Reparado / Garantía Lab,0,0,991.0,991,1
7203825,CVB35.BC,2025-03-27,Reparado / Garantía Lab,1,1,20.0,1011,0
7203825,CVB35.BC,2025-07-02,Reparado / Garantía Lab,2,2,97.0,1108,1
7203825,CVB35.BC,2025-07-07,Reparado / Garantía Lab,3,3,5.0,1113,1
7203825,CVB35.BC,2025-07-10,Reparado / Garantía Lab,4,4,3.0,1116,1
7203825,CVB35.BC,2025-07-15,Reparado / Garantía Lab,5,5,5.0,1121,0
7203825,CVB35.BC,2025-08-19,Reparado / Garantía Lab,6,6,35.0,1156,0
7203826,CVB35.BC,2024-04-05,Reparado,0,0,0.0,0,0
7203827,CVB35.BC,2022-02-07,Reparado,0,0,0.0,0,1
7203827,CVB35.BC,2022-02-14,Reparado / Garantía Lab,1,1,7.0,7,1
7203827,CVB35.BC,2022-02-18,Reparado / Garantía Lab,2,2,4.0,11,0
7203827,CVB35.BC,2022-11-29,Reparado / Garantía Lab,0,3,284.0,295,0
7203828,CVB35.BC,2021-10-09,Reparado,0,0,0.0,0,0
7203828,CVB35.BC,2024-06-05,Reparado / Garantía Lab,0,0,970.0,970,0
7203829,CVB35.BC,2022-02-12,Reparado,0,0,0.0,0,0
7203830,CVB35.BC,2022-07-07,Reparado,0,0,0.0,0,0
7203831,CVB35.BC,2025-07-08,Reparado,0,0,0.0,0,0
7203831,CVB35.BC,2025-10-02,POD Reparado,1,1,86.0,86,0
7203832,CVB35.BC,2022-12-14,Reparado,0,0,0.0,0,0
7203833,CVB35.BC,2022-02-14,Reparado,0,0,0.0,0,1
7203833,CVB35.BC,2022-02-24,Reparado / Garantía Lab,1,1,10.0,10,0
7203833,CVB35.BC,2022-03-28,Reparado / Garantía Lab,2,2,32.0,42,0
7203834,CVB35.BC,2022-02-12,Reparado,0,0,0.0,0,0
7203834,CVB35.BC,2022-06-22,Reparado / Garantía Lab,1,1,130.0,130,0
7203835,CVB35.BC,2022-08-22,Reparado,0,0,0.0,0,0
7203835,CVB35.BC,2023-10-26,Reparado / Garantía Lab,0,0,430.0,430,0
7203835,CVB35.BC,2024-07-10,Reparado / Garantía Lab,0,1,258.0,688,0
7203835,CVB35.BC,2025-07-23,Reparado / Garantía Lab,0,0,378.0,1066,0
7203835,CVB35.BC,2025-10-28,Reparado / Garantía Lab,1,1,97.0,1163,0
7203836,CVB35.BC,2024-12-06,Reparado,0,0,0.0,0,0
7203837,CVB35.BC,2022-12-05,Reparado,0,0,0.0,0,0
7203837,CVB35.BC,2025-07-28,Reparado / Garantía Lab,0,0,966.0,966,0
7203838,CVB35.BC,2022-07-16,Reparado,0,0,0.0,0,0
7203839,CVB35.BC,2022-10-12,Reparado,0,0,0.0,0,0
7203840,CVB35.BC,2021-02-17,Reparado,0,0,0.0,0,1
7203840,CVB35.BC,2021-02-23,Reparado / Garantía Lab,1,1,6.0,6,0
7203840,CVB35.BC,2021-09-07,Reparado / Garantía Lab,0,2,196.0,202,0
7203840,CVB35.BC,2021-12-20,POD Reparado,1,3,104.0,306,0
7203841,CVB35.BC,2022-11-20,Reparado,0,0,0.0,0,0
7203842,CVB35.BC,2023-11-20,Reparado,0,0,0.0,0,0
7203842,CVB35.BC,2024-04-24,Reparado / Garantía Lab,1,1,156.0,156,0
7203842,CVB35.BC,2024-12-11,Reparado / Garantía Lab,0,1,231.0,387,0
7203843,CVB35.BC,2024-08-06,Reparado,0,0,0.0,0,0
7203843,CVB35.BC,2025-08-25,Reparado / Garantía Lab,0,0,384.0,384,0
7203844,CVB35.BC,2022-02-17,Reparado,0,0,0.0,0,1
7203844,CVB35.BC,2022-03-01,Reparado / Garantía Lab,1,1,12.0,12,0
7203844,CVB35.BC,2024-11-25,Reparado / Garantía Lab,0,0,1000.0,1012,0
7203845,CVB35.BC,2021-11-25,Reparado,0,0,0.0,0,0
7203845,CVB35.BC,2025-11-03,Reparado / Garantía Lab,0,0,1439.0,1439,0
7203846,CVB35.BC,2022-09-26,Reparado,0,0,0.0,0,0
7203846,CVB35.BC,2022-11-18,Reparado / Garantía Lab,1,1,53.0,53,0
7203846,CVB35.BC,2025-04-03,Reparado / Garantía Lab,0,0,867.0,920,0
7203846,CVB35.BC,2025-09-02,Reparado / Garantía Lab,1,1,152.0,1072,0
7203847,CVB35.BC,2020-09-11,Reparado,0,0,0.0,0,0
7203847,CVB35.BC,2022-04-14,Reparado / Garantía Lab,0,0,580.0,580,0
7203849,CVB35.BC,2024-10-04,Reparado,0,0,0.0,0,0
7203850,CVB35.BC,2022-10-17,Reparado,0,0,0.0,0,0
7203851,CVB35.BC,2020-11-11,Reparado,0,0,0.0,0,0
7203852,CVB35.BC,2025-10-27,Reparado,0,0,0.0,0,0
7203853,CVB35.BC,2022-09-07,Reparado,0,0,0.0,0,0
7203854,CVB35.BC,2021-11-03,Reparado,0,0,0.0,0,0
7203855,CVB35.BC,2021-11-01,Reparado,0,0,0.0,0,0
7203855,CVB35.BC,2022-01-27,Reparado / Garantía Lab,1,1,87.0,87,1
7203855,CVB35.BC,2022-02-04,Reparado / Garantía Lab,2,2,8.0,95,1
7203855,CVB35.BC,2022-03-03,Reparado / Garantía Lab,3,3,27.0,122,1
7203855,CVB35.BC,2022-03-30,Reparado / Garantía Lab,4,4,27.0,149,0
7203855,CVB35.BC,2024-05-16,Reparado / Garantía Lab,0,0,778.0,927,0
7203856,CVB35.BC,2022-02-17,Reparado,0,0,0.0,0,0
7203856,CVB35.BC,2024-06-18,Reparado / Garantía Lab,0,0,852.0,852,0
7203856,CVB35.BC,2025-10-27,Reparado / Garantía Lab,0,0,496.0,1348,0
7203857,CVB35.BC,2024-04-04,Reparado,0,0,0.0,0,0
7203857,CVB35.BC,2024-05-20,Reparado / Garantía Lab,1,1,46.0,46,0
7203858,CVB35.BC,2023-09-26,Reparado,0,0,0.0,0,0
7203859,CVB35.BC,2025-08-25,Reparado,0,0,0.0,0,0
7203860,CVB35.BC,2021-07-31,Reparado,0,0,0.0,0,0
7203860,CVB35.BC,2021-10-14,Reparado / Garantía Lab,1,1,75.0,75,0
7203860,CVB35.BC,2022-03-11,Reparado / Garantía Lab,1,2,148.0,223,0
7203861,CVB35.BC,2022-03-24,Reparado,0,0,0.0,0,0
7203861,CVB35.BC,2022-08-05,Reparado / Garantía Lab,1,1,134.0,134,0
7203861,CVB35.BC,2022-11-25,Reparado / Garantía Lab,1,2,112.0,246,0
7203862,CVB35.BC,2021-08-03,Reparado,0,0,0.0,0,0
7203862,CVB35.BC,2022-12-13,Reparado / Garantía Lab,0,0,497.0,497,0
7203862,CVB35.BC,2024-11-15,Reparado / Garantía Lab,0,0,703.0,1200,0
7203863,CVB35.BC,2021-09-16,Reparado,0,0,0.0,0,0
7203863,CVB35.BC,2022-03-17,Reparado / Garantía Lab,0,1,182.0,182,1
7203863,CVB35.BC,2022-03-28,Reparado / Garantía Lab,1,2,11.0,193,0
7203863,CVB35.BC,2024-01-22,Reparado / Garantía Lab,0,0,665.0,858,0
7203863,CVB35.BC,2025-07-25,Reparado / Garantía Lab,0,0,550.0,1408,0
7203864,CVB35.BC,2025-02-26,Reparado,0,0,0.0,0,0
7203865,CVB35.BC,2022-02-02,Reparado,0,0,0.0,0,0
7203865,CVB35.BC,2022-06-13,Reparado / Garantía Lab,1,1,131.0,131,1
7203865,CVB35.BC,2022-06-20,Reparado / Garantía Lab,2,2,7.0,138,0
7203866,CVB35.BC,2022-06-24,Reparado,0,0,0.0,0,0
7203866,CVB35.BC,2025-01-13,Reparado / Garantía Lab,0,0,934.0,934,0
7203866,CVB35.BC,2025-11-04,Reparado / Garantía Lab,0,1,295.0,1229,1
7203866,CVB35.BC,2025-11-07,Reparado / Garantía Lab,1,2,3.0,1232,1
7203866,CVB35.BC,2025-11-13,Proceso,2,3,6.0,1238,0
7203867,CVB35.BC,2022-05-17,Reparado,0,0,0.0,0,0
7203867,CVB35.BC,2024-02-17,Reparado / Garantía Lab,0,0,641.0,641,0
7203867,CVB35.BC,2025-10-09,Reparado / Garantía Lab,0,0,600.0,1241,0
7203868,CVB35.BC,2021-01-27,Reparado,0,0,0.0,0,0
7203868,CVB35.BC,2022-11-20,Reparado / Garantía Lab,0,0,662.0,662,0
7203868,CVB35.BC,2023-04-27,Reparado / Garantía Lab,1,1,158.0,820,0
7203868,CVB35.BC,2023-06-24,Reparado / Garantía Lab,1,2,58.0,878,0
7203868,CVB35.BC,2023-08-08,Reparado / Garantía Lab,2,3,45.0,923,1
7203868,CVB35.BC,2023-08-16,Reparado / Garantía Lab,3,4,8.0,931,0
7203868,CVB35.BC,2023-11-05,Reparado / Garantía Lab,3,5,81.0,1012,0
7203868,CVB35.BC,2023-12-06,Reparado / Garantía Lab,4,5,31.0,1043,0
7203868,CVB35.BC,2024-02-22,Reparado / Garantía Lab,2,6,78.0,1121,1
7203868,CVB35.BC,2024-02-27,Reparado / Garantía Lab,3,7,5.0,1126,0
7203868,CVB35.BC,2024-07-09,Reparado / Garantía Lab,2,6,133.0,1259,1
7203868,CVB35.BC,2024-07-31,Reparado / Garantía Lab,3,7,22.0,1281,0
7203868,CVB35.BC,2024-09-10,Reparado / Garantía Lab,2,6,41.0,1322,0
7203869,CVB35.BC,2022-02-13,Reparado,0,0,0.0,0,0
7203870,CVB35.BC,2021-09-22,Reparado,0,0,0.0,0,0
7203870,CVB35.BC,2022-03-09,Reparado / Garantía Lab,1,1,168.0,168,1
7203870,CVB35.BC,2022-03-22,Reparado / Garantía Lab,1,2,13.0,181,1
7203870,CVB35.BC,2022-03-28,Reparado / Garantía Lab,2,3,6.0,187,0
7203870,CVB35.BC,2022-09-05,Reparado / Garantía Lab,3,4,161.0,348,0
7203870,CVB35.BC,2025-06-04,POD Reparado,0,0,1003.0,1351,1
7203870,CVB35.BC,2025-06-06,Reparado / Garantía Lab,1,1,2.0,1353,0
7203871,CVB35.BC,2024-04-09,Reparado,0,0,0.0,0,0
7203871,CVB35.BC,2025-02-12,Reparado / Garantía Lab,0,1,309.0,309,0
7203873,CVB35.BC,2021-11-04,Reparado,0,0,0.0,0,0
7203873,CVB35.BC,2021-12-29,Reparado / Garantía Lab,1,1,55.0,55,0
7203874,CVB35.BC,2021-08-21,Reparado,0,0,0.0,0,0
7203874,CVB35.BC,2021-09-27,Reparado / Garantía Lab,1,1,37.0,37,0
7203875,CVB35.BC,2022-03-23,Reparado,0,0,0.0,0,0
7203876,CVB35.BC,2022-09-19,Reparado,0,0,0.0,0,0
7203878,CVB35.BC,2022-08-25,Reparado,0,0,0.0,0,0
7203878,CVB35.BC,2024-05-10,Reparado / Garantía Lab,0,0,624.0,624,0
7203879,CVB35.BC,2024-05-10,Reparado,0,0,0.0,0,0
7203880,CVB35.BC,2024-03-07,Reparado,0,0,0.0,0,0
7203880,CVB35.BC,2025-04-02,Reparado / Garantía Lab,0,0,391.0,391,0
7203882,CVB35.BC,2022-03-25,Reparado,0,0,0.0,0,0
7203883,CVB35.BC,2021-02-17,Reparado,0,0,0.0,0,1
7203883,CVB35.BC,2021-02-19,Reparado / Garantía Lab,1,1,2.0,2,0
7203883,CVB35.BC,2021-05-07,Reparado / Garantía Lab,2,2,77.0,79,0
7203883,CVB35.BC,2022-03-14,Reparado / Garantía Lab,0,1,311.0,390,0
7203883,CVB35.BC,2023-01-12,Reparado / Garantía Lab,0,1,304.0,694,0
7203883,CVB35.BC,2024-04-24,Reparado / Garantía Lab,0,0,468.0,1162,0
7203883,CVB35.BC,2024-10-11,Reparado / Garantía Lab,1,1,170.0,1332,0
7203883,CVB35.BC,2024-12-17,Reparado / Garantía Lab,1,2,67.0,1399,0
7203884,CVB35.BC,2021-08-31,Reparado,0,0,0.0,0,0
7203884,CVB35.BC,2022-04-21,Reparado / Garantía Lab,0,1,233.0,233,0
7203885,CVB35.BC,2024-06-28,Reparado,0,0,0.0,0,0
7203886,CVB35.BC,2021-02-26,Reparado,0,0,0.0,0,0
7203886,CVB35.BC,2021-07-23,Reparado / Garantía Lab,1,1,147.0,147,0
7203886,CVB35.BC,2022-10-18,Reparado / Garantía Lab,0,0,452.0,599,0
7203886,CVB35.BC,2022-11-23,Reparado / Garantía Lab,1,1,36.0,635,0
7203887,CVB35.BC,2023-03-24,Reparado,0,0,0.0,0,0
7203887,CVB35.BC,2023-10-21,Reparado / Garantía Lab,0,1,211.0,211,0
7203887,CVB35.BC,2023-12-01,Reparado / Garantía Lab,1,2,41.0,252,1
7203887,CVB35.BC,2023-12-27,Reparado / Garantía Lab,2,3,26.0,278,0
7203887,CVB35.BC,2024-08-14,Reparado / Garantía Lab,0,3,231.0,509,0
7203887,CVB35.BC,2024-10-09,Reparado / Garantía Lab,1,4,56.0,565,0
7203888,CVB35.BC,2023-05-22,Reparado,0,0,0.0,0,0
7203888,CVB35.BC,2023-08-04,Reparado / Garantía Lab,1,1,74.0,74,0
7203888,CVB35.BC,2023-10-13,Reparado / Garantía Lab,2,2,70.0,144,0
7203888,CVB35.BC,2024-04-05,Reparado / Garantía Lab,1,3,175.0,319,1
7203888,CVB35.BC,2024-04-11,Reparado / Garantía Lab,1,4,6.0,325,1
7203888,CVB35.BC,2024-04-26,Reparado / Garantía Lab,2,5,15.0,340,1
7203888,CVB35.BC,2024-05-09,Reparado / Garantía Lab,3,6,13.0,353,0
7203888,CVB35.BC,2024-06-21,Reparado / Garantía Lab,4,6,43.0,396,0
7203888,CVB35.BC,2024-08-06,Reparado / Garantía Lab,5,6,46.0,442,0
7203888,CVB35.BC,2025-05-14,Reparado / Garantía Lab,0,2,281.0,723,0
7203888,CVB35.BC,2025-08-22,Reparado / Garantía Lab,1,1,100.0,823,0
7203888,CVB35.BC,2025-09-23,Reparado / Garantía Lab,2,2,32.0,855,1
7203888,CVB35.BC,2025-09-26,Reparado / Garantía Lab,3,3,3.0,858,0
7203889,CVB35.BC,2021-02-01,Reparado,0,0,0.0,0,0
7203889,CVB35.BC,2021-03-17,Reparado / Garantía Lab,1,1,44.0,44,1
7203889,CVB35.BC,2021-03-25,Reparado / Garantía Lab,2,2,8.0,52,0
7203889,CVB35.BC,2021-10-08,Reparado / Garantía Lab,0,3,197.0,249,0
7203889,CVB35.BC,2022-04-06,Reparado / Garantía Lab,1,1,180.0,429,1
7203889,CVB35.BC,2022-04-23,Reparado / Garantía Lab,1,2,17.0,446,0
7203889,CVB35.BC,2022-07-08,Reparado / Garantía Lab,2,3,76.0,522,0
7203890,CVB35.BC,2022-02-10,Reparado,0,0,0.0,0,0
7203890,CVB35.BC,2025-05-19,Reparado / Garantía Lab,0,0,1194.0,1194,0
7203891,CVB35.BC,2022-07-06,Reparado,0,0,0.0,0,0
7203891,CVB35.BC,2024-02-15,Reparado / Garantía Lab,0,0,589.0,589,0
7203891,CVB35.BC,2024-12-31,Reparado / Garantía Lab,0,1,320.0,909,0
7203892,CVB35.BC,2022-11-05,Reparado,0,0,0.0,0,1
7203892,CVB35.BC,2022-11-23,Reparado / Garantía Lab,1,1,18.0,18,0
7203892,CVB35.BC,2024-08-27,Reparado / Garantía Lab,0,0,643.0,661,0
7203893,CVB35.BC,2022-02-18,Reparado,0,0,0.0,0,0
7203894,CVB35.BC,2022-02-13,Reparado,0,0,0.0,0,0
7203894,CVB35.BC,2022-04-22,Reparado / Garantía Lab,1,1,68.0,68,0
7203894,CVB35.BC,2024-06-10,Reparado / Garantía Lab,0,0,780.0,848,0
7203894,CVB35.BC,2025-06-06,Reparado / Garantía Lab,0,1,361.0,1209,0
7203895,CVB35.BC,2022-02-11,Reparado,0,0,0.0,0,0
7203896,CVB35.BC,2022-10-17,Reparado,0,0,0.0,0,0
7203897,CVB35.BC,2022-02-14,Reparado,0,0,0.0,0,0
7203897,CVB35.BC,2024-12-11,Reparado / Garantía Lab,0,0,1031.0,1031,1
7203897,CVB35.BC,2024-12-16,Reparado / Garantía Lab,1,1,5.0,1036,0
7203898,CVB35.BC,2021-02-17,Reparado,0,0,0.0,0,0
7203898,CVB35.BC,2022-02-11,Reparado,0,1,359.0,359,0
7203898,CVB35.BC,2023-02-08,Reparado / Garantía Lab,0,1,362.0,721,1
7203898,CVB35.BC,2023-02-16,Reparado / Garantía Lab,1,1,8.0,729,0
7203898,CVB35.BC,2024-05-08,Reparado / Garantía Lab,0,0,447.0,1176,0
7203898,CVB35.BC,2025-06-30,Reparado / Garantía Lab,0,0,418.0,1594,0
7203899,CVB35.BC,2022-06-11,Reparado,0,0,0.0,0,0
7203902,CVB35.BC,2022-10-14,Reparado,0,0,0.0,0,0
7203903,CVB35.BC,2021-06-03,Reparado,0,0,0.0,0,0
7203903,CVB35.BC,2023-10-26,Reparado / Garantía Lab,0,0,875.0,875,0
7203905,CVB35.BC,2022-11-11,Reparado,0,0,0.0,0,1
7203905,CVB35.BC,2022-11-17,Reparado / Garantía Lab,1,1,6.0,6,1
7203905,CVB35.BC,2022-12-06,Reparado / Garantía Lab,2,2,19.0,25,1
7203905,CVB35.BC,2022-12-09,Reparado / Garantía Lab,3,3,3.0,28,0
7203905,CVB35.BC,2025-08-29,Reparado / Garantía Lab,0,0,994.0,1022,0
7203906,CVB35.BC,2022-02-09,Reparado,0,0,0.0,0,0
7203907,CVB35.BC,2021-10-15,Reparado,0,0,0.0,0,0
7203907,CVB35.BC,2022-07-26,Reparado / Garantía Lab,0,1,284.0,284,0
7203908,CVB35.BC,2021-02-21,Reparado,0,0,0.0,0,0
7203908,CVB35.BC,2022-05-11,Reparado / Garantía Lab,0,0,444.0,444,1
7203908,CVB35.BC,2022-05-19,Reparado / Garantía Lab,1,1,8.0,452,1
7203908,CVB35.BC,2022-05-24,Reparado / Garantía Lab,2,2,5.0,457,0
7203909,CVB35.BC,2023-09-22,Reparado,0,0,0.0,0,0
7203910,CVB35.BC,2021-01-27,Reparado,0,0,0.0,0,0
7203910,CVB35.BC,2024-05-13,Reparado / Garantía Lab,0,0,1202.0,1202,0
7203911,CVB35.BC,2023-09-11,Reparado,0,0,0.0,0,0
7203913,CVB35.BC,2023-05-18,Reparado,0,0,0.0,0,0
7203914,CVB35.BC,2021-04-13,Reparado,0,0,0.0,0,0
7203914,CVB35.BC,2021-08-07,POD Reparado,1,1,116.0,116,0
7203914,CVB35.BC,2023-01-06,Reparado / Garantía Lab,0,0,517.0,633,0
7203914,CVB35.BC,2024-04-26,Reparado / Garantía Lab,0,0,476.0,1109,0
7203914,CVB35.BC,2024-06-17,Reparado / Garantía Lab,1,1,52.0,1161,0
7203914,CVB35.BC,2025-11-18,Reparado / Garantía Lab,0,0,519.0,1680,0
7203915,CVB35.BC,2022-02-11,Reparado,0,0,0.0,0,1
7203915,CVB35.BC,2022-02-21,Reparado / Garantía Lab,1,1,10.0,10,1
7203915,CVB35.BC,2022-03-01,Reparado / Garantía Lab,2,2,8.0,18,0
7203915,CVB35.BC,2025-09-30,Reparado / Garantía Lab,0,0,1309.0,1327,1
7203915,CVB35.BC,2025-10-09,Reparado / Garantía Lab,1,1,9.0,1336,0
7203917,CVB35.BC,2022-11-15,Reparado,0,0,0.0,0,0
7203917,CVB35.BC,2025-02-07,Reparado / Garantía Lab,0,0,815.0,815,1
7203917,CVB35.BC,2025-02-18,Reparado / Garantía Lab,1,1,11.0,826,0
7203918,CVB35.BC,2021-09-16,Reparado,0,0,0.0,0,0
7203919,CVB35.BC,2022-02-11,Reparado,0,0,0.0,0,0
7203920,CVB35.BC,2022-02-08,Reparado,0,0,0.0,0,0
7203920,CVB35.BC,2025-02-12,Reparado / Garantía Lab,0,0,1100.0,1100,0
7203921,CVB35.BC,2022-08-01,Reparado,0,0,0.0,0,0
7203921,CVB35.BC,2022-11-25,Reparado / Garantía Lab,1,1,116.0,116,0
7203923,CVB35.BC,2022-02-12,Reparado,0,0,0.0,0,0
7203924,CVB35.BC,2021-02-15,Reparado,0,0,0.0,0,0
7203924,CVB35.BC,2021-05-04,Reparado / Garantía Lab,1,1,78.0,78,0
7203924,CVB35.BC,2022-11-07,Reparado / Garantía Lab,0,0,552.0,630,0
7203925,CVB35.BC,2022-09-12,Reparado,0,0,0.0,0,0
7203925,CVB35.BC,2025-07-23,Reparado / Garantía Lab,0,0,1045.0,1045,0
7203926,CVB35.BC,2021-07-30,POD,0,0,0.0,0,0
7203926,CVB35.BC,2021-07-30,POD Reparado,0,0,0.0,0,0
7203926,CVB35.BC,2022-05-21,Reparado / Garantía Lab,0,2,295.0,295,0
7203927,CVB35.BC,2024-04-30,Reparado,0,0,0.0,0,0
7203928,CVB35.BC,2022-06-10,Reparado,0,0,0.0,0,0
7203929,CVB35.BC,2021-08-10,Reparado,0,0,0.0,0,0
7203930,CVB35.BC,2022-10-19,Reparado,0,0,0.0,0,0
7203931,CVB35.BC,2025-09-30,POD Reparado,0,0,0.0,0,0
7203932,CVB35.BC,2024-10-22,Reparado,0,0,0.0,0,0
7203933,CVB35.BC,2022-08-03,Reparado,0,0,0.0,0,0
7203934,CVB35.BC,2021-10-15,Reparado,0,0,0.0,0,0
7203934,CVB35.BC,2022-08-24,Reparado / Garantía Lab,0,1,313.0,313,0
7203936,CVB35.BC,2021-02-08,Reparado,0,0,0.0,0,0
7203936,CVB35.BC,2022-10-05,Reparado,0,0,604.0,604,0
7203937,CVB35.BC,2022-07-14,Reparado,0,0,0.0,0,0
7203937,CVB35.BC,2025-10-07,Reparado / Garantía Lab,0,0,1181.0,1181,0
7203939,CVB35.BC,2024-02-15,Reparado,0,0,0.0,0,0
7203940,CVB35.BC,2023-10-26,Reparado,0,0,0.0,0,0
7203940,CVB35.BC,2025-02-06,Reparado / Garantía Lab,0,0,469.0,469,0
7203940,CVB35.BC,2025-03-28,POD Reparado,1,1,50.0,519,0
7203940,CVB35.BC,2025-06-03,Reparado / Garantía Lab,2,2,67.0,586,0
7203940,CVB35.BC,2025-10-02,Reparado / Garantía Lab,1,3,121.0,707,0
7203941,CVB35.BC,2022-02-17,Reparado,0,0,0.0,0,0
7203941,CVB35.BC,2024-01-31,Reparado / Garantía Lab,0,0,713.0,713,0
7203942,CVB35.BC,2021-05-12,Reparado,0,0,0.0,0,0
7203944,CVB35.BC,2021-09-30,Reparado,0,0,0.0,0,0
7203944,CVB35.BC,2021-12-08,Reparado / Garantía Lab,1,1,69.0,69,0
7203944,CVB35.BC,2025-08-04,Reparado / Garantía Lab,0,0,1335.0,1404,0
7203945,CVB35.BC,2023-08-28,Reparado / Garantía Lab,0,0,0.0,0,0
7203945,CVB35.BC,2023-11-23,Reparado / Garantía Lab,1,1,87.0,87,0
7203945,CVB35.BC,2023-12-30,Reparado / Garantía Lab,2,2,37.0,124,0
7203945,CVB35.BC,2024-02-16,Reparado / Garantía Lab,3,3,48.0,172,0
7203945,CVB35.BC,2024-05-10,Reparado / Garantía Lab,3,4,84.0,256,1
7203945,CVB35.BC,2024-05-16,Reparado / Garantía Lab,4,5,6.0,262,0
7203945,CVB35.BC,2024-09-13,Reparado / Garantía Lab,2,5,120.0,382,1
7203945,CVB35.BC,2024-09-26,Reparado / Garantía Lab,3,6,13.0,395,1
7203945,CVB35.BC,2024-10-15,Reparado / Garantía Lab,4,7,19.0,414,0
7203945,CVB35.BC,2025-03-04,Reparado / Garantía Lab,3,5,140.0,554,0
7203945,CVB35.BC,2025-05-08,Reparado / Garantía Lab,1,6,65.0,619,1
7203945,CVB35.BC,2025-05-14,Reparado / Garantía Lab,2,6,6.0,625,1
7203945,CVB35.BC,2025-05-22,Reparado / Garantía Lab,3,6,8.0,633,1
7203945,CVB35.BC,2025-06-09,Reparado / Garantía Lab,4,7,18.0,651,1
7203945,CVB35.BC,2025-06-25,Reparado,5,8,16.0,667,1
7203945,CVB35.BC,2025-07-18,POD Reparado,6,9,23.0,690,0
7203945,CVB35.BC,2025-08-22,Reparado / Garantía Lab,7,10,35.0,725,1
7203945,CVB35.BC,2025-09-11,Reparado / Garantía Lab,7,11,20.0,745,1
7203945,CVB35.BC,2025-09-16,Reparado / Garantía Lab,8,11,5.0,750,0
7203945,CVB35.BC,2025-10-30,POD Reparado,9,10,44.0,794,1
7203945,CVB35.BC,2025-11-27,Proceso,7,11,28.0,822,0
7203947,CVB35.BC,2022-02-11,Reparado,0,0,0.0,0,0
7203947,CVB35.BC,2022-07-09,Reparado / Garantía Lab,1,1,148.0,148,0
7203948,CVB35.BC,2021-05-24,Reparado,0,0,0.0,0,0
7203948,CVB35.BC,2021-10-14,Reparado / Garantía Lab,1,1,143.0,143,0
7203948,CVB35.BC,2024-09-05,Reparado / Garantía Lab,0,0,1057.0,1200,0
7203948,CVB35.BC,2025-08-19,Reparado / Garantía Lab,0,1,348.0,1548,0
7203950,CVB35.BC,2022-06-24,Reparado,0,0,0.0,0,0
7203950,CVB35.BC,2025-09-17,Reparado / Garantía Lab,0,0,1181.0,1181,0
7203953,CVB35.BC,2024-08-12,POD Reparado,0,0,0.0,0,0
7203954,CVB35.BC,2022-08-17,Reparado,0,0,0.0,0,0
7203954,CVB35.BC,2023-06-06,Reparado / Garantía Lab,0,1,293.0,293,0
7203955,CVB35.BC,2022-02-24,Reparado,0,0,0.0,0,1
7203955,CVB35.BC,2022-03-04,Reparado / Garantía Lab,1,1,8.0,8,0
7203958,CVB35.BC,2021-04-28,Reparado,0,0,0.0,0,0
7203959,CVB35.BC,2022-07-18,Reparado,0,0,0.0,0,0
7203959,CVB35.BC,2022-09-14,Reparado / Garantía Lab,1,1,58.0,58,0
7203960,CVB35.BC,2022-08-03,Reparado,0,0,0.0,0,0
7203961,CVB35.BC,2022-09-09,Reparado,0,0,0.0,0,0
7203961,CVB35.BC,2022-11-15,Reparado / Garantía Lab,1,1,67.0,67,0
7203961,CVB35.BC,2024-08-12,Reparado / Garantía Lab,0,0,636.0,703,0
7203962,CVB35.BC,2022-03-10,Reparado,0,0,0.0,0,0
7203962,CVB35.BC,2025-02-06,Reparado / Garantía Lab,0,0,1064.0,1064,0
7203962,CVB35.BC,2025-05-06,Reparado / Garantía Lab,1,1,89.0,1153,0
7203962,CVB35.BC,2025-06-13,Reparado / Garantía Lab,2,2,38.0,1191,0
7203963,CVB35.BC,2021-08-04,Reparado,0,0,0.0,0,0
7203966,CVB35.BC,2021-01-27,Reparado,0,0,0.0,0,0
7203966,CVB35.BC,2024-01-15,Reparado / Garantía Lab,0,0,1083.0,1083,0
7203966,CVB35.BC,2025-08-08,Reparado / Garantía Lab,0,0,571.0,1654,0
7203968,CVB35.BC,2022-02-17,Reparado,0,0,0.0,0,0
7203968,CVB35.BC,2023-10-16,Reparado / Garantía Lab,0,0,606.0,606,0
7203972,CVB35.BC,2021-10-16,Reparado,0,0,0.0,0,0
7203972,CVB35.BC,2022-03-09,Reparado / Garantía Lab,1,1,144.0,144,0
7203972,CVB35.BC,2023-10-20,POD Reparado,0,0,590.0,734,0
7203973,CVB35.BC,2023-06-15,Reparado,0,0,0.0,0,0
7203973,CVB35.BC,2024-04-16,Reparado / Garantía Lab,0,1,306.0,306,0
7203974,CVB35.BC,2022-01-26,Reparado,0,0,0.0,0,0
7203975,CVB35.BC,2024-03-21,Reparado,0,0,0.0,0,0
7203976,CVB35.BC,2021-09-25,POD Reparado,0,0,0.0,0,0
7203976,CVB35.BC,2024-02-25,Reparado / Garantía Lab,0,0,883.0,883,0
7203976,CVB35.BC,2025-07-21,Reparado / Garantía Lab,0,0,512.0,1395,0
7203977,CVB35.BC,2022-02-11,Reparado,0,0,0.0,0,0
7203977,CVB35.BC,2024-02-05,Reparado / Garantía Lab,0,0,724.0,724,0
7203977,CVB35.BC,2025-08-06,Reparado / Garantía Lab,0,0,548.0,1272,0
7203978,CVB35.BC,2022-10-06,Reparado,0,0,0.0,0,0
7203978,CVB35.BC,2024-05-28,Reparado / Garantía Lab,0,0,600.0,600,0
7203979,CVB35.BC,2022-09-23,Reparado,0,0,0.0,0,0
7203981,CVB35.BC,2022-02-19,Reparado,0,0,0.0,0,0
7203982,CVB35.BC,2022-05-04,Reparado,0,0,0.0,0,0
7203982,CVB35.BC,2023-04-08,Reparado / Garantía Lab,0,1,339.0,339,1
7203982,CVB35.BC,2023-04-17,Reparado / Garantía Lab,1,2,9.0,348,0
7203983,CVB35.BC,2022-02-28,Reparado,0,0,0.0,0,0
7203983,CVB35.BC,2024-07-16,POD Reparado,0,0,869.0,869,0
7203984,CVB35.BC,2024-05-22,Reparado,0,0,0.0,0,0
7203984,CVB35.BC,2025-08-07,Reparado / Garantía Lab,0,0,442.0,442,0
7203985,CVB35.BC,2022-12-05,Reparado,0,0,0.0,0,0
7203985,CVB35.BC,2024-07-17,Reparado / Garantía Lab,0,0,590.0,590,0
7203986,CVB35.BC,2022-02-16,Reparado,0,0,0.0,0,0
7203987,CVB35.BC,2021-11-23,Reparado,0,0,0.0,0,0
7203987,CVB35.BC,2022-03-11,Reparado / Garantía Lab,1,1,108.0,108,1
7203987,CVB35.BC,2022-03-17,Reparado / Garantía Lab,2,2,6.0,114,1
7203987,CVB35.BC,2022-03-25,Reparado / Garantía Lab,3,3,8.0,122,0
7203988,CVB35.BC,2022-05-11,Reparado,0,0,0.0,0,0
7203988,CVB35.BC,2022-07-14,Reparado / Garantía Lab,1,1,64.0,64,1
7203988,CVB35.BC,2022-08-03,Reparado / Garantía Lab,2,2,20.0,84,0
7203988,CVB35.BC,2023-10-20,Reparado / Garantía Lab,0,0,443.0,527,0
7203988,CVB35.BC,2025-04-22,Reparado / Garantía Lab,0,0,550.0,1077,0
7203989,CVB35.BC,2022-02-17,Reparado,0,0,0.0,0,0
7203989,CVB35.BC,2024-10-01,POD Reparado,0,0,957.0,957,0
7203989,CVB35.BC,2025-09-02,POD Reparado,0,1,336.0,1293,0
7203990,CVB35.BC,2021-07-27,Reparado,0,0,0.0,0,0
7203990,CVB35.BC,2021-12-13,Reparado / Garantía Lab,1,1,139.0,139,0
7203991,CVB35.BC,2020-11-20,Reparado,0,0,0.0,0,0
7203991,CVB35.BC,2021-06-16,Reparado / Garantía Lab,0,1,208.0,208,0
7203992,CVB35.BC,2021-02-25,Reparado,0,0,0.0,0,1
7203992,CVB35.BC,2021-02-26,Reparado,1,1,1.0,1,0
7203992,CVB35.BC,2022-09-05,Reparado / Garantía Lab,0,0,556.0,557,0
7203992,CVB35.BC,2024-09-03,Reparado / Garantía Lab,0,0,729.0,1286,0
7203993,CVB35.BC,2024-04-30,Reparado,0,0,0.0,0,0
7203994,CVB35.BC,2022-11-19,Reparado,0,0,0.0,0,0
7203994,CVB35.BC,2024-12-09,Reparado / Garantía Lab,0,0,751.0,751,0
7203995,CVB35.BC,2021-08-17,Reparado,0,0,0.0,0,0
7203995,CVB35.BC,2025-02-12,Reparado / Garantía Lab,0,0,1275.0,1275,1
7203995,CVB35.BC,2025-02-17,Reparado / Garantía Lab,1,1,5.0,1280,1
7203995,CVB35.BC,2025-02-19,Reparado / Garantía Lab,2,2,2.0,1282,0
7203995,CVB35.BC,2025-09-05,Reparado / Garantía Lab,0,3,198.0,1480,0
7203996,CVB35.BC,2021-02-05,POD Reparado,0,0,0.0,0,0
7203996,CVB35.BC,2021-03-11,Reparado / Garantía Lab,1,1,34.0,34,0
7203996,CVB35.BC,2024-05-18,Reparado / Garantía Lab,0,0,1164.0,1198,0
7203997,CVB35.BC,2024-04-22,Reparado,0,0,0.0,0,0
7203997,CVB35.BC,2024-11-27,Reparado / Garantía Lab,0,1,219.0,219,0
7203998,CVB35.BC,2023-08-31,Reparado,0,0,0.0,0,0
7203998,CVB35.BC,2025-11-11,POD Reparado,0,0,803.0,803,0
7204000,CVB35.BC,2023-10-24,Reparado / Garantía Lab,0,0,0.0,0,1
7204000,CVB35.BC,2023-10-31,Reparado / Garantía Lab,1,1,7.0,7,0
7204000,CVB35.BC,2025-05-19,Reparado / Garantía Lab,0,0,566.0,573,0
7204001,CVB35.BC,2022-02-17,Reparado,0,0,0.0,0,0
7204001,CVB35.BC,2022-11-29,Reparado / Garantía Lab,0,1,285.0,285,1
7204001,CVB35.BC,2022-12-12,Reparado / Garantía Lab,1,2,13.0,298,0
7204002,CVB35.BC,2021-07-05,Reparado,0,0,0.0,0,0
7204002,CVB35.BC,2022-04-08,Reparado / Garantía Lab,0,1,277.0,277,0
7204003,CVB35.BC,2024-05-31,Reparado,0,0,0.0,0,0
7204003,CVB35.BC,2024-10-28,Reparado / Garantía Lab,1,1,150.0,150,1
7204003,CVB35.BC,2024-10-30,Reparado / Garantía Lab,2,2,2.0,152,0
7204003,CVB35.BC,2025-01-28,Reparado / Garantía Lab,2,3,90.0,242,0
7204003,CVB35.BC,2025-03-20,Reparado / Garantía Lab,3,4,51.0,293,1
7204003,CVB35.BC,2025-03-25,Reparado / Garantía Lab,4,5,5.0,298,0
7204003,CVB35.BC,2025-06-26,Reparado / Garantía Lab,3,5,93.0,391,1
7204003,CVB35.BC,2025-07-18,Reparado / Garantía Lab,4,6,22.0,413,0
7204003,CVB35.BC,2025-09-26,Reparado / Garantía Lab,2,7,70.0,483,0
7204004,CVB35.BC,2022-06-16,Reparado,0,0,0.0,0,0
7204005,CVB35.BC,2023-10-21,Reparado,0,0,0.0,0,0
7204006,CVB35.BC,2022-01-27,Reparado,0,0,0.0,0,0
7204007,CVB35.BC,2022-02-15,Reparado,0,0,0.0,0,0
7204007,CVB35.BC,2023-11-30,Reparado / Garantía Lab,0,0,653.0,653,0
7204007,CVB35.BC,2024-02-13,Reparado / Garantía Lab,1,1,75.0,728,1
7204007,CVB35.BC,2024-02-19,Reparado / Garantía Lab,2,2,6.0,734,0
7204008,CVB35.BC,2021-08-20,Reparado,0,0,0.0,0,0
7204009,CVB35.BC,2023-06-29,Reparado,0,0,0.0,0,0
7204009,CVB35.BC,2023-09-30,Reparado / Garantía Lab,1,1,93.0,93,0
7204010,CVB35.BC,2025-09-05,Reparado,0,0,0.0,0,0
7204010,CVB35.BC,2025-10-27,Reparado / Garantía Lab,1,1,52.0,52,0
7204011,CVB35.BC,2023-05-18,Reparado,0,0,0.0,0,0
7204011,CVB35.BC,2024-07-05,Reparado / Garantía Lab,0,0,414.0,414,0
7204011,CVB35.BC,2024-11-05,Reparado / Garantía Lab,1,1,123.0,537,1
7204011,CVB35.BC,2024-11-07,Reparado / Garantía Lab,2,2,2.0,539,0
7204012,CVB35.BC,2022-03-22,Reparado,0,0,0.0,0,0
7204012,CVB35.BC,2025-01-22,Reparado / Garantía Lab,0,0,1037.0,1037,1
7204012,CVB35.BC,2025-01-27,Reparado / Garantía Lab,1,1,5.0,1042,0
7204012,CVB35.BC,2025-11-03,Reparado / Garantía Lab,0,2,280.0,1322,0
7204013,CVB35.BC,2022-05-25,Reparado,0,0,0.0,0,0
7204014,CVB35.BC,2021-09-08,Reparado,0,0,0.0,0,0
7204014,CVB35.BC,2021-11-24,Reparado / Garantía Lab,1,1,77.0,77,0
7204015,CVB35.BC,2022-10-14,Reparado,0,0,0.0,0,0
7204016,CVB35.BC,2023-08-21,Reparado,0,0,0.0,0,0
7204017,CVB35.BC,2022-08-20,Reparado,0,0,0.0,0,0
7204017,CVB35.BC,2022-11-23,Reparado / Garantía Lab,1,1,95.0,95,0
7204018,CVB35.BC,2021-02-17,Reparado,0,0,0.0,0,0
7204018,CVB35.BC,2022-09-15,Reparado / Garantía Lab,0,0,575.0,575,0
7204018,CVB35.BC,2022-12-12,Reparado / Garantía Lab,1,1,88.0,663,0
7204018,CVB35.BC,2023-10-26,Reparado / Garantía Lab,0,1,318.0,981,0
7204018,CVB35.BC,2023-12-18,Reparado / Garantía Lab,1,1,53.0,1034,1
7204018,CVB35.BC,2023-12-22,Reparado / Garantía Lab,2,2,4.0,1038,1
7204018,CVB35.BC,2023-12-28,Reparado / Garantía Lab,3,3,6.0,1044,0
7204019,CVB35.BC,2022-12-05,Reparado,0,0,0.0,0,0
7204021,CVB35.BC,2021-08-13,Reparado,0,0,0.0,0,0
7204021,CVB35.BC,2021-12-11,Reparado / Garantía Lab,1,1,120.0,120,0
7204022,CVB35.BC,2022-02-10,Reparado,0,0,0.0,0,0
7204022,CVB35.BC,2023-08-22,Reparado / Garantía Lab,0,0,558.0,558,0
7204025,CVB35.BC,2021-05-13,Reparado,0,0,0.0,0,0
7204025,CVB35.BC,2022-05-04,Reparado / Garantía Lab,0,1,356.0,356,0
7204026,CVB35.BC,2021-07-07,Reparado,0,0,0.0,0,0
7204026,CVB35.BC,2025-06-25,Reparado / Garantía Lab,0,0,1449.0,1449,0
7204027,CVB35.BC,2022-02-17,Reparado,0,0,0.0,0,0
7204027,CVB35.BC,2023-01-20,Reparado / Garantía Lab,0,1,337.0,337,0
7204027,CVB35.BC,2025-11-06,Reparado / Garantía Lab,0,0,1021.0,1358,0
7204028,CVB35.BC,2022-09-29,Reparado,0,0,0.0,0,0
7204028,CVB35.BC,2025-09-16,Reparado / Garantía Lab,0,0,1083.0,1083,1
7204028,CVB35.BC,2025-09-23,Reparado / Garantía Lab,1,1,7.0,1090,0
7204029,CVB35.BC,2022-05-04,Reparado,0,0,0.0,0,0
7204030,CVB35.BC,2021-02-15,Reparado,0,0,0.0,0,1
7204030,CVB35.BC,2021-02-23,Reparado / Garantía Lab,1,1,8.0,8,0
7204030,CVB35.BC,2025-10-20,Reparado / Garantía Lab,0,0,1700.0,1708,0
7204032,CVB35.BC,2021-07-27,Reparado,0,0,0.0,0,0
7204033,CVB35.BC,2021-08-09,Reparado,0,0,0.0,0,0
7204033,CVB35.BC,2024-02-13,Reparado / Garantía Lab,0,0,918.0,918,0
7204033,CVB35.BC,2025-08-11,Reparado / Garantía Lab,0,0,545.0,1463,0
7204033,CVB35.BC,2025-09-16,Reparado / Garantía Lab,1,1,36.0,1499,1
7204033,CVB35.BC,2025-09-24,Reparado / Garantía Lab,2,2,8.0,1507,0
7204034,CVB35.BC,2022-08-01,Reparado,0,0,0.0,0,0
7204035,CVB35.BC,2024-04-22,Reparado,0,0,0.0,0,0
7204036,CVB35.BC,2020-01-28,Reparado / Garantía Lab,0,0,0.0,0,0
7204036,CVB35.BC,2021-03-04,Reparado,0,0,401.0,401,0
7204036,CVB35.BC,2024-01-18,Reparado / Garantía Lab,0,0,1050.0,1451,0
7204036,CVB35.BC,2024-08-12,Reparado / Garantía Lab,0,1,207.0,1658,0
7204037,CVB35.BC,2023-02-14,Reparado,0,0,0.0,0,0
7204039,CVB35.BC,2024-02-01,Reparado,0,0,0.0,0,0
7204039,CVB35.BC,2025-10-15,Reparado / Garantía Lab,0,0,622.0,622,0
7204040,CVB35.BC,2022-02-10,Reparado,0,0,0.0,0,0
7204041,CVB35.BC,2022-02-24,Reparado,0,0,0.0,0,0
7204041,CVB35.BC,2022-08-08,Reparado / Garantía Lab,1,1,165.0,165,0
7204041,CVB35.BC,2022-10-05,Reparado / Garantía Lab,1,2,58.0,223,0
7204041,CVB35.BC,2022-11-15,Reparado / Garantía Lab,2,3,41.0,264,0
7204041,CVB35.BC,2024-05-12,Reparado / Garantía Lab,0,0,544.0,808,1
7204041,CVB35.BC,2024-05-16,Reparado / Garantía Lab,1,1,4.0,812,1
7204041,CVB35.BC,2024-05-27,Reparado / Garantía Lab,2,2,11.0,823,1
7204041,CVB35.BC,2024-06-14,Reparado / Garantía Lab,3,3,18.0,841,0
7204041,CVB35.BC,2025-07-01,Reparado / Garantía Lab,0,0,382.0,1223,1
7204041,CVB35.BC,2025-07-15,Reparado / Garantía Lab,1,1,14.0,1237,1
7204041,CVB35.BC,2025-07-29,Reparado / Garantía Lab,2,2,14.0,1251,0
7204042,CVB35.BC,2024-08-12,Reparado,0,0,0.0,0,0
7204043,CVB35.BC,2022-07-05,Reparado,0,0,0.0,0,0
7204044,CVB35.BC,2022-09-07,Reparado,0,0,0.0,0,1
7204044,CVB35.BC,2022-09-12,Reparado / Garantía Lab,1,1,5.0,5,0
7204044,CVB35.BC,2024-03-04,Reparado / Garantía Lab,0,0,539.0,544,0
7204044,CVB35.BC,2024-05-22,Reparado / Garantía Lab,1,1,79.0,623,0
7204044,CVB35.BC,2025-10-27,Reparado / Garantía Lab,0,0,523.0,1146,0
7204045,CVB35.BC,2021-12-14,Reparado,0,0,0.0,0,1
7204045,CVB35.BC,2021-12-20,Reparado / Garantía Lab,1,1,6.0,6,1
7204045,CVB35.BC,2022-01-17,Reparado / Garantía Lab,2,2,28.0,34,1
7204045,CVB35.BC,2022-01-21,Reparado / Garantía Lab,3,3,4.0,38,1
7204045,CVB35.BC,2022-02-11,Reparado / Garantía Lab,4,4,21.0,59,1
7204045,CVB35.BC,2022-02-28,Reparado / Garantía Lab,5,5,17.0,76,1
7204045,CVB35.BC,2022-03-17,Reparado / Garantía Lab,6,6,17.0,93,0
7204045,CVB35.BC,2022-09-14,POD Reparado,0,7,181.0,274,0
7204045,CVB35.BC,2023-03-01,Reparado / Garantía Lab,1,2,168.0,442,0
7204046,CVB35.BC,2022-02-11,Reparado,0,0,0.0,0,1
7204046,CVB35.BC,2022-02-17,Reparado / Garantía Lab,1,1,6.0,6,0
7204046,CVB35.BC,2025-11-13,Reparado / Garantía Lab,0,0,1365.0,1371,0
7204048,CVB35.BC,2022-02-23,Reparado,0,0,0.0,0,0
7204049,CVB35.BC,2022-10-19,Reparado,0,0,0.0,0,0
7204052,CVB35.BC,2023-12-21,Reparado,0,0,0.0,0,0
7204053,CVB35.BC,2024-11-15,Reparado,0,0,0.0,0,0
7204054,CVB35.BC,2024-02-18,Reparado,0,0,0.0,0,0
7204057,CVB35.BC,2025-05-06,Reparado,0,0,0.0,0,0
7204058,CVB35.BC,2021-05-19,Reparado,0,0,0.0,0,0
7204058,CVB35.BC,2025-07-01,Reparado / Garantía Lab,0,0,1504.0,1504,0
7204059,CVB35.BC,2022-10-22,Reparado,0,0,0.0,0,0
7204059,CVB35.BC,2022-12-01,Reparado / Garantía Lab,1,1,40.0,40,0
7204059,CVB35.BC,2025-03-17,Reparado / Garantía Lab,0,0,837.0,877,0
7204060,CVB35.BC,2022-04-28,Reparado,0,0,0.0,0,0
7204060,CVB35.BC,2023-09-02,Reparado / Garantía Lab,0,0,492.0,492,1
7204060,CVB35.BC,2023-09-08,Reparado / Garantía Lab,1,1,6.0,498,0
7204060,CVB35.BC,2023-12-05,Reparado / Garantía Lab,2,2,88.0,586,1
7204060,CVB35.BC,2023-12-12,Reparado / Garantía Lab,3,3,7.0,593,1
7204060,CVB35.BC,2024-01-03,Reparado / Garantía Lab,4,4,22.0,615,0
7204060,CVB35.BC,2024-05-24,Reparado / Garantía Lab,3,5,142.0,757,0
7204060,CVB35.BC,2024-07-27,Reparado / Garantía Lab,1,6,64.0,821,0
7204060,CVB35.BC,2024-10-01,Reparado / Garantía Lab,2,5,66.0,887,1
7204060,CVB35.BC,2024-10-08,Reparado / Garantía Lab,3,6,7.0,894,0
7204060,CVB35.BC,2025-01-07,Reparado / Garantía Lab,3,4,91.0,985,0
7204060,CVB35.BC,2025-09-02,Reparado / Garantía Lab,0,3,238.0,1223,0
7204060,CVB35.BC,2025-11-24,Reparado / Garantía Lab,1,2,83.0,1306,0
7204062,CVB35.BC,2022-04-14,Reparado,0,0,0.0,0,0
7204063,CVB35.BC,2021-01-28,Reparado,0,0,0.0,0,0
7204063,CVB35.BC,2022-10-17,Reparado / Garantía Lab,0,0,627.0,627,0
7204064,CVB35.BC,2022-02-15,Reparado,0,0,0.0,0,0
7204065,CVB35.BC,2021-11-30,POD Reparado,0,0,0.0,0,0
7204066,CVB35.BC,2022-11-25,Reparado,0,0,0.0,0,0
7204067,CVB35.BC,2021-02-11,POD,0,0,0.0,0,0
7204067,CVB35.BC,2021-02-11,POD Reparado,0,0,0.0,0,0
7204067,CVB35.BC,2023-09-06,Reparado / Garantía Lab,0,0,937.0,937,0
7204068,CVB35.BC,2022-05-11,Reparado,0,0,0.0,0,0
7204068,CVB35.BC,2023-12-06,Reparado / Garantía Lab,0,0,574.0,574,0
7204069,CVB35.BC,2020-05-05,Reparado,0,0,0.0,0,0
7204069,CVB35.BC,2020-12-18,Reparado / Garantía Lab,0,1,227.0,227,1
7204069,CVB35.BC,2021-01-04,Reparado,1,2,17.0,244,0
7204069,CVB35.BC,2025-07-14,Reparado / Garantía Lab,0,0,1652.0,1896,0
7204070,CVB35.BC,2022-04-08,Reparado,0,0,0.0,0,0
7204070,CVB35.BC,2023-09-04,POD Reparado,0,0,514.0,514,0
7204072,CVB35.BC,2021-02-20,Reparado,0,0,0.0,0,0
7204072,CVB35.BC,2023-02-19,Reparado / Garantía Lab,0,0,729.0,729,0
7204072,CVB35.BC,2025-08-27,Reparado / Garantía Lab,0,0,920.0,1649,0
7204074,CVB35.BC,2024-05-25,Reparado,0,0,0.0,0,0
7204075,CVB35.BC,2022-06-18,Reparado,0,0,0.0,0,0
7204075,CVB35.BC,2022-12-12,Reparado / Garantía Lab,1,1,177.0,177,0
7204076,CVB35.BC,2025-09-02,Reparado,0,0,0.0,0,0
7204077,CVB35.BC,2023-05-20,Reparado,0,0,0.0,0,0
7204077,CVB35.BC,2025-04-24,Reparado / Garantía Lab,0,0,705.0,705,0
7204077,CVB35.BC,2025-08-28,Reparado / Garantía Lab,1,1,126.0,831,0
7204077,CVB35.BC,2025-09-30,Reparado / Garantía Lab,2,2,33.0,864,0
7204078,CVB35.BC,2021-01-25,Reparado,0,0,0.0,0,0
7204078,CVB35.BC,2022-11-22,Reparado / Garantía Lab,0,0,666.0,666,0
7204078,CVB35.BC,2025-05-20,Reparado / Garantía Lab,0,0,910.0,1576,0
7204082,CVB35.BC,2021-11-09,Reparado,0,0,0.0,0,0
7204082,CVB35.BC,2023-10-06,Reparado / Garantía Lab,0,0,696.0,696,0
7204082,CVB35.BC,2025-01-28,Reparado / Garantía Lab,0,0,480.0,1176,0
7204083,CVB35.BC,2023-09-04,Reparado,0,0,0.0,0,0
7204084,CVB35.BC,2022-02-10,Reparado,0,0,0.0,0,0
7204085,CVB35.BC,2022-02-10,Reparado,0,0,0.0,0,0
7204087,CVB35.BC,2021-01-27,Reparado,0,0,0.0,0,0
7204087,CVB35.BC,2021-07-16,Reparado / Garantía Lab,1,1,170.0,170,1
7204087,CVB35.BC,2021-07-23,Reparado / Garantía Lab,2,2,7.0,177,1
7204087,CVB35.BC,2021-08-16,Reparado / Garantía Lab,2,3,24.0,201,0
7204087,CVB35.BC,2022-03-05,Reparado / Garantía Lab,0,3,201.0,402,1
7204087,CVB35.BC,2022-03-14,Reparado / Garantía Lab,1,4,9.0,411,1
7204087,CVB35.BC,2022-03-24,Reparado / Garantía Lab,2,5,10.0,421,0
7204087,CVB35.BC,2024-12-02,Reparado / Garantía Lab,0,0,984.0,1405,0
7204089,CVB35.BC,2022-01-29,Reparado,0,0,0.0,0,0
7204091,CVB35.BC,2024-07-27,Reparado,0,0,0.0,0,0
7204092,CVB35.BC,2024-07-29,Reparado,0,0,0.0,0,0
7204093,CVB35.BC,2023-10-20,Reparado,0,0,0.0,0,0
7204094,CVB35.BC,2021-04-26,Reparado,0,0,0.0,0,0
7204095,CVB35.BC,2021-07-14,Reparado,0,0,0.0,0,0
7204098,CVB35.BC,2021-05-26,Reparado,0,0,0.0,0,0
7204098,CVB35.BC,2025-08-11,Reparado / Garantía Lab,0,0,1538.0,1538,0
7204099,CVB35.BC,2023-05-30,Reparado,0,0,0.0,0,0
7204101,CVB35.BC,2022-08-18,Reparado,0,0,0.0,0,0
7204101,CVB35.BC,2022-11-23,Reparado / Garantía Lab,1,1,97.0,97,0
7204103,CVB35.BC,2022-12-13,Reparado,0,0,0.0,0,0
7204103,CVB35.BC,2025-10-14,Reparado,0,0,1036.0,1036,0
7204103,CVB35.BC,2025-12-04,Proceso,1,1,51.0,1087,0
7204104,CVB35.BC,2021-09-29,Reparado,0,0,0.0,0,0
7204104,CVB35.BC,2023-01-14,Reparado / Garantía Lab,0,0,472.0,472,1
7204104,CVB35.BC,2023-01-19,Reparado / Garantía Lab,1,1,5.0,477,0
7204104,CVB35.BC,2024-10-08,Reparado / Garantía Lab,0,0,628.0,1105,0
7204106,CVB35.BC,2022-03-22,Reparado,0,0,0.0,0,0
7204106,CVB35.BC,2025-07-11,Reparado / Garantía Lab,0,0,1207.0,1207,0
7204106,CVB35.BC,2025-09-01,Reparado / Garantía Lab,1,1,52.0,1259,1
7204106,CVB35.BC,2025-09-03,Reparado / Garantía Lab,2,2,2.0,1261,0
7204106,CVB35.BC,2025-11-06,Reparado / Garantía Lab,3,3,64.0,1325,0
7204107,CVB35.BC,2025-10-20,Reparado,0,0,0.0,0,0
7204108,CVB35.BC,2024-08-12,Reparado,0,0,0.0,0,0
7204109,CVB35.BC,2021-06-03,Reparado,0,0,0.0,0,0
7204109,CVB35.BC,2023-03-23,Reparado / Garantía Lab,0,0,658.0,658,0
7204110,CVB35.BC,2023-09-06,Reparado,0,0,0.0,0,0
7204110,CVB35.BC,2025-08-28,Reparado / Garantía Lab,0,0,722.0,722,0
7204111,CVB35.BC,2023-05-30,Reparado,0,0,0.0,0,0
7204111,CVB35.BC,2024-07-02,Reparado / Garantía Lab,0,0,399.0,399,0
7204113,CVB35.BC,2025-02-12,Reparado / Garantía Lab,0,0,0.0,0,0
7204113,CVB35.BC,2025-04-24,Reparado / Garantía Lab,1,1,71.0,71,1
7204113,CVB35.BC,2025-04-29,Reparado / Garantía Lab,2,2,5.0,76,1
7204113,CVB35.BC,2025-05-05,Reparado,3,3,6.0,82,1
7204113,CVB35.BC,2025-05-28,Reparado / Garantía Lab,4,4,23.0,105,1
7204113,CVB35.BC,2025-06-02,Reparado / Garantía Lab,5,5,5.0,110,1
7204113,CVB35.BC,2025-06-13,Reparado / Garantía Lab,6,6,11.0,121,1
7204113,CVB35.BC,2025-06-19,Reparado / Garantía Lab,7,7,6.0,127,0
7204114,CVB35.BC,2021-08-13,POD Reparado,0,0,0.0,0,0
7204114,CVB35.BC,2021-09-14,Reparado / Garantía Lab,1,1,32.0,32,0
7204116,CVB35.BC,2021-06-19,Reparado,0,0,0.0,0,0
7204116,CVB35.BC,2022-01-03,Reparado / Garantía Lab,0,1,198.0,198,0
7204116,CVB35.BC,2023-12-12,POD Reparado,0,0,708.0,906,0
7204116,CVB35.BC,2024-05-17,Reparado / Garantía Lab,1,1,157.0,1063,0
7204117,CVB35.BC,2020-12-02,Reparado / Garantía Lab,0,0,0.0,0,0
7204117,CVB35.BC,2021-03-03,Reparado,1,1,91.0,91,0
7204117,CVB35.BC,2021-08-24,Reparado / Garantía Lab,1,2,174.0,265,0
7204117,CVB35.BC,2023-09-01,Reparado / Garantía Lab,0,0,738.0,1003,1
7204117,CVB35.BC,2023-09-08,Reparado / Garantía Lab,1,1,7.0,1010,1
7204117,CVB35.BC,2023-09-13,Reparado / Garantía Lab,2,2,5.0,1015,0
7204117,CVB35.BC,2024-08-20,Reparado / Garantía Lab,0,3,342.0,1357,0
7204117,CVB35.BC,2025-07-15,Reparado / Garantía Lab,0,1,329.0,1686,0
7204117,CVB35.BC,2025-10-16,Reparado / Garantía Lab,1,1,93.0,1779,1
7204117,CVB35.BC,2025-10-30,Reparado / Garantía Lab,2,2,14.0,1793,0
7204118,CVB35.BC,2022-12-29,Reparado,0,0,0.0,0,0
7204119,CVB35.BC,2023-05-19,Reparado,0,0,0.0,0,0
7204119,CVB35.BC,2025-10-27,Reparado / Garantía Lab,0,0,892.0,892,0
7204120,CVB35.BC,2024-02-16,Reparado,0,0,0.0,0,0
7204122,CVB35.BC,2022-01-20,Reparado,0,0,0.0,0,0
7204122,CVB35.BC,2025-08-11,Reparado / Garantía Lab,0,0,1299.0,1299,0
7204122,CVB35.BC,2025-11-28,Reparado / Garantía Lab,1,1,109.0,1408,0
7204123,CVB35.BC,2022-03-30,Reparado,0,0,0.0,0,0
7204123,CVB35.BC,2022-05-16,Reparado / Garantía Lab,1,1,47.0,47,0
7204123,CVB35.BC,2023-11-30,POD Reparado,0,0,563.0,610,0
7204123,CVB35.BC,2025-11-25,Reparado / Garantía Lab,0,0,726.0,1336,1
7204123,CVB35.BC,2025-11-28,Reparado / Garantía Lab,1,1,3.0,1339,0
7204124,CVB35.BC,2022-11-22,Reparado,0,0,0.0,0,0
7204124,CVB35.BC,2024-10-14,Reparado / Garantía Lab,0,0,692.0,692,1
7204124,CVB35.BC,2024-10-28,Reparado / Garantía Lab,1,1,14.0,706,0
7204124,CVB35.BC,2025-08-20,Reparado / Garantía Lab,0,2,296.0,1002,0
7204125,CVB35.BC,2024-05-25,Reparado,0,0,0.0,0,0
7204126,CVB35.BC,2021-08-21,Reparado,0,0,0.0,0,0
7204127,CVB35.BC,2022-02-25,Reparado,0,0,0.0,0,0
7204130,CVB35.BC,2021-10-07,Reparado,0,0,0.0,0,0
7204130,CVB35.BC,2021-12-05,Reparado / Garantía Lab,1,1,59.0,59,0
7204132,CVB35.BC,2024-01-02,Reparado / Garantía Lab,0,0,0.0,0,1
7204132,CVB35.BC,2024-01-10,Reparado / Garantía Lab,1,1,8.0,8,0
7204132,CVB35.BC,2024-08-27,Reparado / Garantía Lab,0,2,230.0,238,0
7204133,CVB35.BC,2022-02-24,Reparado,0,0,0.0,0,1
7204133,CVB35.BC,2022-03-18,Reparado / Garantía Lab,1,1,22.0,22,0
7204133,CVB35.BC,2024-01-12,Reparado / Garantía Lab,0,0,665.0,687,0
7204134,CVB35.BC,2022-09-03,POD Reparado,0,0,0.0,0,0
7204134,CVB35.BC,2022-10-17,Reparado / Garantía Lab,1,1,44.0,44,0
7204134,CVB35.BC,2025-10-07,POD Reparado,0,0,1086.0,1130,0
7204135,CVB35.BC,2021-10-19,Reparado,0,0,0.0,0,0
7204135,CVB35.BC,2025-10-15,Reparado / Garantía Lab,0,0,1457.0,1457,0
7204136,CVB35.BC,2021-01-27,Reparado,0,0,0.0,0,0
7204136,CVB35.BC,2024-06-12,Reparado / Garantía Lab,0,0,1232.0,1232,0
7204137,CVB35.BC,2025-07-14,Reparado,0,0,0.0,0,0
7204138,CVB35.BC,2021-10-14,Reparado,0,0,0.0,0,0
7204138,CVB35.BC,2024-03-01,Reparado / Garantía Lab,0,0,869.0,869,0
7204138,CVB35.BC,2024-05-13,Reparado / Garantía Lab,1,1,73.0,942,1
7204138,CVB35.BC,2024-05-20,Reparado / Garantía Lab,2,2,7.0,949,0
7204139,CVB35.BC,2022-12-15,Reparado,0,0,0.0,0,0
7204140,CVB35.BC,2022-09-12,Reparado,0,0,0.0,0,0
7204140,CVB35.BC,2024-08-30,Reparado / Garantía Lab,0,0,718.0,718,0
7204142,CVB35.BC,2022-02-24,Reparado,0,0,0.0,0,0
7204146,CVB35.BC,2021-11-26,Reparado,0,0,0.0,0,0
7204146,CVB35.BC,2023-10-20,Reparado / Garantía Lab,0,0,693.0,693,0
7204146,CVB35.BC,2024-08-12,Reparado / Garantía Lab,0,1,297.0,990,0
7204147,CVB35.BC,2022-03-23,POD Reparado,0,0,0.0,0,0
7204148,CVB35.BC,2022-01-30,Reparado,0,0,0.0,0,0
7204148,CVB35.BC,2022-08-05,Reparado / Garantía Lab,0,1,187.0,187,0
7204148,CVB35.BC,2023-02-10,Reparado / Garantía Lab,0,1,189.0,376,0
7204150,CVB35.BC,2021-07-20,Reparado,0,0,0.0,0,0
7204150,CVB35.BC,2021-09-30,Reparado / Garantía Lab,1,1,72.0,72,0
7204150,CVB35.BC,2024-11-27,Reparado / Garantía Lab,0,0,1154.0,1226,0
7204151,CVB35.BC,2022-02-24,Reparado,0,0,0.0,0,1
7204151,CVB35.BC,2022-03-04,Reparado / Garantía Lab,1,1,8.0,8,0
7204151,CVB35.BC,2022-04-13,Reparado / Garantía Lab,2,2,40.0,48,0
7204151,CVB35.BC,2024-07-14,Reparado / Garantía Lab,0,0,823.0,871,0
7204151,CVB35.BC,2025-08-22,Reparado / Garantía Lab,0,0,404.0,1275,0
7204151,CVB35.BC,2025-09-24,Reparado / Garantía Lab,1,1,33.0,1308,0
7204152,CVB35.BC,2021-12-15,Reparado,0,0,0.0,0,0
7204153,CVB35.BC,2022-01-29,Reparado,0,0,0.0,0,0
7204153,CVB35.BC,2025-08-29,Reparado / Garantía Lab,0,0,1308.0,1308,0
7204154,CVB35.BC,2023-09-21,Reparado / Garantía Lab,0,0,0.0,0,0
7204154,CVB35.BC,2024-02-19,Reparado / Garantía Lab,1,1,151.0,151,0
7204155,CVB35.BC,2022-08-02,Reparado,0,0,0.0,0,0
7204155,CVB35.BC,2024-03-29,Reparado / Garantía Lab,0,0,605.0,605,0
7204155,CVB35.BC,2025-02-24,Reparado / Garantía Lab,0,1,332.0,937,1
7204155,CVB35.BC,2025-03-04,Reparado / Garantía Lab,1,2,8.0,945,0
7204155,CVB35.BC,2025-04-07,Reparado / Garantía Lab,2,2,34.0,979,1
7204155,CVB35.BC,2025-04-09,Reparado / Garantía Lab,3,3,2.0,981,0
7204156,CVB35.BC,2021-02-17,Reparado,0,0,0.0,0,0
7204156,CVB35.BC,2023-08-14,Reparado / Garantía Lab,0,0,908.0,908,0
7204156,CVB35.BC,2025-04-02,Reparado / Garantía Lab,0,0,597.0,1505,0
7204161,CVB35.BC,2021-09-01,Reparado,0,0,0.0,0,0
7204162,CVB35.BC,2021-01-21,Reparado,0,0,0.0,0,0
7204163,CVB35.BC,2024-02-09,Reparado,0,0,0.0,0,0
7204163,CVB35.BC,2025-10-20,Reparado / Garantía Lab,0,0,619.0,619,0
7204164,CVB35.BC,2022-07-05,Reparado,0,0,0.0,0,0
7204164,CVB35.BC,2022-09-30,Reparado / Garantía Lab,1,1,87.0,87,0
7204165,CVB35.BC,2022-04-08,Reparado,0,0,0.0,0,0
7204165,CVB35.BC,2025-09-05,Reparado / Garantía Lab,0,0,1246.0,1246,0
7204166,CVB35.BC,2021-12-22,Reparado,0,0,0.0,0,0
7204166,CVB35.BC,2024-07-16,Reparado / Garantía Lab,0,0,937.0,937,0
7204166,CVB35.BC,2024-11-04,Reparado / Garantía Lab,1,1,111.0,1048,0
7204166,CVB35.BC,2025-07-15,Reparado / Garantía Lab,0,2,253.0,1301,1
7204166,CVB35.BC,2025-07-28,Reparado / Garantía Lab,1,2,13.0,1314,0
7204167,CVB35.BC,2020-11-18,Reparado,0,0,0.0,0,0
7204167,CVB35.BC,2021-12-06,Reparado / Garantía Lab,0,0,383.0,383,0
7204168,CVB35.BC,2023-09-05,Reparado,0,0,0.0,0,0
7204169,CVB35.BC,2020-08-19,Reparado,0,0,0.0,0,0
7204169,CVB35.BC,2021-01-19,Reparado / Garantía Lab,1,1,153.0,153,0
7204169,CVB35.BC,2021-03-12,Reparado / Garantía Lab,1,2,52.0,205,1
7204169,CVB35.BC,2021-03-19,Reparado / Garantía Lab,2,3,7.0,212,0
7204170,CVB35.BC,2021-12-28,Reparado,0,0,0.0,0,0
7204172,CVB35.BC,2022-05-04,Reparado,0,0,0.0,0,0
7204172,CVB35.BC,2023-05-25,Reparado / Garantía Lab,0,0,386.0,386,0
7204172,CVB35.BC,2025-03-17,Reparado / Garantía Lab,0,0,662.0,1048,0
7204173,CVB35.BC,2021-10-04,Reparado,0,0,0.0,0,0
7204173,CVB35.BC,2024-04-30,Reparado / Garantía Lab,0,0,939.0,939,1
7204173,CVB35.BC,2024-05-16,Reparado / Garantía Lab,1,1,16.0,955,0
7204173,CVB35.BC,2025-04-09,Reparado / Garantía Lab,0,2,328.0,1283,0
7204173,CVB35.BC,2025-05-14,Reparado,1,2,35.0,1318,0
7204173,CVB35.BC,2025-06-19,Reparado / Garantía Lab,2,2,36.0,1354,1
7204173,CVB35.BC,2025-07-11,Reparado / Garantía Lab,3,3,22.0,1376,1
7204173,CVB35.BC,2025-07-15,Reparado / Garantía Lab,4,4,4.0,1380,0
7204174,CVB35.BC,2022-05-04,Reparado,0,0,0.0,0,1
7204174,CVB35.BC,2022-05-10,Reparado / Garantía Lab,1,1,6.0,6,0
7204174,CVB35.BC,2023-10-20,Reparado / Garantía Lab,0,0,528.0,534,0
7204174,CVB35.BC,2025-12-05,Proceso,0,0,777.0,1311,0
7204175,CVB35.BC,2023-01-21,Reparado,0,0,0.0,0,0
7204176,CVB35.BC,2023-07-27,Reparado,0,0,0.0,0,0
7204177,CVB35.BC,2023-05-29,Reparado,0,0,0.0,0,0
7204177,CVB35.BC,2024-04-08,Reparado / Garantía Lab,0,1,315.0,315,1
7204177,CVB35.BC,2024-04-11,Reparado / Garantía Lab,1,2,3.0,318,0
7204177,CVB35.BC,2024-05-15,Reparado / Garantía Lab,2,3,34.0,352,0
7204177,CVB35.BC,2025-01-29,Reparado / Garantía Lab,0,3,259.0,611,0
7204177,CVB35.BC,2025-05-26,Reparado,1,1,117.0,728,0
7204177,CVB35.BC,2025-08-28,Reparado / Garantía Lab,1,2,94.0,822,1
7204177,CVB35.BC,2025-09-01,Reparado / Garantía Lab,2,3,4.0,826,0
7204177,CVB35.BC,2025-11-04,Reparado / Garantía Lab,3,4,64.0,890,0
7204178,CVB35.BC,2025-08-11,Reparado,0,0,0.0,0,0
7204179,CVB35.BC,2022-09-16,Reparado,0,0,0.0,0,0
7204179,CVB35.BC,2024-04-01,Reparado / Garantía Lab,0,0,563.0,563,0
7204179,CVB35.BC,2025-06-12,Reparado / Garantía Lab,0,0,437.0,1000,1
7204179,CVB35.BC,2025-06-17,Reparado / Garantía Lab,1,1,5.0,1005,1
7204179,CVB35.BC,2025-06-25,Reparado / Garantía Lab,2,2,8.0,1013,1
7204179,CVB35.BC,2025-06-30,Reparado / Garantía Lab,3,3,5.0,1018,1
7204179,CVB35.BC,2025-07-07,Reparado / Garantía Lab,4,4,7.0,1025,1
7204179,CVB35.BC,2025-07-10,Reparado / Garantía Lab,5,5,3.0,1028,1
7204179,CVB35.BC,2025-07-15,Reparado / Garantía Lab,6,6,5.0,1033,0
7204180,CVB35.BC,2021-11-22,Reparado,0,0,0.0,0,0
7204180,CVB35.BC,2024-11-27,Reparado / Garantía Lab,0,0,1101.0,1101,0
7204181,CVB35.BC,2023-11-11,POD Reparado,0,0,0.0,0,0
7204182,CVB35.BC,2021-02-24,Reparado,0,0,0.0,0,0
7204183,CVB35.BC,2022-08-03,Reparado,0,0,0.0,0,0
7204184,CVB35.BC,2024-03-20,Reparado,0,0,0.0,0,0
7204184,CVB35.BC,2025-01-13,Reparado / Garantía Lab,0,1,299.0,299,0
7204184,CVB35.BC,2025-05-02,Reparado / Garantía Lab,1,1,109.0,408,0
7204187,CVB35.BC,2023-06-05,Reparado,0,0,0.0,0,0
7204187,CVB35.BC,2025-11-25,Reparado / Garantía Lab,0,0,904.0,904,0
7204188,CVB35.BC,2022-01-27,Reparado,0,0,0.0,0,0
7204188,CVB35.BC,2023-05-22,Reparado / Garantía Lab,0,0,480.0,480,0
7204188,CVB35.BC,2024-07-18,Reparado / Garantía Lab,0,0,423.0,903,0
7204189,CVB35.BC,2021-02-17,Reparado,0,0,0.0,0,1
7204189,CVB35.BC,2021-02-22,Reparado / Garantía Lab,1,1,5.0,5,1
7204189,CVB35.BC,2021-02-23,Reparado / Garantía Lab,2,2,1.0,6,0
7204189,CVB35.BC,2021-08-26,Reparado / Garantía Lab,0,3,184.0,190,0
7204189,CVB35.BC,2024-05-16,Reparado / Garantía Lab,0,0,994.0,1184,0
7204189,CVB35.BC,2024-08-14,Reparado / Garantía Lab,1,1,90.0,1274,0
7204190,CVB35.BC,2022-02-23,Reparado,0,0,0.0,0,0
7204190,CVB35.BC,2022-06-07,Reparado / Garantía Lab,1,1,104.0,104,0
7204191,CVB35.BC,2025-07-08,Reparado,0,0,0.0,0,0
7204192,CVB35.BC,2025-02-24,Reparado,0,0,0.0,0,0
7204192,CVB35.BC,2025-11-25,Reparado / Garantía Lab,0,1,274.0,274,0
7204193,CVB35.BC,2022-11-16,Reparado,0,0,0.0,0,0
7204193,CVB35.BC,2023-05-24,Reparado,0,1,189.0,189,0
7204194,CVB35.BC,2023-08-14,Reparado,0,0,0.0,0,0
7204195,CVB35.BC,2023-11-16,Reparado,0,0,0.0,0,0
7204196,CVB35.BC,2022-02-12,Reparado,0,0,0.0,0,0
7204196,CVB35.BC,2025-02-12,Reparado / Garantía Lab,0,0,1096.0,1096,0
7204196,CVB35.BC,2025-11-26,Reparado / Garantía Lab,0,1,287.0,1383,0
7204198,CVB35.BC,2022-02-23,Reparado,0,0,0.0,0,0
7204199,CVB35.BC,2021-11-08,Reparado,0,0,0.0,0,0
7204199,CVB35.BC,2022-08-29,Reparado / Garantía Lab,0,1,294.0,294,0
7204201,CVB35.BC,2025-02-17,Reparado,0,0,0.0,0,0
7204202,CVB35.BC,2025-08-22,Reparado / Garantía Lab,0,0,0.0,0,1
7204202,CVB35.BC,2025-09-12,Reparado / Garantía Lab,1,1,21.0,21,0
7204203,CVB35.BC,2022-01-05,Reparado,0,0,0.0,0,0
7204203,CVB35.BC,2025-01-29,Reparado / Garantía Lab,0,0,1120.0,1120,0
7204204,CVB35.BC,2024-01-12,Reparado,0,0,0.0,0,0
7204205,CVB35.BC,2022-11-21,Reparado,0,0,0.0,0,1
7204205,CVB35.BC,2022-11-25,Reparado / Garantía Lab,1,1,4.0,4,0
7204206,CVB35.BC,2023-01-06,Reparado,0,0,0.0,0,0
7204208,CVB35.BC,2021-11-24,Reparado,0,0,0.0,0,0
7204209,CVB35.BC,2024-02-02,Reparado,0,0,0.0,0,0
7204210,CVB35.BC,2020-11-14,Reparado,0,0,0.0,0,1
7204210,CVB35.BC,2020-11-25,Reparado,1,1,11.0,11,0
7204210,CVB35.BC,2021-02-06,POD Reparado,2,2,73.0,84,0
7204210,CVB35.BC,2021-03-12,Reparado / Garantía Lab,3,3,34.0,118,0
7204210,CVB35.BC,2022-08-20,Reparado / Garantía Lab,0,0,526.0,644,0
7204210,CVB35.BC,2024-04-30,Reparado / Garantía Lab,0,0,619.0,1263,0
7204212,CVB35.BC,2021-03-25,Reparado,0,0,0.0,0,0
7204212,CVB35.BC,2021-08-13,Reparado / Garantía Lab,1,1,141.0,141,1
7204212,CVB35.BC,2021-08-27,Reparado / Garantía Lab,2,2,14.0,155,1
7204212,CVB35.BC,2021-09-02,Reparado / Garantía Lab,3,3,6.0,161,0
7204212,CVB35.BC,2022-02-24,Reparado / Garantía Lab,1,4,175.0,336,0
7204212,CVB35.BC,2022-05-05,Reparado / Garantía Lab,1,4,70.0,406,1
7204212,CVB35.BC,2022-05-09,Reparado / Garantía Lab,2,5,4.0,410,0
7204212,CVB35.BC,2025-07-08,Reparado / Garantía Lab,0,0,1156.0,1566,0
7204213,CVB35.BC,2024-01-27,Reparado,0,0,0.0,0,0
7204214,CVB35.BC,2023-01-26,Reparado,0,0,0.0,0,0
7204215,CVB35.BC,2022-10-05,Reparado,0,0,0.0,0,0
7204215,CVB35.BC,2025-10-15,Reparado / Garantía Lab,0,0,1106.0,1106,0
7204216,CVB35.BC,2025-04-29,Reparado / Garantía Lab,0,0,0.0,0,1
7204216,CVB35.BC,2025-05-05,Reparado / Garantía Lab,1,1,6.0,6,0
7204217,CVB35.BC,2022-05-22,Reparado,0,0,0.0,0,0
7204218,CVB35.BC,2021-10-26,Reparado,0,0,0.0,0,0
7204218,CVB35.BC,2022-04-06,Reparado / Garantía Lab,1,1,162.0,162,0
7204218,CVB35.BC,2022-11-23,Reparado / Garantía Lab,0,1,231.0,393,0
7204220,CVB35.BC,2021-01-28,Reparado,0,0,0.0,0,0
7204220,CVB35.BC,2022-06-05,Reparado / Garantía Lab,0,0,493.0,493,0
7204221,CVB35.BC,2021-03-31,Reparado,0,0,0.0,0,0
7204221,CVB35.BC,2021-07-12,Reparado / Garantía Lab,1,1,103.0,103,1
7204221,CVB35.BC,2021-07-27,Reparado / Garantía Lab,2,2,15.0,118,0
7204221,CVB35.BC,2022-01-26,Reparado / Garantía Lab,0,3,183.0,301,1
7204221,CVB35.BC,2022-02-04,Reparado / Garantía Lab,1,4,9.0,310,0
7204221,CVB35.BC,2022-03-11,Reparado / Garantía Lab,2,5,35.0,345,1
7204221,CVB35.BC,2022-03-18,Reparado / Garantía Lab,3,6,7.0,352,1
7204221,CVB35.BC,2022-03-24,Reparado / Garantía Lab,4,7,6.0,358,1
7204221,CVB35.BC,2022-04-07,Reparado,5,7,14.0,372,0
7204222,CVB35.BC,2023-01-06,Reparado,0,0,0.0,0,0
7204223,CVB35.BC,2024-02-01,Reparado,0,0,0.0,0,0
7204224,CVB35.BC,2024-07-17,Reparado,0,0,0.0,0,0
7204225,CVB35.BC,2025-01-07,Reparado,0,0,0.0,0,0
7204227,CVB35.BC,2025-08-29,Reparado / Garantía Lab,0,0,0.0,0,1
7204227,CVB35.BC,2025-09-02,Reparado / Garantía Lab,1,1,4.0,4,0
7204230,CVB35.BC,2024-08-12,Reparado,0,0,0.0,0,0
7204231,CVB35.BC,2025-09-12,Reparado,0,0,0.0,0,0
7204235,CVB35.BC,2022-02-08,Reparado,0,0,0.0,0,0
7204236,CVB35.BC,2025-11-13,Reparado,0,0,0.0,0,0
7204237,CVB35.BC,2022-11-08,Reparado,0,0,0.0,0,0
7204237,CVB35.BC,2024-03-29,Reparado / Garantía Lab,0,0,507.0,507,0
7204237,CVB35.BC,2024-09-17,Reparado / Garantía Lab,1,1,172.0,679,0
7204238,CVB35.BC,2023-09-04,Reparado / Garantía Lab,0,0,0.0,0,1
7204238,CVB35.BC,2023-09-14,Reparado / Garantía Lab,1,1,10.0,10,0
7204238,CVB35.BC,2024-05-29,Reparado / Garantía Lab,0,2,258.0,268,0
7204239,CVB35.BC,2023-10-12,Reparado,0,0,0.0,0,0
7204240,CVB35.BC,2022-02-16,Reparado,0,0,0.0,0,0
7204240,CVB35.BC,2024-12-09,Reparado / Garantía Lab,0,0,1027.0,1027,0
7204241,CVB35.BC,2022-07-26,Reparado,0,0,0.0,0,0
7204241,CVB35.BC,2025-10-20,Reparado / Garantía Lab,0,0,1182.0,1182,1
7204241,CVB35.BC,2025-11-19,Reparado / Garantía Lab,1,1,30.0,1212,1
7204241,CVB35.BC,2025-11-21,Reparado / Garantía Lab,2,2,2.0,1214,1
7204241,CVB35.BC,2025-11-26,Proceso,3,3,5.0,1219,0
7204242,CVB35.BC,2022-02-09,Reparado,0,0,0.0,0,0
7204242,CVB35.BC,2024-05-18,Reparado / Garantía Lab,0,0,829.0,829,0
7204243,CVB35.BC,2021-04-05,Reparado,0,0,0.0,0,0
7204243,CVB35.BC,2022-06-06,Reparado / Garantía Lab,0,0,427.0,427,0
7204244,CVB35.BC,2023-10-03,Reparado / Garantía Lab,0,0,0.0,0,0
7204244,CVB35.BC,2023-12-29,Reparado / Garantía Lab,1,1,87.0,87,0
7204244,CVB35.BC,2024-03-17,Reparado / Garantía Lab,2,2,79.0,166,0
7204245,CVB35.BC,2022-08-13,Reparado,0,0,0.0,0,0
7204245,CVB35.BC,2022-09-27,Reparado / Garantía Lab,1,1,45.0,45,0
7204245,CVB35.BC,2022-10-31,Reparado / Garantía Lab,2,2,34.0,79,0
7204245,CVB35.BC,2025-11-06,Reparado / Garantía Lab,0,0,1102.0,1181,0
7204247,CVB35.BC,2024-11-28,Reparado,0,0,0.0,0,0
7204248,CVB35.BC,2022-02-24,Reparado,0,0,0.0,0,0
7204248,CVB35.BC,2023-11-08,Reparado / Garantía Lab,0,0,622.0,622,0
7204249,CVB35.BC,2021-01-18,Reparado,0,0,0.0,0,0
7204250,CVB35.BC,2023-10-01,Reparado,0,0,0.0,0,0
7204251,CVB35.BC,2022-09-08,Reparado,0,0,0.0,0,0
7204251,CVB35.BC,2024-06-06,Reparado / Garantía Lab,0,0,637.0,637,0
7204252,CVB35.BC,2022-06-22,Reparado,0,0,0.0,0,0
7204253,CVB35.BC,2025-06-25,Reparado,0,0,0.0,0,0
7204254,CVB35.BC,2021-07-05,Reparado,0,0,0.0,0,0
7204254,CVB35.BC,2024-11-15,Reparado / Garantía Lab,0,0,1229.0,1229,0
7204254,CVB35.BC,2025-06-30,Reparado / Garantía Lab,0,1,227.0,1456,0
7204254,CVB35.BC,2025-10-22,Reparado / Garantía Lab,1,2,114.0,1570,0
7204255,CVB35.BC,2022-02-11,Reparado,0,0,0.0,0,0
7204256,CVB35.BC,2024-08-07,Reparado,0,0,0.0,0,0
7204256,CVB35.BC,2025-02-06,POD Reparado,0,1,183.0,183,1
7204256,CVB35.BC,2025-02-14,Reparado / Garantía Lab,1,2,8.0,191,0
7204256,CVB35.BC,2025-06-26,Reparado / Garantía Lab,2,3,132.0,323,1
7204256,CVB35.BC,2025-07-11,Reparado / Garantía Lab,3,4,15.0,338,1
7204256,CVB35.BC,2025-07-15,Reparado / Garantía Lab,4,5,4.0,342,0
7204256,CVB35.BC,2025-09-09,POD Reparado,3,5,56.0,398,0
7204256,CVB35.BC,2025-12-02,Reparado / Garantía Lab,4,6,84.0,482,0
7204257,CVB35.BC,2022-08-03,Reparado,0,0,0.0,0,0
7204258,CVB35.BC,2022-10-25,Reparado,0,0,0.0,0,1
7204258,CVB35.BC,2022-11-23,Reparado / Garantía Lab,1,1,29.0,29,0
7204259,CVB35.BC,2023-03-20,Reparado,0,0,0.0,0,0
7204261,CVB35.BC,2025-09-08,Reparado / Garantía Lab,0,0,0.0,0,1
7204261,CVB35.BC,2025-09-12,Reparado / Garantía Lab,1,1,4.0,4,0
7204262,CVB35.BC,2022-03-30,Reparado,0,0,0.0,0,0
7204262,CVB35.BC,2022-06-28,Reparado / Garantía Lab,1,1,90.0,90,0
7204262,CVB35.BC,2025-10-02,Reparado / Garantía Lab,0,0,1192.0,1282,0
7204263,CVB35.BC,2025-06-03,Reparado,0,0,0.0,0,0
7204264,CVB35.BC,2024-03-18,Reparado,0,0,0.0,0,0
7204266,CVB35.BC,2021-07-28,Reparado,0,0,0.0,0,0
7204266,CVB35.BC,2025-11-25,Reparado / Garantía Lab,0,0,1581.0,1581,0
7204267,CVB35.BC,2022-02-01,Reparado / Garantía Lab,0,0,0.0,0,0
7204267,CVB35.BC,2022-11-17,Reparado / Garantía Lab,0,1,289.0,289,0
7204268,CVB35.BC,2024-01-18,Reparado,0,0,0.0,0,0
7204269,CVB35.BC,2025-10-20,Reparado,0,0,0.0,0,0
7204270,CVB35.BC,2022-02-11,Reparado,0,0,0.0,0,0
7204270,CVB35.BC,2023-12-17,Reparado / Garantía Lab,0,0,674.0,674,0
7204271,CVB35.BC,2022-05-03,Reparado,0,0,0.0,0,0
7204272,CVB35.BC,2023-06-07,Reparado,0,0,0.0,0,0
7204273,CVB35.BC,2019-11-28,Reparado / Garantía Lab,0,0,0.0,0,0
7204273,CVB35.BC,2021-03-01,Reparado,0,0,459.0,459,0
7204273,CVB35.BC,2021-07-31,Reparado / Garantía Lab,1,1,152.0,611,0
7204273,CVB35.BC,2025-03-17,Reparado / Garantía Lab,0,0,1325.0,1936,0
7204274,CVB35.BC,2021-01-28,Reparado,0,0,0.0,0,0
7204274,CVB35.BC,2025-10-15,Reparado / Garantía Lab,0,0,1721.0,1721,0
7204275,CVB35.BC,2022-02-28,Reparado,0,0,0.0,0,0
7204276,CVB35.BC,2021-12-24,Reparado,0,0,0.0,0,0
7204276,CVB35.BC,2022-02-07,Reparado / Garantía Lab,1,1,45.0,45,0
7204276,CVB35.BC,2022-03-24,Reparado / Garantía Lab,2,2,45.0,90,0
7204277,CVB35.BC,2022-08-10,Reparado,0,0,0.0,0,0
7204279,CVB35.BC,2022-08-19,Reparado,0,0,0.0,0,0
7204279,CVB35.BC,2022-11-23,Reparado / Garantía Lab,1,1,96.0,96,1
7204279,CVB35.BC,2022-12-19,Reparado / Garantía Lab,2,2,26.0,122,0
7204280,CVB35.BC,2022-01-20,Reparado,0,0,0.0,0,0
7204280,CVB35.BC,2025-10-15,Reparado / Garantía Lab,0,0,1364.0,1364,0
7204280,CVB35.BC,2025-11-26,Reparado / Garantía Lab,1,1,42.0,1406,1
7204280,CVB35.BC,2025-12-04,Proceso,2,2,8.0,1414,0
7204282,CVB35.BC,2023-05-06,Reparado,0,0,0.0,0,0
7204282,CVB35.BC,2025-07-01,Reparado / Garantía Lab,0,0,787.0,787,0
7204283,CVB35.BC,2021-11-18,Reparado,0,0,0.0,0,0
7204284,CVB35.BC,2021-08-10,Reparado,0,0,0.0,0,0
7204284,CVB35.BC,2023-12-04,Reparado / Garantía Lab,0,0,846.0,846,0
7204286,CVB35.BC,2022-02-14,Reparado,0,0,0.0,0,0
7204286,CVB35.BC,2025-09-17,Reparado / Garantía Lab,0,0,1311.0,1311,0
7204287,CVB35.BC,2023-11-18,Reparado,0,0,0.0,0,0
7204288,CVB35.BC,2023-03-15,POD Reparado,0,0,0.0,0,0
7204289,CVB35.BC,2021-05-11,Reparado,0,0,0.0,0,0
7204289,CVB35.BC,2022-11-23,Reparado / Garantía Lab,0,0,561.0,561,0
7204290,CVB35.BC,2021-03-31,POD,0,0,0.0,0,0
7204290,CVB35.BC,2021-03-31,POD Reparado,0,0,0.0,0,0
7204290,CVB35.BC,2021-11-24,Reparado / Garantía Lab,0,2,238.0,238,0
7204290,CVB35.BC,2022-02-16,Reparado / Garantía Lab,1,3,84.0,322,1
7204290,CVB35.BC,2022-02-28,Reparado / Garantía Lab,2,4,12.0,334,0
7204290,CVB35.BC,2022-04-20,POD Reparado,3,3,51.0,385,0
7204290,CVB35.BC,2022-11-23,Reparado / Garantía Lab,0,4,217.0,602,1
7204290,CVB35.BC,2022-12-23,Reparado / Garantía Lab,1,4,30.0,632,0
7204292,CVB35.BC,2021-12-20,Reparado,0,0,0.0,0,0
7204292,CVB35.BC,2025-02-28,Reparado / Garantía Lab,0,0,1166.0,1166,0
7204293,CVB35.BC,2022-02-25,Reparado,0,0,0.0,0,0
7204293,CVB35.BC,2022-06-22,Reparado / Garantía Lab,1,1,117.0,117,0
7204293,CVB35.BC,2024-08-12,Reparado / Garantía Lab,0,0,782.0,899,0
7204294,CVB35.BC,2022-06-03,Reparado,0,0,0.0,0,0
7204294,CVB35.BC,2025-10-22,Reparado / Garantía Lab,0,0,1237.0,1237,0
7204295,CVB35.BC,2021-04-09,Reparado,0,0,0.0,0,0
7204295,CVB35.BC,2023-04-13,Reparado / Garantía Lab,0,0,734.0,734,0
7204298,CVB35.BC,2022-02-15,Reparado,0,0,0.0,0,1
7204298,CVB35.BC,2022-02-28,Reparado / Garantía Lab,1,1,13.0,13,0
7204298,CVB35.BC,2023-09-23,Reparado / Garantía Lab,0,0,572.0,585,0
7204299,CVB35.BC,2022-02-14,Reparado,0,0,0.0,0,0
7204299,CVB35.BC,2022-12-12,Reparado / Garantía Lab,0,1,301.0,301,0
7204299,CVB35.BC,2025-01-08,Reparado / Garantía Lab,0,0,758.0,1059,0
7204300,CVB35.BC,2022-01-31,Reparado,0,0,0.0,0,0
7204301,CVB35.BC,2021-06-24,Reparado,0,0,0.0,0,0
7204301,CVB35.BC,2021-08-05,Reparado / Garantía Lab,1,1,42.0,42,0
7204301,CVB35.BC,2022-04-06,Reparado / Garantía Lab,0,2,244.0,286,0
7204301,CVB35.BC,2024-10-02,Reparado / Garantía Lab,0,0,910.0,1196,0
7204301,CVB35.BC,2025-05-28,Reparado / Garantía Lab,0,1,238.0,1434,0
7204302,CVB35.BC,2022-12-06,Reparado,0,0,0.0,0,0
7204302,CVB35.BC,2024-11-27,POD Reparado,0,0,722.0,722,0
7204302,CVB35.BC,2025-10-16,Reparado / Garantía Lab,0,1,323.0,1045,0
7204303,CVB35.BC,2025-04-04,Reparado,0,0,0.0,0,0
7204304,CVB35.BC,2024-03-31,Reparado,0,0,0.0,0,0
7204304,CVB35.BC,2024-05-17,Reparado / Garantía Lab,1,1,47.0,47,0
7204304,CVB35.BC,2024-11-26,Reparado / Garantía Lab,0,2,193.0,240,0
7204305,CVB35.BC,2021-09-23,Reparado,0,0,0.0,0,0
7204305,CVB35.BC,2024-11-15,Reparado / Garantía Lab,0,0,1149.0,1149,0
7204305,CVB35.BC,2025-10-07,Reparado / Garantía Lab,0,1,326.0,1475,1
7204305,CVB35.BC,2025-10-10,Reparado / Garantía Lab,1,2,3.0,1478,0
7204306,CVB35.BC,2022-08-08,Reparado,0,0,0.0,0,0
7204306,CVB35.BC,2022-09-13,Reparado / Garantía Lab,1,1,36.0,36,0
7204306,CVB35.BC,2025-11-04,Reparado / Garantía Lab,0,0,1148.0,1184,0
7204308,CVB35.BC,2021-05-10,Reparado,0,0,0.0,0,0
7204308,CVB35.BC,2021-06-15,Reparado / Garantía Lab,1,1,36.0,36,1
7204308,CVB35.BC,2021-07-01,Reparado / Garantía Lab,2,2,16.0,52,0
7204308,CVB35.BC,2021-10-30,Reparado / Garantía Lab,3,3,121.0,173,0
7204308,CVB35.BC,2025-05-19,Reparado / Garantía Lab,0,0,1297.0,1470,0
7204309,CVB35.BC,2021-10-27,Reparado,0,0,0.0,0,0
7204311,CVB35.BC,2022-02-25,Reparado,0,0,0.0,0,1
7204311,CVB35.BC,2022-03-11,Reparado,1,1,14.0,14,0
7204311,CVB35.BC,2024-02-26,Reparado / Garantía Lab,0,0,717.0,731,0
7204312,CVB35.BC,2022-02-15,Reparado,0,0,0.0,0,0
7204312,CVB35.BC,2025-09-05,Reparado / Garantía Lab,0,0,1298.0,1298,1
7204312,CVB35.BC,2025-09-10,Reparado / Garantía Lab,1,1,5.0,1303,0
7204313,CVB35.BC,2022-07-30,Reparado,0,0,0.0,0,0
7204313,CVB35.BC,2025-07-01,Reparado / Garantía Lab,0,0,1067.0,1067,0
7204314,CVB35.BC,2021-02-19,Reparado,0,0,0.0,0,0
7204314,CVB35.BC,2021-04-03,Reparado / Garantía Lab,1,1,43.0,43,0
7204314,CVB35.BC,2022-03-31,Reparado / Garantía Lab,0,1,362.0,405,0
7204314,CVB35.BC,2022-07-05,Reparado / Garantía Lab,1,1,96.0,501,0
7204315,CVB35.BC,2021-03-04,Reparado,0,0,0.0,0,1
7204315,CVB35.BC,2021-03-13,Reparado / Garantía Lab,1,1,9.0,9,0
7204315,CVB35.BC,2024-09-05,Reparado / Garantía Lab,0,0,1272.0,1281,0
7204317,CVB35.BC,2025-05-15,Reparado,0,0,0.0,0,0
7204317,CVB35.BC,2025-10-08,Reparado / Garantía Lab,1,1,146.0,146,1
7204317,CVB35.BC,2025-10-10,Reparado / Garantía Lab,2,2,2.0,148,0
7204319,CVB35.BC,2025-03-27,Reparado / Garantía Lab,0,0,0.0,0,1
7204319,CVB35.BC,2025-04-01,Reparado / Garantía Lab,1,1,5.0,5,0
7204320,CVB35.BC,2021-06-22,Reparado,0,0,0.0,0,0
7204320,CVB35.BC,2021-07-27,Reparado / Garantía Lab,1,1,35.0,35,1
7204320,CVB35.BC,2021-08-17,Reparado / Garantía Lab,2,2,21.0,56,0
7204320,CVB35.BC,2021-11-11,Reparado / Garantía Lab,3,3,86.0,142,0
7204320,CVB35.BC,2022-05-25,Reparado / Garantía Lab,0,4,195.0,337,0
7204320,CVB35.BC,2025-07-25,Reparado / Garantía Lab,0,0,1157.0,1494,0
7204321,CVB35.BC,2022-07-11,Reparado,0,0,0.0,0,0
7204321,CVB35.BC,2024-09-04,Reparado / Garantía Lab,0,0,786.0,786,0
7204321,CVB35.BC,2024-12-18,Reparado / Garantía Lab,1,1,105.0,891,1
7204321,CVB35.BC,2025-01-07,Reparado / Garantía Lab,2,2,20.0,911,1
7204321,CVB35.BC,2025-01-09,Reparado / Garantía Lab,3,3,2.0,913,1
7204321,CVB35.BC,2025-01-13,Reparado / Garantía Lab,4,4,4.0,917,1
7204321,CVB35.BC,2025-02-07,Reparado / Garantía Lab,5,5,25.0,942,1
7204321,CVB35.BC,2025-02-14,Reparado / Garantía Lab,6,6,7.0,949,0
7204321,CVB35.BC,2025-06-25,Reparado / Garantía Lab,5,7,131.0,1080,1
7204321,CVB35.BC,2025-06-30,Reparado / Garantía Lab,6,8,5.0,1085,1
7204321,CVB35.BC,2025-07-03,Reparado / Garantía Lab,7,9,3.0,1088,1
7204321,CVB35.BC,2025-07-08,Reparado / Garantía Lab,7,10,5.0,1093,1
7204321,CVB35.BC,2025-07-11,Reparado / Garantía Lab,7,11,3.0,1096,1
7204321,CVB35.BC,2025-07-15,Reparado / Garantía Lab,7,12,4.0,1100,1
7204321,CVB35.BC,2025-07-28,Reparado / Garantía Lab,8,13,13.0,1113,0
7204322,CVB35.BC,2022-02-24,Reparado,0,0,0.0,0,0
7204322,CVB35.BC,2025-04-17,Reparado / Garantía Lab,0,0,1148.0,1148,0
7204322,CVB35.BC,2025-08-22,Reparado / Garantía Lab,1,1,127.0,1275,0
7204323,CVB35.BC,2021-09-14,Reparado,0,0,0.0,0,0
7204324,CVB35.BC,2021-11-25,Reparado,0,0,0.0,0,1
7204324,CVB35.BC,2021-12-06,Reparado / Garantía Lab,1,1,11.0,11,1
7204324,CVB35.BC,2021-12-09,Reparado / Garantía Lab,2,2,3.0,14,0
7204324,CVB35.BC,2022-01-22,Reparado / Garantía Lab,3,3,44.0,58,1
7204324,CVB35.BC,2022-01-31,Reparado / Garantía Lab,4,4,9.0,67,1
7204324,CVB35.BC,2022-02-07,Reparado / Garantía Lab,5,5,7.0,74,0
7204324,CVB35.BC,2022-04-07,Reparado / Garantía Lab,6,6,59.0,133,0
7204324,CVB35.BC,2022-09-15,Reparado,1,7,161.0,294,0
7204325,CVB35.BC,2023-10-05,Reparado,0,0,0.0,0,0
7204326,CVB35.BC,2021-04-29,Reparado,0,0,0.0,0,0
7204326,CVB35.BC,2024-01-24,Reparado / Garantía Lab,0,0,1000.0,1000,0
7204327,CVB35.BC,2022-07-19,Reparado,0,0,0.0,0,0
7204327,CVB35.BC,2022-11-23,Reparado / Garantía Lab,1,1,127.0,127,0
7204329,CVB35.BC,2022-11-15,Reparado,0,0,0.0,0,0
7204330,CVB35.BC,2023-10-16,Reparado,0,0,0.0,0,0
7204332,CVB35.BC,2021-10-07,Reparado,0,0,0.0,0,0
7204332,CVB35.BC,2022-03-17,Reparado / Garantía Lab,1,1,161.0,161,1
7204332,CVB35.BC,2022-03-28,Reparado / Garantía Lab,2,2,11.0,172,0
7204332,CVB35.BC,2024-07-01,Reparado / Garantía Lab,0,0,826.0,998,0
7204333,CVB35.BC,2021-11-26,POD Reparado,0,0,0.0,0,0
7204333,CVB35.BC,2024-06-22,Reparado / Garantía Lab,0,0,939.0,939,0
7204333,CVB35.BC,2025-06-27,Reparado / Garantía Lab,0,0,370.0,1309,1
7204333,CVB35.BC,2025-07-02,Reparado / Garantía Lab,1,1,5.0,1314,0
7204333,CVB35.BC,2025-09-02,Reparado / Garantía Lab,2,2,62.0,1376,0
7204334,CVB35.BC,2025-08-11,Reparado,0,0,0.0,0,1
7204334,CVB35.BC,2025-08-13,Reparado / Garantía Lab,1,1,2.0,2,1
7204334,CVB35.BC,2025-08-19,Reparado / Garantía Lab,2,2,6.0,8,0
7204337,CVB35.BC,2022-11-28,Reparado,0,0,0.0,0,0
7204337,CVB35.BC,2025-04-14,Reparado / Garantía Lab,0,0,868.0,868,0
7204338,CVB35.BC,2022-02-09,Reparado,0,0,0.0,0,0
7204338,CVB35.BC,2025-05-08,Reparado / Garantía Lab,0,0,1184.0,1184,1
7204338,CVB35.BC,2025-05-14,Reparado / Garantía Lab,1,1,6.0,1190,0
7204338,CVB35.BC,2025-06-27,Reparado / Garantía Lab,2,2,44.0,1234,1
7204338,CVB35.BC,2025-07-01,Reparado / Garantía Lab,3,3,4.0,1238,1
7204338,CVB35.BC,2025-07-03,Reparado / Garantía Lab,4,4,2.0,1240,1
7204338,CVB35.BC,2025-07-08,Reparado / Garantía Lab,5,5,5.0,1245,1
7204338,CVB35.BC,2025-07-11,Reparado / Garantía Lab,6,6,3.0,1248,1
7204338,CVB35.BC,2025-07-15,Reparado / Garantía Lab,7,7,4.0,1252,0
7204338,CVB35.BC,2025-09-10,Reparado / Garantía Lab,8,8,57.0,1309,0
7204339,CVB35.BC,2021-05-19,Reparado,0,0,0.0,0,0
7204340,CVB35.BC,2021-02-07,POD,0,0,0.0,0,0
7204341,CVB35.BC,2025-09-22,Reparado,0,0,0.0,0,0
7204343,CVB35.BC,2021-07-31,Reparado,0,0,0.0,0,0
7204343,CVB35.BC,2022-03-09,Reparado / Garantía Lab,0,1,221.0,221,1
7204343,CVB35.BC,2022-03-22,Reparado / Garantía Lab,1,2,13.0,234,1
7204343,CVB35.BC,2022-03-29,Reparado / Garantía Lab,2,3,7.0,241,0
7204343,CVB35.BC,2023-10-24,Reparado / Garantía Lab,0,0,574.0,815,1
7204343,CVB35.BC,2023-10-31,Reparado / Garantía Lab,1,1,7.0,822,0
7204343,CVB35.BC,2025-01-14,Reparado / Garantía Lab,0,0,441.0,1263,0
7204343,CVB35.BC,2025-11-13,Reparado / Garantía Lab,0,1,303.0,1566,0
7204344,CVB35.BC,2022-02-07,Reparado,0,0,0.0,0,0
7204345,CVB35.BC,2022-01-18,Reparado,0,0,0.0,0,0
7204345,CVB35.BC,2022-03-03,Reparado / Garantía Lab,1,1,44.0,44,0
7204345,CVB35.BC,2025-03-17,Reparado / Garantía Lab,0,0,1110.0,1154,1
7204345,CVB35.BC,2025-03-20,Reparado / Garantía Lab,1,1,3.0,1157,0
7204346,CVB35.BC,2024-01-17,Reparado,0,0,0.0,0,0
7204346,CVB35.BC,2025-11-25,Reparado / Garantía Lab,0,0,678.0,678,0
7204347,CVB35.BC,2022-02-10,Reparado,0,0,0.0,0,0
7204348,CVB35.BC,2022-12-05,Reparado,0,0,0.0,0,0
7204350,CVB35.BC,2021-02-10,Reparado,0,0,0.0,0,0
7204350,CVB35.BC,2023-09-12,Reparado / Garantía Lab,0,0,944.0,944,1
7204350,CVB35.BC,2023-09-21,Reparado / Garantía Lab,1,1,9.0,953,0
7204351,CVB35.BC,2022-12-06,Reparado,0,0,0.0,0,0
7204351,CVB35.BC,2025-07-01,Reparado / Garantía Lab,0,0,938.0,938,0
7204353,CVB35.BC,2021-11-18,Reparado,0,0,0.0,0,0
7204353,CVB35.BC,2025-03-17,Reparado / Garantía Lab,0,0,1215.0,1215,0
7204356,CVB35.BC,2024-08-28,Reparado,0,0,0.0,0,0
7204356,CVB35.BC,2025-02-12,Reparado / Garantía Lab,1,1,168.0,168,0
7204357,CVB35.BC,2022-05-24,Reparado,0,0,0.0,0,1
7204357,CVB35.BC,2022-06-09,Reparado / Garantía Lab,1,1,16.0,16,0
7204357,CVB35.BC,2024-10-02,Reparado / Garantía Lab,0,0,846.0,862,0
7204357,CVB35.BC,2025-09-01,POD Reparado,0,1,334.0,1196,0
7204357,CVB35.BC,2025-10-08,Reparado / Garantía Lab,1,1,37.0,1233,0
7204358,CVB35.BC,2022-11-04,Reparado,0,0,0.0,0,1
7204358,CVB35.BC,2022-11-23,Reparado / Garantía Lab,1,1,19.0,19,0
7204359,CVB35.BC,2021-11-26,Reparado,0,0,0.0,0,0
7204359,CVB35.BC,2023-11-05,Reparado / Garantía Lab,0,0,709.0,709,0
7204359,CVB35.BC,2024-02-20,Reparado / Garantía Lab,1,1,107.0,816,0
7204359,CVB35.BC,2025-04-03,Reparado / Garantía Lab,0,0,408.0,1224,1
7204359,CVB35.BC,2025-04-07,Reparado / Garantía Lab,1,1,4.0,1228,1
7204359,CVB35.BC,2025-04-10,Reparado / Garantía Lab,2,2,3.0,1231,0
7204359,CVB35.BC,2025-08-28,Reparado / Garantía Lab,3,3,140.0,1371,1
7204359,CVB35.BC,2025-09-01,Reparado / Garantía Lab,4,4,4.0,1375,1
7204359,CVB35.BC,2025-09-03,Reparado / Garantía Lab,5,5,2.0,1377,0
7204360,CVB35.BC,2020-08-21,Reparado,0,0,0.0,0,0
7204360,CVB35.BC,2021-01-01,Reparado,1,1,133.0,133,1
7204360,CVB35.BC,2021-01-11,Reparado / Garantía Lab,2,2,10.0,143,0
7204360,CVB35.BC,2022-11-10,Reparado / Garantía Lab,0,0,668.0,811,0
7204360,CVB35.BC,2023-05-10,Reparado / Garantía Lab,0,1,181.0,992,1
7204360,CVB35.BC,2023-05-16,Reparado,1,2,6.0,998,0
7204360,CVB35.BC,2025-09-05,Reparado / Garantía Lab,0,0,843.0,1841,0
7204361,CVB35.BC,2021-08-25,Reparado,0,0,0.0,0,0
7204361,CVB35.BC,2021-12-13,Reparado / Garantía Lab,1,1,110.0,110,0
7204362,CVB35.BC,2022-02-09,Reparado,0,0,0.0,0,0
7204362,CVB35.BC,2024-10-21,Reparado / Garantía Lab,0,0,985.0,985,0
7204362,CVB35.BC,2025-09-17,Reparado / Garantía Lab,0,1,331.0,1316,0
7204363,CVB35.BC,2021-09-15,Reparado,0,0,0.0,0,0
7204363,CVB35.BC,2022-03-29,Reparado / Garantía Lab,0,1,195.0,195,0
7204363,CVB35.BC,2022-11-04,Reparado / Garantía Lab,0,1,220.0,415,0
7204363,CVB35.BC,2024-07-03,Reparado / Garantía Lab,0,0,607.0,1022,0
7204363,CVB35.BC,2025-02-24,Reparado / Garantía Lab,0,1,236.0,1258,1
7204363,CVB35.BC,2025-02-27,Reparado / Garantía Lab,1,2,3.0,1261,1
7204363,CVB35.BC,2025-03-03,Reparado / Garantía Lab,2,3,4.0,1265,1
7204363,CVB35.BC,2025-03-06,Reparado / Garantía Lab,3,4,3.0,1268,1
7204363,CVB35.BC,2025-03-10,Reparado / Garantía Lab,4,5,4.0,1272,0
7204363,CVB35.BC,2025-04-25,Reparado / Garantía Lab,5,6,46.0,1318,1
7204363,CVB35.BC,2025-04-29,Reparado / Garantía Lab,6,7,4.0,1322,1
7204363,CVB35.BC,2025-05-05,Reparado / Garantía Lab,7,8,6.0,1328,1
7204363,CVB35.BC,2025-05-13,Reparado,8,9,8.0,1336,1
7204363,CVB35.BC,2025-05-28,Reparado / Garantía Lab,9,10,15.0,1351,1
7204363,CVB35.BC,2025-06-02,Reparado / Garantía Lab,10,11,5.0,1356,0
7204363,CVB35.BC,2025-08-06,Reparado / Garantía Lab,11,11,65.0,1421,1
7204363,CVB35.BC,2025-08-26,Reparado / Garantía Lab,11,12,20.0,1441,0
7204365,CVB35.BC,2022-06-07,Reparado,0,0,0.0,0,0
7204366,CVB35.BC,2024-10-23,Reparado,0,0,0.0,0,0
7204367,CVB35.BC,2021-07-30,Reparado,0,0,0.0,0,0
7204367,CVB35.BC,2021-11-12,Reparado / Garantía Lab,1,1,105.0,105,0
7204367,CVB35.BC,2022-01-10,Reparado / Garantía Lab,2,2,59.0,164,1
7204367,CVB35.BC,2022-01-17,Reparado / Garantía Lab,3,3,7.0,171,0
7204367,CVB35.BC,2022-03-28,Reparado / Garantía Lab,3,4,70.0,241,0
7204367,CVB35.BC,2022-07-07,Reparado / Garantía Lab,3,5,101.0,342,0
7204368,CVB35.BC,2024-03-05,Reparado,0,0,0.0,0,0
7204370,CVB35.BC,2022-10-07,Reparado,0,0,0.0,0,0
7204370,CVB35.BC,2024-05-03,Reparado / Garantía Lab,0,0,574.0,574,0
7204371,CVB35.BC,2020-12-04,Reparado,0,0,0.0,0,0
7204371,CVB35.BC,2022-06-13,Reparado / Garantía Lab,0,0,556.0,556,0
7204372,CVB35.BC,2021-02-02,Reparado,0,0,0.0,0,1
7204372,CVB35.BC,2021-02-04,Reparado,1,1,2.0,2,0
7204372,CVB35.BC,2021-12-20,Reparado / Garantía Lab,0,2,319.0,321,1
7204372,CVB35.BC,2021-12-28,Reparado / Garantía Lab,1,3,8.0,329,1
7204372,CVB35.BC,2022-01-03,Reparado / Garantía Lab,2,4,6.0,335,1
7204372,CVB35.BC,2022-01-17,Reparado / Garantía Lab,3,5,14.0,349,0
7204373,CVB35.BC,2021-11-16,Reparado,0,0,0.0,0,1
7204373,CVB35.BC,2021-11-25,Reparado / Garantía Lab,1,1,9.0,9,0
7204373,CVB35.BC,2022-03-24,Reparado / Garantía Lab,2,2,119.0,128,0
7204373,CVB35.BC,2023-07-24,Reparado / Garantía Lab,0,0,487.0,615,0
7204374,CVB35.BC,2021-09-20,Reparado,0,0,0.0,0,0
7204374,CVB35.BC,2021-11-27,Reparado / Garantía Lab,1,1,68.0,68,0
7204374,CVB35.BC,2022-10-15,Reparado / Garantía Lab,0,1,322.0,390,0
7204374,CVB35.BC,2024-10-07,Reparado / Garantía Lab,0,0,723.0,1113,1
7204374,CVB35.BC,2024-10-22,Reparado / Garantía Lab,1,1,15.0,1128,0
7204375,CVB35.BC,2021-06-07,Reparado,0,0,0.0,0,1
7204375,CVB35.BC,2021-06-22,Reparado / Garantía Lab,1,1,15.0,15,0
7204375,CVB35.BC,2022-03-31,Reparado / Garantía Lab,0,2,282.0,297,0
7204375,CVB35.BC,2025-01-15,Reparado / Garantía Lab,0,0,1021.0,1318,0
7204376,CVB35.BC,2021-01-27,Reparado,0,0,0.0,0,0
7204376,CVB35.BC,2021-07-28,Reparado / Garantía Lab,0,1,182.0,182,0
7204377,CVB35.BC,2024-08-20,Reparado,0,0,0.0,0,0
7204377,CVB35.BC,2025-08-11,Reparado / Garantía Lab,0,1,356.0,356,1
7204377,CVB35.BC,2025-08-13,Reparado / Garantía Lab,1,2,2.0,358,0
7204378,CVB35.BC,2022-02-23,Reparado,0,0,0.0,0,0
7204378,CVB35.BC,2022-11-06,Reparado / Garantía Lab,0,1,256.0,256,0
7204378,CVB35.BC,2025-05-06,Reparado / Garantía Lab,0,0,912.0,1168,0
7204379,CVB35.BC,2021-09-30,Reparado,0,0,0.0,0,0
7204379,CVB35.BC,2021-12-07,Reparado / Garantía Lab,1,1,68.0,68,0
7204379,CVB35.BC,2023-03-03,Reparado / Garantía Lab,0,0,451.0,519,0
7204379,CVB35.BC,2023-09-07,Reparado / Garantía Lab,0,1,188.0,707,1
7204379,CVB35.BC,2023-10-05,Reparado / Garantía Lab,1,2,28.0,735,0
7204379,CVB35.BC,2024-03-01,Reparado / Garantía Lab,2,3,148.0,883,0
7204380,CVB35.BC,2022-07-29,Reparado,0,0,0.0,0,0
7204380,CVB35.BC,2024-06-01,Reparado / Garantía Lab,0,0,673.0,673,0
7204381,CVB35.BC,2022-12-12,Reparado,0,0,0.0,0,0
7204381,CVB35.BC,2023-02-17,Reparado,1,1,67.0,67,0
7204382,CVB35.BC,2022-12-14,Reparado,0,0,0.0,0,0
7204382,CVB35.BC,2025-05-19,Reparado / Garantía Lab,0,0,887.0,887,0
7204382,CVB35.BC,2025-11-19,Reparado / Garantía Lab,0,1,184.0,1071,0
7204383,CVB35.BC,2024-03-17,Reparado,0,0,0.0,0,0
7204384,CVB35.BC,2023-08-14,Reparado,0,0,0.0,0,0
7204385,CVB35.BC,2024-06-04,Reparado,0,0,0.0,0,1
7204385,CVB35.BC,2024-06-28,Reparado / Garantía Lab,1,1,24.0,24,0
7204386,CVB35.BC,2022-01-05,Reparado,0,0,0.0,0,0
7204386,CVB35.BC,2025-06-27,Reparado / Garantía Lab,0,0,1269.0,1269,0
7204386,CVB35.BC,2025-09-04,Reparado / Garantía Lab,1,1,69.0,1338,0
7204387,CVB35.BC,2025-05-27,Reparado,0,0,0.0,0,0
7204389,CVB35.BC,2024-03-20,Reparado,0,0,0.0,0,0
7204390,CVB35.BC,2022-03-26,Reparado,0,0,0.0,0,0
7204391,CVB35.BC,2023-10-20,Reparado,0,0,0.0,0,0
7204392,CVB35.BC,2021-07-05,Reparado,0,0,0.0,0,0
7204392,CVB35.BC,2021-08-11,Reparado / Garantía Lab,1,1,37.0,37,0
7204393,CVB35.BC,2023-09-29,Reparado,0,0,0.0,0,0
7204393,CVB35.BC,2025-10-27,Reparado / Garantía Lab,0,0,759.0,759,0
7204394,CVB35.BC,2021-02-17,Reparado,0,0,0.0,0,0
7204394,CVB35.BC,2021-11-10,Reparado / Garantía Lab,0,1,266.0,266,0
7204394,CVB35.BC,2022-01-20,Reparado / Garantía Lab,1,2,71.0,337,0
7204395,CVB35.BC,2022-07-15,Reparado,0,0,0.0,0,0
7204395,CVB35.BC,2023-10-11,Reparado / Garantía Lab,0,0,453.0,453,0
7204398,CVB35.BC,2025-11-25,Reparado / Garantía Lab,0,0,0.0,0,0
7204400,CVB35.BC,2021-02-08,Reparado,0,0,0.0,0,0
7204400,CVB35.BC,2022-10-05,Reparado,0,0,604.0,604,0
7204402,CVB35.BC,2021-11-05,Reparado,0,0,0.0,0,0
7204402,CVB35.BC,2022-07-07,Reparado / Garantía Lab,0,1,244.0,244,0
7204402,CVB35.BC,2025-10-08,Reparado / Garantía Lab,0,0,1189.0,1433,0
7204403,CVB35.BC,2022-07-20,Reparado,0,0,0.0,0,0
7204404,CVB35.BC,2020-07-08,POD,0,0,0.0,0,0
7204404,CVB35.BC,2020-07-08,POD Reparado,0,0,0.0,0,0
7204404,CVB35.BC,2023-01-08,Reparado / Garantía Lab,0,0,914.0,914,0
7204404,CVB35.BC,2024-06-06,Reparado / Garantía Lab,0,0,515.0,1429,0
7204404,CVB35.BC,2025-07-28,Reparado / Garantía Lab,0,0,417.0,1846,0
7204405,CVB35.BC,2025-10-20,Reparado,0,0,0.0,0,0
7204406,CVB35.BC,2021-09-29,Reparado,0,0,0.0,0,0
7204407,CVB35.BC,2022-09-07,Reparado,0,0,0.0,0,0
7204409,CVB35.BC,2021-08-31,Reparado,0,0,0.0,0,0
7204409,CVB35.BC,2022-03-17,Reparado / Garantía Lab,0,1,198.0,198,1
7204409,CVB35.BC,2022-03-28,Reparado / Garantía Lab,1,2,11.0,209,0
7204409,CVB35.BC,2023-03-15,Reparado / Garantía Lab,0,2,352.0,561,0
7204409,CVB35.BC,2025-03-31,Reparado / Garantía Lab,0,0,747.0,1308,0
7204410,CVB35.BC,2021-06-03,Reparado,0,0,0.0,0,0
7204410,CVB35.BC,2023-09-17,Reparado / Garantía Lab,0,0,836.0,836,0
7204411,CVB35.BC,2021-02-12,Reparado,0,0,0.0,0,1
7204411,CVB35.BC,2021-02-16,Reparado / Garantía Lab,1,1,4.0,4,0
7204411,CVB35.BC,2021-12-29,Reparado / Garantía Lab,0,2,316.0,320,0
7204411,CVB35.BC,2024-07-16,Reparado / Garantía Lab,0,0,930.0,1250,0
7204412,CVB35.BC,2021-08-06,Reparado,0,0,0.0,0,0
7204412,CVB35.BC,2021-10-11,Reparado / Garantía Lab,1,1,66.0,66,0
7204412,CVB35.BC,2022-03-09,POD Reparado,1,2,149.0,215,0
7204412,CVB35.BC,2022-10-07,Reparado / Garantía Lab,0,2,212.0,427,1
7204412,CVB35.BC,2022-10-17,Reparado / Garantía Lab,1,2,10.0,437,0
7204412,CVB35.BC,2023-05-25,Reparado / Garantía Lab,0,2,220.0,657,0
7204412,CVB35.BC,2024-03-05,Reparado / Garantía Lab,0,1,285.0,942,1
7204412,CVB35.BC,2024-03-11,Reparado / Garantía Lab,1,2,6.0,948,1
7204412,CVB35.BC,2024-03-13,Reparado / Garantía Lab,2,3,2.0,950,1
7204412,CVB35.BC,2024-03-18,Reparado / Garantía Lab,3,4,5.0,955,0
7204412,CVB35.BC,2024-04-26,Reparado / Garantía Lab,4,5,39.0,994,1
7204412,CVB35.BC,2024-05-14,Reparado / Garantía Lab,5,6,18.0,1012,1
7204412,CVB35.BC,2024-05-17,Reparado / Garantía Lab,6,7,3.0,1015,0
7204412,CVB35.BC,2024-08-06,Reparado / Garantía Lab,7,7,81.0,1096,0
7204412,CVB35.BC,2024-12-17,Reparado / Garantía Lab,1,8,133.0,1229,1
7204412,CVB35.BC,2025-01-13,Reparado / Garantía Lab,2,9,27.0,1256,0
7204412,CVB35.BC,2025-06-13,Reparado / Garantía Lab,2,3,151.0,1407,1
7204412,CVB35.BC,2025-06-26,Reparado / Garantía Lab,2,4,13.0,1420,0
7204412,CVB35.BC,2025-09-02,Reparado / Garantía Lab,2,4,68.0,1488,1
7204412,CVB35.BC,2025-09-23,Reparado / Garantía Lab,3,5,21.0,1509,1
7204412,CVB35.BC,2025-09-29,Reparado / Garantía Lab,4,6,6.0,1515,1
7204412,CVB35.BC,2025-10-07,Reparado / Garantía Lab,5,7,8.0,1523,1
7204412,CVB35.BC,2025-10-16,Reparado / Garantía Lab,6,8,9.0,1532,0
7204413,CVB35.BC,2022-01-20,Reparado,0,0,0.0,0,0
7204413,CVB35.BC,2024-07-17,Reparado / Garantía Lab,0,0,909.0,909,0
7204414,CVB35.BC,2022-02-15,Reparado,0,0,0.0,0,0
7204414,CVB35.BC,2025-04-24,Reparado / Garantía Lab,0,0,1164.0,1164,0
7204415,CVB35.BC,2023-04-08,Reparado,0,0,0.0,0,0
7204415,CVB35.BC,2025-01-07,Reparado / Garantía Lab,0,0,640.0,640,0
7204417,CVB35.BC,2022-03-06,POD Reparado,0,0,0.0,0,0
7204418,CVB35.BC,2022-11-18,Reparado,0,0,0.0,0,0
7204419,CVB35.BC,2023-07-25,Reparado,0,0,0.0,0,0
7204420,CVB35.BC,2021-03-12,Reparado,0,0,0.0,0,1
7204420,CVB35.BC,2021-03-23,Reparado / Garantía Lab,1,1,11.0,11,1
7204420,CVB35.BC,2021-03-29,Reparado / Garantía Lab,2,2,6.0,17,0
7204420,CVB35.BC,2022-03-07,Reparado / Garantía Lab,0,3,343.0,360,0
7204421,CVB35.BC,2021-02-22,Reparado,0,0,0.0,0,0
7204421,CVB35.BC,2025-06-11,Reparado / Garantía Lab,0,0,1570.0,1570,0
7204422,CVB35.BC,2021-05-12,Reparado,0,0,0.0,0,0
7204423,CVB35.BC,2022-02-15,Reparado,0,0,0.0,0,0
7204423,CVB35.BC,2024-05-22,Reparado / Garantía Lab,0,0,827.0,827,0
7204423,CVB35.BC,2025-06-30,Reparado / Garantía Lab,0,0,404.0,1231,0
7204424,CVB35.BC,2022-08-19,Reparado,0,0,0.0,0,0
7204424,CVB35.BC,2025-10-20,Reparado / Garantía Lab,0,0,1158.0,1158,0
7204425,CVB35.BC,2022-08-23,Reparado,0,0,0.0,0,0
7204426,CVB35.BC,2021-08-09,Reparado,0,0,0.0,0,0
7204426,CVB35.BC,2021-11-18,Reparado / Garantía Lab,1,1,101.0,101,0
7204426,CVB35.BC,2022-03-31,Reparado / Garantía Lab,1,2,133.0,234,1
7204426,CVB35.BC,2022-04-20,Reparado / Garantía Lab,2,3,20.0,254,0
7204426,CVB35.BC,2022-09-03,Reparado / Garantía Lab,2,3,136.0,390,0
7204427,CVB35.BC,2023-08-26,Reparado / Garantía Lab,0,0,0.0,0,1
7204427,CVB35.BC,2023-09-05,Reparado / Garantía Lab,1,1,10.0,10,0
7204427,CVB35.BC,2023-10-26,Reparado / Garantía Lab,2,2,51.0,61,1
7204427,CVB35.BC,2023-11-22,Reparado / Garantía Lab,3,3,27.0,88,0
7204429,CVB35.BC,2021-01-20,Reparado,0,0,0.0,0,0
7204429,CVB35.BC,2021-11-10,Reparado,0,1,294.0,294,0
7204429,CVB35.BC,2023-10-26,POD Reparado,0,0,715.0,1009,0
7204429,CVB35.BC,2024-12-18,Reparado / Garantía Lab,0,0,419.0,1428,0
7204429,CVB35.BC,2025-05-19,Reparado / Garantía Lab,1,1,152.0,1580,0
7204432,CVB35.BC,2021-07-23,Reparado,0,0,0.0,0,1
7204432,CVB35.BC,2021-08-05,Reparado / Garantía Lab,1,1,13.0,13,1
7204432,CVB35.BC,2021-08-17,Reparado / Garantía Lab,2,2,12.0,25,0
7204432,CVB35.BC,2022-03-09,Reparado / Garantía Lab,0,3,204.0,229,1
7204432,CVB35.BC,2022-03-25,Reparado / Garantía Lab,1,4,16.0,245,0
7204432,CVB35.BC,2024-08-30,Reparado / Garantía Lab,0,0,889.0,1134,0
7204433,CVB35.BC,2022-06-08,Reparado,0,0,0.0,0,1
7204433,CVB35.BC,2022-06-28,Reparado / Garantía Lab,1,1,20.0,20,0
7204433,CVB35.BC,2024-01-12,Reparado / Garantía Lab,0,0,563.0,583,0
7204433,CVB35.BC,2024-03-25,Reparado / Garantía Lab,1,1,73.0,656,0
7204434,CVB35.BC,2022-08-22,Reparado,0,0,0.0,0,1
7204434,CVB35.BC,2022-08-30,Reparado / Garantía Lab,1,1,8.0,8,0
7204434,CVB35.BC,2022-11-23,Reparado / Garantía Lab,2,2,85.0,93,0
7204435,CVB35.BC,2022-02-03,Reparado / Garantía Lab,0,0,0.0,0,1
7204435,CVB35.BC,2022-02-18,Reparado,1,1,15.0,15,0
7204435,CVB35.BC,2022-06-08,Reparado / Garantía Lab,2,2,110.0,125,0
7204436,CVB35.BC,2020-12-02,Reparado,0,0,0.0,0,0
7204437,CVB35.BC,2022-08-05,Reparado,0,0,0.0,0,0
7204438,CVB35.BC,2020-09-08,Reparado / Garantía Lab,0,0,0.0,0,0
7204438,CVB35.BC,2021-02-19,Reparado,1,1,164.0,164,1
7204438,CVB35.BC,2021-03-05,Reparado / Garantía Lab,2,2,14.0,178,0
7204438,CVB35.BC,2021-08-27,Reparado / Garantía Lab,1,3,175.0,353,1
7204438,CVB35.BC,2021-09-06,Reparado / Garantía Lab,1,4,10.0,363,0
7204438,CVB35.BC,2021-11-03,Reparado / Garantía Lab,2,4,58.0,421,0
7204438,CVB35.BC,2022-04-08,Reparado / Garantía Lab,1,3,156.0,577,0
7204438,CVB35.BC,2024-06-14,Reparado / Garantía Lab,0,0,798.0,1375,1
7204438,CVB35.BC,2024-06-26,Reparado / Garantía Lab,1,1,12.0,1387,0
7204439,CVB35.BC,2022-07-26,Reparado,0,0,0.0,0,0
7204440,CVB35.BC,2021-04-07,Reparado,0,0,0.0,0,0
7204440,CVB35.BC,2021-05-27,Reparado / Garantía Lab,1,1,50.0,50,0
7204440,CVB35.BC,2022-09-08,Reparado / Garantía Lab,0,0,469.0,519,0
7204440,CVB35.BC,2022-11-23,Reparado / Garantía Lab,1,1,76.0,595,1
7204440,CVB35.BC,2022-12-23,Reparado / Garantía Lab,2,2,30.0,625,0
7204441,CVB35.BC,2023-06-02,Reparado,0,0,0.0,0,0
7204442,CVB35.BC,2022-08-19,Reparado,0,0,0.0,0,0
7204443,CVB35.BC,2022-07-07,POD Reparado,0,0,0.0,0,0
7204444,CVB35.BC,2023-06-03,Reparado,0,0,0.0,0,1
7204444,CVB35.BC,2023-06-09,Reparado / Garantía Lab,1,1,6.0,6,1
7204444,CVB35.BC,2023-06-12,Reparado / Garantía Lab,2,2,3.0,9,0
7204445,CVB35.BC,2021-05-06,Reparado,0,0,0.0,0,0
7204446,CVB35.BC,2023-09-27,Reparado,0,0,0.0,0,0
7204447,CVB35.BC,2024-02-28,Reparado,0,0,0.0,0,0
7204448,CVB35.BC,2022-07-06,Reparado,0,0,0.0,0,0
7204449,CVB35.BC,2021-02-15,Reparado,0,0,0.0,0,1
7204449,CVB35.BC,2021-03-06,Reparado / Garantía Lab,1,1,19.0,19,0
7204449,CVB35.BC,2025-07-01,Reparado / Garantía Lab,0,0,1578.0,1597,0
7204449,CVB35.BC,2025-10-02,Reparado / Garantía Lab,1,1,93.0,1690,0
7204451,CVB35.BC,2022-12-13,Reparado,0,0,0.0,0,0
7204452,CVB35.BC,2022-02-14,Reparado,0,0,0.0,0,1
7204452,CVB35.BC,2022-02-21,Reparado / Garantía Lab,1,1,7.0,7,1
7204452,CVB35.BC,2022-02-28,Reparado / Garantía Lab,2,2,7.0,14,0
7204452,CVB35.BC,2023-05-31,Reparado / Garantía Lab,0,0,457.0,471,1
7204452,CVB35.BC,2023-06-20,Reparado / Garantía Lab,1,1,20.0,491,0
7204452,CVB35.BC,2023-09-08,Reparado / Garantía Lab,2,2,80.0,571,1
7204452,CVB35.BC,2023-09-20,Reparado / Garantía Lab,3,3,12.0,583,0
7204452,CVB35.BC,2025-12-02,Reparado / Garantía Lab,0,0,804.0,1387,1
7204452,CVB35.BC,2025-12-04,Reparado / Garantía Lab,1,1,2.0,1389,0
7204453,CVB35.BC,2021-05-13,Reparado,0,0,0.0,0,0
7204454,CVB35.BC,2023-05-16,Reparado,0,0,0.0,0,0
7204455,CVB35.BC,2024-03-21,Reparado,0,0,0.0,0,0
7204456,CVB35.BC,2021-11-18,Reparado,0,0,0.0,0,0
7204456,CVB35.BC,2024-01-24,Reparado / Garantía Lab,0,0,797.0,797,1
7204456,CVB35.BC,2024-02-23,Reparado / Garantía Lab,1,1,30.0,827,0
7204456,CVB35.BC,2024-05-20,Reparado / Garantía Lab,2,2,87.0,914,0
7204456,CVB35.BC,2025-03-17,Reparado / Garantía Lab,0,1,301.0,1215,0
7204456,CVB35.BC,2025-04-29,Reparado / Garantía Lab,1,2,43.0,1258,0
7204456,CVB35.BC,2025-06-09,Reparado / Garantía Lab,2,2,41.0,1299,0
7204456,CVB35.BC,2025-09-09,Reparado / Garantía Lab,3,3,92.0,1391,0
7204457,CVB35.BC,2023-05-16,Reparado,0,0,0.0,0,0
7204458,CVB35.BC,2024-11-26,Reparado,0,0,0.0,0,0
7204459,CVB35.BC,2021-07-14,Reparado,0,0,0.0,0,0
7204460,CVB35.BC,2024-08-30,Reparado,0,0,0.0,0,0
7204461,CVB35.BC,2021-02-08,Reparado,0,0,0.0,0,1
7204461,CVB35.BC,2021-02-10,Reparado / Garantía Lab,1,1,2.0,2,1
7204461,CVB35.BC,2021-02-16,Reparado / Garantía Lab,2,2,6.0,8,0
7204461,CVB35.BC,2024-03-27,Reparado / Garantía Lab,0,0,1135.0,1143,0
7204461,CVB35.BC,2024-09-13,Reparado / Garantía Lab,1,1,170.0,1313,0
7204461,CVB35.BC,2025-04-15,Reparado / Garantía Lab,0,1,214.0,1527,0
7204461,CVB35.BC,2025-07-15,Reparado / Garantía Lab,1,2,91.0,1618,0
7204461,CVB35.BC,2025-08-21,Reparado / Garantía Lab,2,3,37.0,1655,1
7204461,CVB35.BC,2025-08-27,Reparado / Garantía Lab,3,4,6.0,1661,1
7204461,CVB35.BC,2025-09-11,Reparado / Garantía Lab,4,5,15.0,1676,0
7204461,CVB35.BC,2025-10-27,Reparado / Garantía Lab,4,5,46.0,1722,0
7204463,CVB35.BC,2025-03-20,Reparado,0,0,0.0,0,0
7204465,CVB35.BC,2022-09-20,Reparado,0,0,0.0,0,0
7204465,CVB35.BC,2025-01-28,Reparado / Garantía Lab,0,0,861.0,861,0
7204465,CVB35.BC,2025-09-11,POD Reparado,0,1,226.0,1087,0
7204466,CVB35.BC,2021-11-03,Reparado,0,0,0.0,0,0
7204466,CVB35.BC,2023-08-05,POD Reparado,0,0,640.0,640,0
7204467,CVB35.BC,2021-07-17,Reparado,0,0,0.0,0,0
7204467,CVB35.BC,2022-09-22,Reparado / Garantía Lab,0,0,432.0,432,0
7204468,CVB35.BC,2025-09-17,Reparado,0,0,0.0,0,0
7204469,CVB35.BC,2022-08-11,Reparado,0,0,0.0,0,1
7204469,CVB35.BC,2022-08-31,Reparado / Garantía Lab,1,1,20.0,20,0
7204470,CVB35.BC,2022-02-24,Reparado,0,0,0.0,0,1
7204470,CVB35.BC,2022-03-04,Reparado / Garantía Lab,1,1,8.0,8,0
7204471,CVB35.BC,2020-08-24,Reparado,0,0,0.0,0,0
7204471,CVB35.BC,2020-12-18,Reparado,1,1,116.0,116,1
7204471,CVB35.BC,2020-12-23,Reparado,2,2,5.0,121,0
7204471,CVB35.BC,2021-08-20,Reparado / Garantía Lab,0,3,240.0,361,1
7204471,CVB35.BC,2021-08-30,Reparado / Garantía Lab,1,3,10.0,371,0
7204471,CVB35.BC,2022-03-10,Reparado / Garantía Lab,0,2,192.0,563,1
7204471,CVB35.BC,2022-03-16,Reparado / Garantía Lab,1,3,6.0,569,1
7204471,CVB35.BC,2022-03-25,Reparado / Garantía Lab,2,4,9.0,578,0
7204471,CVB35.BC,2025-08-25,Reparado / Garantía Lab,0,0,1249.0,1827,0
7204472,CVB35.BC,2021-07-13,Reparado,0,0,0.0,0,0
7204472,CVB35.BC,2025-09-02,Reparado / Garantía Lab,0,0,1512.0,1512,0
7204473,CVB35.BC,2021-07-05,Reparado,0,0,0.0,0,0
7204474,CVB35.BC,2025-10-07,Reparado,0,0,0.0,0,0
7204475,CVB35.BC,2024-03-27,Reparado,0,0,0.0,0,0
7204476,CVB35.BC,2021-02-08,POD,0,0,0.0,0,0
7204477,CVB35.BC,2021-09-02,Reparado,0,0,0.0,0,0
7204477,CVB35.BC,2022-03-15,Reparado / Garantía Lab,0,1,194.0,194,1
7204477,CVB35.BC,2022-03-29,Reparado / Garantía Lab,1,2,14.0,208,0
7204477,CVB35.BC,2025-11-07,Reparado / Garantía Lab,0,0,1319.0,1527,0
7204480,CVB35.BC,2025-05-30,POD Reparado,0,0,0.0,0,0
7204481,CVB35.BC,2023-07-25,Reparado,0,0,0.0,0,0
7204481,CVB35.BC,2024-06-01,Reparado / Garantía Lab,0,1,312.0,312,0
7204483,CVB35.BC,2025-09-11,Reparado,0,0,0.0,0,0
7204484,CVB35.BC,2021-06-10,Reparado,0,0,0.0,0,0
7204485,CVB35.BC,2021-02-08,Reparado,0,0,0.0,0,0
7204485,CVB35.BC,2021-06-03,Reparado / Garantía Lab,1,1,115.0,115,0
7204485,CVB35.BC,2024-12-06,Reparado / Garantía Lab,0,0,1282.0,1397,0
7204486,CVB35.BC,2021-05-27,Reparado,0,0,0.0,0,0
7204486,CVB35.BC,2022-04-02,Reparado / Garantía Lab,0,1,310.0,310,1
7204486,CVB35.BC,2022-04-29,Reparado / Garantía Lab,1,2,27.0,337,0
7204487,CVB35.BC,2023-09-08,Reparado,0,0,0.0,0,0
7204487,CVB35.BC,2025-07-28,Reparado / Garantía Lab,0,0,689.0,689,0
7204491,CVB35.BC,2024-03-25,Reparado,0,0,0.0,0,0
7204492,CVB35.BC,2024-02-12,Reparado,0,0,0.0,0,0
7204493,CVB35.BC,2022-03-14,POD Reparado,0,0,0.0,0,0
7204494,CVB35.BC,2024-02-09,Reparado / Garantía Lab,0,0,0.0,0,1
7204494,CVB35.BC,2024-02-16,Reparado / Garantía Lab,1,1,7.0,7,0
7204494,CVB35.BC,2024-07-01,Reparado / Garantía Lab,2,2,136.0,143,0
7204494,CVB35.BC,2024-08-13,POD Reparado,2,3,43.0,186,0
7204495,CVB35.BC,2021-10-04,Reparado,0,0,0.0,0,0
7204495,CVB35.BC,2022-09-05,Reparado / Garantía Lab,0,1,336.0,336,0
7204495,CVB35.BC,2022-11-23,Reparado / Garantía Lab,1,1,79.0,415,0
7204495,CVB35.BC,2024-04-23,Reparado / Garantía Lab,0,0,517.0,932,0
7204497,CVB35.BC,2024-08-16,Reparado,0,0,0.0,0,0
7204497,CVB35.BC,2025-10-02,Reparado / Garantía Lab,0,0,412.0,412,0
7204498,CVB35.BC,2021-07-02,Reparado,0,0,0.0,0,1
7204498,CVB35.BC,2021-07-20,Reparado / Garantía Lab,1,1,18.0,18,0
7204498,CVB35.BC,2023-06-30,Reparado / Garantía Lab,0,0,710.0,728,0
7204499,CVB35.BC,2022-01-21,Reparado,0,0,0.0,0,0
7204499,CVB35.BC,2024-04-25,Reparado / Garantía Lab,0,0,825.0,825,0
7204499,CVB35.BC,2024-10-17,Reparado / Garantía Lab,1,1,175.0,1000,0
7204500,CVB35.BC,2023-05-22,Reparado,0,0,0.0,0,0
7204500,CVB35.BC,2024-11-19,Reparado / Garantía Lab,0,0,547.0,547,1
7204500,CVB35.BC,2024-11-21,Reparado / Garantía Lab,1,1,2.0,549,0
7204501,CVB35.BC,2024-04-15,Reparado,0,0,0.0,0,0
7204502,CVB35.BC,2021-07-08,Reparado,0,0,0.0,0,0
7204502,CVB35.BC,2022-03-12,Reparado / Garantía Lab,0,1,247.0,247,0
7204502,CVB35.BC,2023-09-26,POD Reparado,0,0,563.0,810,0
7204502,CVB35.BC,2024-02-28,Reparado / Garantía Lab,1,1,155.0,965,1
7204502,CVB35.BC,2024-03-01,Reparado / Garantía Lab,2,2,2.0,967,0
7204502,CVB35.BC,2025-08-21,Reparado / Garantía Lab,0,0,538.0,1505,1
7204502,CVB35.BC,2025-08-29,Reparado / Garantía Lab,1,1,8.0,1513,1
7204502,CVB35.BC,2025-09-02,Reparado / Garantía Lab,2,2,4.0,1517,0
7204503,CVB35.BC,2022-02-11,Reparado,0,0,0.0,0,0
7204504,CVB35.BC,2021-03-02,Reparado,0,0,0.0,0,0
7204504,CVB35.BC,2021-07-23,Reparado / Garantía Lab,1,1,143.0,143,0
7204504,CVB35.BC,2021-09-22,Reparado / Garantía Lab,1,2,61.0,204,0
7204504,CVB35.BC,2021-11-16,Reparado / Garantía Lab,2,3,55.0,259,0
7204505,CVB35.BC,2022-06-10,Reparado,0,0,0.0,0,0
7204505,CVB35.BC,2022-11-15,Reparado / Garantía Lab,1,1,158.0,158,0
7204505,CVB35.BC,2024-05-23,Reparado / Garantía Lab,0,0,555.0,713,0
7204505,CVB35.BC,2024-08-07,Reparado / Garantía Lab,1,1,76.0,789,0
7204505,CVB35.BC,2024-12-09,Reparado / Garantía Lab,1,2,124.0,913,0
7204505,CVB35.BC,2025-04-29,Reparado,1,3,141.0,1054,0
7204505,CVB35.BC,2025-05-30,Reparado / Garantía Lab,2,3,31.0,1085,1
7204505,CVB35.BC,2025-06-13,Reparado / Garantía Lab,2,4,14.0,1099,1
7204505,CVB35.BC,2025-07-04,Reparado / Garantía Lab,3,5,21.0,1120,1
7204505,CVB35.BC,2025-07-09,Reparado / Garantía Lab,4,6,5.0,1125,1
7204505,CVB35.BC,2025-07-15,Reparado / Garantía Lab,5,7,6.0,1131,0
7204505,CVB35.BC,2025-10-03,Reparado / Garantía Lab,6,7,80.0,1211,0
7204507,CVB35.BC,2022-02-12,Reparado,0,0,0.0,0,0
7204508,CVB35.BC,2021-07-05,Reparado,0,0,0.0,0,0
7204508,CVB35.BC,2021-10-21,Reparado / Garantía Lab,1,1,108.0,108,0
7204508,CVB35.BC,2022-06-16,Reparado / Garantía Lab,0,2,238.0,346,0
7204508,CVB35.BC,2022-07-19,Reparado,1,2,33.0,379,0
7204508,CVB35.BC,2025-08-04,POD Reparado,0,0,1112.0,1491,0
7204512,CVB35.BC,2022-12-19,Reparado,0,0,0.0,0,0
7204512,CVB35.BC,2024-04-08,Reparado,0,0,476.0,476,0
7204512,CVB35.BC,2025-06-17,Reparado / Garantía Lab,0,0,435.0,911,0
7204513,CVB35.BC,2023-05-29,Reparado,0,0,0.0,0,0
7204513,CVB35.BC,2024-08-13,Reparado / Garantía Lab,0,0,442.0,442,0
7204513,CVB35.BC,2025-07-15,Reparado / Garantía Lab,0,1,336.0,778,0
7204515,CVB35.BC,2022-08-24,Reparado,0,0,0.0,0,0
7204515,CVB35.BC,2022-11-25,Reparado / Garantía Lab,1,1,93.0,93,0
7204516,CVB35.BC,2021-07-02,Reparado,0,0,0.0,0,0
7204518,CVB35.BC,2021-02-01,Reparado,0,0,0.0,0,0
7204519,CVB35.BC,2022-09-23,Reparado,0,0,0.0,0,0
7204519,CVB35.BC,2023-06-05,Reparado / Garantía Lab,0,1,255.0,255,0
7204519,CVB35.BC,2024-04-26,Reparado / Garantía Lab,0,1,326.0,581,0
7204521,CVB35.BC,2021-06-23,Reparado,0,0,0.0,0,0
7204521,CVB35.BC,2022-12-24,Reparado / Garantía Lab,0,0,549.0,549,0
7204521,CVB35.BC,2024-07-26,Reparado / Garantía Lab,0,0,580.0,1129,0
7204522,CVB35.BC,2020-07-08,POD,0,0,0.0,0,0
7204522,CVB35.BC,2020-12-22,POD Reparado,1,1,167.0,167,0
7204522,CVB35.BC,2024-04-14,Reparado / Garantía Lab,0,0,1209.0,1376,0
7204522,CVB35.BC,2024-05-16,Reparado / Garantía Lab,1,1,32.0,1408,0
7204522,CVB35.BC,2024-07-23,Reparado / Garantía Lab,2,2,68.0,1476,0
7204523,CVB35.BC,2022-08-05,Reparado,0,0,0.0,0,0
7204523,CVB35.BC,2024-03-27,Reparado / Garantía Lab,0,0,600.0,600,0
7204524,CVB35.BC,2021-09-02,Reparado,0,0,0.0,0,0
7204525,CVB35.BC,2023-05-23,Reparado,0,0,0.0,0,0
7204525,CVB35.BC,2025-11-26,Reparado / Garantía Lab,0,0,918.0,918,0
7204526,CVB35.BC,2021-01-18,Reparado,0,0,0.0,0,1
7204526,CVB35.BC,2021-01-26,Reparado,1,1,8.0,8,0
7204526,CVB35.BC,2021-10-04,Reparado / Garantía Lab,0,2,251.0,259,0
7204526,CVB35.BC,2025-06-11,Reparado / Garantía Lab,0,0,1346.0,1605,0
7204526,CVB35.BC,2025-11-13,Reparado / Garantía Lab,1,1,155.0,1760,0
7204527,CVB35.BC,2021-05-30,Reparado,0,0,0.0,0,0
7204528,CVB35.BC,2020-11-26,Reparado,0,0,0.0,0,0
7204528,CVB35.BC,2021-11-10,Reparado / Garantía Lab,0,1,349.0,349,0
7204528,CVB35.BC,2025-11-25,Reparado / Garantía Lab,0,0,1476.0,1825,0
7204529,CVB35.BC,2022-12-12,Reparado / Garantía Lab,0,0,0.0,0,0
7204529,CVB35.BC,2024-03-21,Reparado / Garantía Lab,0,0,465.0,465,0
7204529,CVB35.BC,2024-05-24,Reparado / Garantía Lab,1,1,64.0,529,0
7204530,CVB35.BC,2022-08-22,Reparado,0,0,0.0,0,0
7204530,CVB35.BC,2024-06-17,Reparado / Garantía Lab,0,0,665.0,665,0
7204530,CVB35.BC,2024-08-12,Reparado / Garantía Lab,1,1,56.0,721,0
7204532,CVB35.BC,2021-08-07,Reparado,0,0,0.0,0,0
7204532,CVB35.BC,2023-07-05,Reparado / Garantía Lab,0,0,697.0,697,0
7204532,CVB35.BC,2023-08-14,Reparado / Garantía Lab,1,1,40.0,737,1
7204532,CVB35.BC,2023-08-21,Reparado / Garantía Lab,2,2,7.0,744,0
7204532,CVB35.BC,2023-10-03,Reparado / Garantía Lab,3,3,43.0,787,0
7204532,CVB35.BC,2025-11-25,Reparado / Garantía Lab,0,0,784.0,1571,0
7204533,CVB35.BC,2023-10-18,Reparado,0,0,0.0,0,0
7204533,CVB35.BC,2025-01-24,Reparado / Garantía Lab,0,0,464.0,464,0
7204534,CVB35.BC,2020-12-06,Reparado,0,0,0.0,0,0
7204534,CVB35.BC,2025-10-15,Reparado / Garantía Lab,0,0,1774.0,1774,0
7204535,CVB35.BC,2021-07-28,Reparado,0,0,0.0,0,1
7204535,CVB35.BC,2021-08-06,Reparado / Garantía Lab,1,1,9.0,9,0
7204535,CVB35.BC,2021-10-07,Reparado / Garantía Lab,2,2,62.0,71,0
7204535,CVB35.BC,2022-03-08,Reparado / Garantía Lab,1,3,152.0,223,0
7204535,CVB35.BC,2025-09-24,Reparado / Garantía Lab,0,0,1296.0,1519,0
7204536,CVB35.BC,2021-04-21,Reparado,0,0,0.0,0,0
7204536,CVB35.BC,2024-09-05,Reparado / Garantía Lab,0,0,1233.0,1233,0
7204536,CVB35.BC,2025-08-18,Reparado / Garantía Lab,0,1,347.0,1580,1
7204536,CVB35.BC,2025-08-29,Reparado / Garantía Lab,1,2,11.0,1591,1
7204536,CVB35.BC,2025-09-25,Reparado / Garantía Lab,2,2,27.0,1618,1
7204536,CVB35.BC,2025-10-13,Reparado / Garantía Lab,3,3,18.0,1636,1
7204536,CVB35.BC,2025-11-07,Reparado / Garantía Lab,4,4,25.0,1661,0
7204537,CVB35.BC,2022-03-13,Reparado,0,0,0.0,0,0
7204538,CVB35.BC,2022-03-02,Reparado,0,0,0.0,0,0
7204538,CVB35.BC,2025-08-05,Reparado / Garantía Lab,0,0,1252.0,1252,0
7204538,CVB35.BC,2025-09-12,Reparado / Garantía Lab,1,1,38.0,1290,1
7204538,CVB35.BC,2025-09-17,Reparado / Garantía Lab,2,2,5.0,1295,0
7204539,CVB35.BC,2021-01-20,Reparado,0,0,0.0,0,0
7204539,CVB35.BC,2021-03-17,Reparado / Garantía Lab,1,1,56.0,56,0
7204540,CVB35.BC,2021-04-02,Reparado,0,0,0.0,0,0
7204542,CVB35.BC,2022-09-14,Reparado,0,0,0.0,0,0
7204544,CVB35.BC,2023-07-26,Reparado,0,0,0.0,0,0
7204545,CVB35.BC,2021-12-24,Reparado,0,0,0.0,0,0
7204545,CVB35.BC,2024-05-28,Reparado / Garantía Lab,0,0,886.0,886,0
7204547,CVB35.BC,2021-09-29,Reparado,0,0,0.0,0,0
7204547,CVB35.BC,2024-04-23,Reparado / Garantía Lab,0,0,937.0,937,0
7204548,CVB35.BC,2025-11-25,Reparado / Garantía Lab,0,0,0.0,0,0
7204549,CVB35.BC,2022-02-14,Reparado,0,0,0.0,0,0
7204551,CVB35.BC,2021-11-30,Reparado,0,0,0.0,0,0
7204551,CVB35.BC,2023-06-16,Reparado / Garantía Lab,0,0,563.0,563,0
7204552,CVB35.BC,2024-05-28,Reparado,0,0,0.0,0,0
7204552,CVB35.BC,2024-08-12,Reparado / Garantía Lab,1,1,76.0,76,1
7204552,CVB35.BC,2024-08-27,Reparado / Garantía Lab,2,2,15.0,91,1
7204552,CVB35.BC,2024-09-05,Reparado / Garantía Lab,3,3,9.0,100,1
7204552,CVB35.BC,2024-09-11,Reparado / Garantía Lab,4,4,6.0,106,0
7204552,CVB35.BC,2024-10-15,Reparado / Garantía Lab,5,5,34.0,140,0
7204553,CVB35.BC,2021-10-08,Reparado,0,0,0.0,0,0
7204554,CVB35.BC,2022-02-15,Reparado,0,0,0.0,0,0
7204554,CVB35.BC,2024-11-26,Reparado / Garantía Lab,0,0,1015.0,1015,0
7204558,CVB35.BC,2021-02-08,Reparado,0,0,0.0,0,0
7204558,CVB35.BC,2024-01-18,Reparado / Garantía Lab,0,0,1074.0,1074,0
7204558,CVB35.BC,2025-08-18,POD Reparado,0,0,578.0,1652,0
7204559,CVB35.BC,2021-01-07,Reparado,0,0,0.0,0,0
7204560,CVB35.BC,2022-02-14,Reparado,0,0,0.0,0,0
7204560,CVB35.BC,2025-03-20,Reparado / Garantía Lab,0,0,1130.0,1130,0
7204561,CVB35.BC,2023-11-08,Reparado,0,0,0.0,0,0
7204562,CVB35.BC,2022-10-12,Reparado,0,0,0.0,0,0
7204563,CVB35.BC,2021-05-06,Reparado,0,0,0.0,0,1
7204563,CVB35.BC,2021-05-14,Reparado / Garantía Lab,1,1,8.0,8,0
7204563,CVB35.BC,2021-09-09,Reparado / Garantía Lab,2,2,118.0,126,0
7204563,CVB35.BC,2022-05-17,Reparado / Garantía Lab,0,1,250.0,376,0
7204563,CVB35.BC,2023-08-23,Reparado / Garantía Lab,0,0,463.0,839,0
7204564,CVB35.BC,2022-11-30,Reparado,0,0,0.0,0,0
7204564,CVB35.BC,2024-07-24,Reparado / Garantía Lab,0,0,602.0,602,0
7204565,CVB35.BC,2022-06-30,Reparado,0,0,0.0,0,0
7204566,CVB35.BC,2021-11-12,Reparado,0,0,0.0,0,0
7204567,CVB35.BC,2022-08-17,Reparado,0,0,0.0,0,0
7204567,CVB35.BC,2024-04-11,Reparado / Garantía Lab,0,0,603.0,603,0
7204568,CVB35.BC,2024-09-13,Reparado,0,0,0.0,0,0
7204568,CVB35.BC,2025-03-04,Reparado / Garantía Lab,1,1,172.0,172,0
7204568,CVB35.BC,2025-05-12,Reparado,1,2,69.0,241,1
7204568,CVB35.BC,2025-06-02,Reparado / Garantía Lab,2,3,21.0,262,1
7204568,CVB35.BC,2025-06-05,Reparado / Garantía Lab,3,4,3.0,265,1
7204568,CVB35.BC,2025-06-13,Reparado / Garantía Lab,4,5,8.0,273,0
7204568,CVB35.BC,2025-10-22,Reparado / Garantía Lab,4,5,131.0,404,0
7204570,CVB35.BC,2022-07-30,Reparado,0,0,0.0,0,0
7204571,CVB35.BC,2022-02-10,Reparado,0,0,0.0,0,0
7204571,CVB35.BC,2022-04-06,Reparado / Garantía Lab,1,1,55.0,55,0
7204572,CVB35.BC,2022-02-11,Reparado,0,0,0.0,0,1
7204572,CVB35.BC,2022-02-17,Reparado / Garantía Lab,1,1,6.0,6,1
7204572,CVB35.BC,2022-03-15,Reparado / Garantía Lab,2,2,26.0,32,1
7204572,CVB35.BC,2022-03-24,Reparado / Garantía Lab,3,3,9.0,41,0
7204573,CVB35.BC,2022-05-16,Reparado,0,0,0.0,0,0
7204574,CVB35.BC,2021-07-20,Reparado,0,0,0.0,0,0
7204574,CVB35.BC,2023-09-09,Reparado / Garantía Lab,0,0,781.0,781,0
7204574,CVB35.BC,2024-02-19,POD Reparado,1,1,163.0,944,0
7204575,CVB35.BC,2022-09-13,Reparado,0,0,0.0,0,1
7204575,CVB35.BC,2022-09-21,Reparado / Garantía Lab,1,1,8.0,8,1
7204575,CVB35.BC,2022-09-23,Reparado / Garantía Lab,2,2,2.0,10,0
7204576,CVB35.BC,2022-12-30,Reparado,0,0,0.0,0,0
7204577,CVB35.BC,2022-09-04,Reparado,0,0,0.0,0,0
7204577,CVB35.BC,2023-11-21,Reparado / Garantía Lab,0,0,443.0,443,0
7204578,CVB35.BC,2022-08-24,Reparado,0,0,0.0,0,0
7204579,CVB35.BC,2021-06-25,Reparado,0,0,0.0,0,0
7204580,CVB35.BC,2024-03-21,Reparado,0,0,0.0,0,0
7204580,CVB35.BC,2025-10-27,Reparado / Garantía Lab,0,0,585.0,585,0
7204581,CVB35.BC,2021-08-06,Reparado,0,0,0.0,0,0
7204581,CVB45.BC,2023-04-12,Reparado,0,0,614.0,614,0
7204582,CVB35.BC,2021-03-25,Reparado,0,0,0.0,0,0
7204582,CVB35.BC,2022-11-15,Reparado / Garantía Lab,0,0,600.0,600,0
7204583,CVB35.BC,2024-06-25,Reparado,0,0,0.0,0,0
7204584,CVB35.BC,2021-12-16,Reparado,0,0,0.0,0,0
7204584,CVB35.BC,2025-10-17,Reparado / Garantía Lab,0,0,1401.0,1401,0
7204585,CVB35.BC,2021-10-08,Reparado,0,0,0.0,0,0
7204585,CVB35.BC,2022-03-09,Reparado / Garantía Lab,1,1,152.0,152,1
7204585,CVB35.BC,2022-03-24,Reparado / Garantía Lab,2,2,15.0,167,0
7204585,CVB35.BC,2024-05-24,Reparado / Garantía Lab,0,0,792.0,959,0
7204586,CVB35.BC,2025-01-08,Reparado,0,0,0.0,0,0
7204586,CVB35.BC,2025-03-18,Reparado / Garantía Lab,1,1,69.0,69,1
7204586,CVB35.BC,2025-03-20,Reparado / Garantía Lab,2,2,2.0,71,0
7204586,CVB35.BC,2025-06-25,Reparado / Garantía Lab,3,3,97.0,168,1
7204586,CVB35.BC,2025-06-30,Reparado / Garantía Lab,4,4,5.0,173,1
7204586,CVB35.BC,2025-07-03,Reparado / Garantía Lab,5,5,3.0,176,1
7204586,CVB35.BC,2025-07-08,Reparado / Garantía Lab,5,6,5.0,181,1
7204586,CVB35.BC,2025-07-11,Reparado / Garantía Lab,6,7,3.0,184,1
7204586,CVB35.BC,2025-07-15,Reparado / Garantía Lab,7,8,4.0,188,0
7204586,CVB35.BC,2025-08-26,Reparado / Garantía Lab,8,9,42.0,230,0
7204586,CVB35.BC,2025-10-07,Reparado / Garantía Lab,7,10,42.0,272,0
7204586,CVB35.BC,2025-11-07,Reparado / Garantía Lab,8,11,31.0,303,1
7204586,CVB35.BC,2025-11-11,Proceso,9,12,4.0,307,0
7204588,CVB35.BC,2023-08-25,Reparado,0,0,0.0,0,0
7204588,CVB35.BC,2024-04-24,Reparado / Garantía Lab,0,1,243.0,243,0
7204591,CVB35.BC,2023-03-27,Reparado,0,0,0.0,0,0
7204591,CVB35.BC,2024-06-07,Reparado / Garantía Lab,0,0,438.0,438,0
7204591,CVB35.BC,2025-10-02,Reparado / Garantía Lab,0,0,482.0,920,0
7204591,CVB35.BC,2025-11-25,Reparado / Garantía Lab,1,1,54.0,974,0
7204592,CVB35.BC,2024-03-01,Reparado,0,0,0.0,0,0
7204592,CVB35.BC,2025-01-28,Reparado / Garantía Lab,0,1,333.0,333,0
7204592,CVB35.BC,2025-11-17,Reparado / Garantía Lab,0,1,293.0,626,0
7204593,CVB35.BC,2025-10-09,Reparado,0,0,0.0,0,0
7204594,CVB35.BC,2024-04-04,Reparado,0,0,0.0,0,0
7204594,CVB35.BC,2024-05-22,Reparado / Garantía Lab,1,1,48.0,48,1
7204594,CVB35.BC,2024-06-15,Reparado / Garantía Lab,2,2,24.0,72,1
7204594,CVB35.BC,2024-07-05,Reparado / Garantía Lab,3,3,20.0,92,0
7204594,CVB35.BC,2024-08-07,Reparado / Garantía Lab,4,4,33.0,125,0
7204594,CVB35.BC,2024-11-15,Reparado / Garantía Lab,4,5,100.0,225,0
7204594,CVB35.BC,2024-12-20,Reparado / Garantía Lab,3,6,35.0,260,1
7204594,CVB35.BC,2025-01-15,Reparado,3,7,26.0,286,1
7204594,CVB35.BC,2025-02-04,Reparado / Garantía Lab,3,8,20.0,306,1
7204594,CVB35.BC,2025-02-12,Reparado / Garantía Lab,4,9,8.0,314,0
7204595,CVB35.BC,2022-05-11,Reparado,0,0,0.0,0,0
7204596,CVB35.BC,2022-08-13,Reparado,0,0,0.0,0,0
7204596,CVB35.BC,2024-11-19,Reparado / Garantía Lab,0,0,829.0,829,0
7204597,CVB35.BC,2022-10-19,Reparado,0,0,0.0,0,0
7204597,CVB35.BC,2023-08-30,Reparado / Garantía Lab,0,1,315.0,315,0
7204597,CVB35.BC,2025-08-29,Reparado / Garantía Lab,0,0,730.0,1045,1
7204597,CVB35.BC,2025-09-09,Reparado / Garantía Lab,1,1,11.0,1056,0
7204598,CVB35.BC,2021-10-18,Reparado,0,0,0.0,0,0
7204598,CVB35.BC,2021-11-29,Reparado / Garantía Lab,1,1,42.0,42,0
7204598,CVB35.BC,2024-02-11,Reparado / Garantía Lab,0,0,804.0,846,1
7204598,CVB35.BC,2024-02-15,Reparado / Garantía Lab,1,1,4.0,850,0
7204599,CVB35.BC,2022-07-04,Reparado,0,0,0.0,0,0
7204599,CVB35.BC,2022-12-23,Reparado / Garantía Lab,1,1,172.0,172,0
7204599,CVB35.BC,2023-10-31,Reparado / Garantía Lab,0,1,312.0,484,0
7204600,CVB35.BC,2021-01-25,Reparado,0,0,0.0,0,0
7204600,CVB35.BC,2023-05-31,Reparado / Garantía Lab,0,0,856.0,856,0
7204600,CVB35.BC,2025-11-25,Reparado / Garantía Lab,0,0,909.0,1765,0
7204601,CVB35.BC,2021-10-08,Reparado,0,0,0.0,0,0
7204601,CVB35.BC,2024-01-18,Reparado / Garantía Lab,0,0,832.0,832,0
7204601,CVB35.BC,2024-06-07,Reparado / Garantía Lab,1,1,141.0,973,0
7204603,CVB35.BC,2021-04-30,Reparado,0,0,0.0,0,0
7204603,CVB35.BC,2025-10-14,Reparado,0,0,1628.0,1628,1
7204603,CVB35.BC,2025-11-13,Reparado / Garantía Lab,1,1,30.0,1658,1
7204603,CVB35.BC,2025-11-19,Reparado / Garantía Lab,2,2,6.0,1664,0
7204604,CVB35.BC,2022-10-28,Reparado,0,0,0.0,0,1
7204604,CVB35.BC,2022-11-15,Reparado / Garantía Lab,1,1,18.0,18,0
7204605,CVB35.BC,2021-07-04,Reparado,0,0,0.0,0,0
7204605,CVB35.BC,2023-11-30,POD Reparado,0,0,879.0,879,0
7204606,CVB35.BC,2024-03-24,Reparado,0,0,0.0,0,0
7204606,CVB35.BC,2024-05-18,Reparado / Garantía Lab,1,1,55.0,55,0
7204607,CVB35.BC,2022-07-25,Reparado,0,0,0.0,0,0
7204607,CVB35.BC,2025-08-22,Reparado / Garantía Lab,0,0,1124.0,1124,0
7204608,CVB35.BC,2022-08-09,Reparado,0,0,0.0,0,0
7204609,CVB35.BC,2019-09-18,Reparado / Garantía Lab,0,0,0.0,0,0
7204609,CVB35.BC,2021-02-24,Reparado,0,0,525.0,525,0
7204610,CVB35.BC,2022-07-28,Reparado,0,0,0.0,0,0
7204611,CVB35.BC,2022-02-18,Reparado,0,0,0.0,0,0
7204612,CVB35.BC,2020-12-30,Reparado,0,0,0.0,0,0
7204612,CVB35.BC,2022-10-22,Reparado / Garantía Lab,0,0,661.0,661,0
7204612,CVB35.BC,2024-03-05,Reparado / Garantía Lab,0,0,500.0,1161,0
7204612,CVB35.BC,2025-10-20,Reparado / Garantía Lab,0,0,594.0,1755,0
7204615,CVB35.BC,2022-05-27,Reparado,0,0,0.0,0,0
7204615,CVB35.BC,2025-04-02,Reparado / Garantía Lab,0,0,1041.0,1041,0
7204616,CVB35.BC,2022-04-14,Reparado,0,0,0.0,0,0
7204616,CVB35.BC,2022-09-10,Reparado / Garantía Lab,1,1,149.0,149,0
7204617,CVB35.BC,2023-01-04,Reparado,0,0,0.0,0,0
7204617,CVB35.BC,2025-11-13,Reparado / Garantía Lab,0,0,1044.0,1044,0
7204618,CVB35.BC,2021-07-30,Reparado,0,0,0.0,0,0
7204618,CVB35.BC,2021-12-05,POD Reparado,1,1,128.0,128,0
7204618,CVB35.BC,2023-02-11,Reparado / Garantía Lab,0,0,433.0,561,0
7204619,CVB35.BC,2021-12-14,Reparado,0,0,0.0,0,0
7204619,CVB35.BC,2022-11-03,Reparado / Garantía Lab,0,1,324.0,324,0
7204619,CVB35.BC,2025-06-04,Reparado / Garantía Lab,0,0,944.0,1268,0
7204620,CVB35.BC,2022-02-07,Reparado,0,0,0.0,0,0
7204620,CVB35.BC,2025-05-19,Reparado / Garantía Lab,0,0,1197.0,1197,0
7204621,CVB35.BC,2022-11-22,Reparado,0,0,0.0,0,0
7204621,CVB35.BC,2025-06-24,Reparado,0,0,945.0,945,0
7204622,CVB35.BC,2024-07-29,Reparado,0,0,0.0,0,0
7204622,CVB35.BC,2025-11-25,Reparado / Garantía Lab,0,0,484.0,484,0
7204623,CVB35.BC,2021-07-04,Reparado,0,0,0.0,0,0
7204623,CVB35.BC,2022-03-03,Reparado / Garantía Lab,0,1,242.0,242,1
7204623,CVB35.BC,2022-03-14,Reparado / Garantía Lab,1,2,11.0,253,1
7204623,CVB35.BC,2022-03-24,Reparado / Garantía Lab,2,3,10.0,263,0
7204624,CVB35.BC,2020-11-27,Reparado,0,0,0.0,0,0
7204624,CVB35.BC,2022-08-21,Reparado,0,0,632.0,632,0
7204624,CVB35.BC,2025-04-15,Reparado / Garantía Lab,0,0,968.0,1600,0
7204624,CVB35.BC,2025-06-19,Reparado / Garantía Lab,1,1,65.0,1665,1
7204624,CVB35.BC,2025-06-25,Reparado / Garantía Lab,2,2,6.0,1671,1
7204624,CVB35.BC,2025-07-11,Reparado / Garantía Lab,3,3,16.0,1687,1
7204624,CVB35.BC,2025-07-15,Reparado / Garantía Lab,4,4,4.0,1691,0
7204624,CVB35.BC,2025-08-26,Reparado / Garantía Lab,5,5,42.0,1733,1
7204624,CVB35.BC,2025-09-01,Reparado / Garantía Lab,6,6,6.0,1739,1
7204624,CVB35.BC,2025-09-03,Reparado / Garantía Lab,7,7,2.0,1741,1
7204624,CVB35.BC,2025-09-09,Reparado / Garantía Lab,8,8,6.0,1747,1
7204624,CVB35.BC,2025-09-15,Reparado / Garantía Lab,9,9,6.0,1753,0
7204625,CVB35.BC,2022-10-07,Reparado,0,0,0.0,0,0
7204625,CVB35.BC,2024-02-12,Reparado / Garantía Lab,0,0,493.0,493,0
7204626,CVB35.BC,2023-08-09,Reparado,0,0,0.0,0,0
7204627,CVB35.BC,2022-08-08,Reparado,0,0,0.0,0,0
7204628,CVB35.BC,2023-08-25,Reparado,0,0,0.0,0,0
7204628,CVB35.BC,2025-09-23,Reparado / Garantía Lab,0,0,760.0,760,0
7204629,CVB35.BC,2021-02-12,Reparado,0,0,0.0,0,1
7204629,CVB35.BC,2021-02-26,Reparado / Garantía Lab,1,1,14.0,14,0
7204630,CVB35.BC,2022-10-05,Reparado,0,0,0.0,0,0
7204631,CVB35.BC,2021-08-20,Reparado,0,0,0.0,0,1
7204631,CVB35.BC,2021-08-27,Reparado / Garantía Lab,1,1,7.0,7,1
7204631,CVB35.BC,2021-09-08,Reparado / Garantía Lab,2,2,12.0,19,0
7204631,CVB35.BC,2022-03-07,Reparado / Garantía Lab,1,3,180.0,199,0
7204631,CVB35.BC,2025-09-02,Reparado / Garantía Lab,0,0,1275.0,1474,0
7204632,CVB35.BC,2022-06-13,Reparado,0,0,0.0,0,0
7204632,CVB35.BC,2022-10-19,Reparado / Garantía Lab,1,1,128.0,128,0
7204632,CVB35.BC,2025-02-07,Reparado / Garantía Lab,0,0,842.0,970,0
7204632,CVB35.BC,2025-09-16,Reparado / Garantía Lab,0,1,221.0,1191,0
7204633,CVB35.BC,2025-01-15,Reparado,0,0,0.0,0,0
7204633,CVB35.BC,2025-11-25,Reparado / Garantía Lab,0,1,314.0,314,0
7204634,CVB35.BC,2022-10-27,Reparado,0,0,0.0,0,1
7204634,CVB35.BC,2022-11-15,Reparado / Garantía Lab,1,1,19.0,19,0
7204634,CVB35.BC,2022-12-22,Reparado / Garantía Lab,2,2,37.0,56,0
7204635,CVB35.BC,2022-06-30,Reparado,0,0,0.0,0,0
7204635,CVB35.BC,2024-11-15,Reparado / Garantía Lab,0,0,869.0,869,0
7204636,CVB35.BC,2022-11-23,Reparado,0,0,0.0,0,0
7204637,CVB35.BC,2021-10-21,Reparado,0,0,0.0,0,0
7204638,CVB35.BC,2023-05-23,Reparado,0,0,0.0,0,0
7204638,CVB35.BC,2025-11-26,Reparado / Garantía Lab,0,0,918.0,918,0
7204639,CVB35.BC,2021-09-15,Reparado,0,0,0.0,0,0
7204640,CVB35.BC,2020-09-25,Reparado,0,0,0.0,0,0
7204640,CVB35.BC,2021-01-18,Reparado / Garantía Lab,1,1,115.0,115,0
7204641,CVB35.BC,2023-06-05,Reparado,0,0,0.0,0,0
7204641,CVB35.BC,2025-05-02,Reparado / Garantía Lab,0,0,697.0,697,0
7204642,CVB35.BC,2021-10-19,Reparado,0,0,0.0,0,0
7204642,CVB35.BC,2025-07-31,Reparado / Garantía Lab,0,0,1381.0,1381,0
7204643,CVB35.BC,2023-12-17,Reparado,0,0,0.0,0,0
7204643,CVB35.BC,2024-09-04,Reparado / Garantía Lab,0,1,262.0,262,1
7204643,CVB35.BC,2024-09-13,Reparado / Garantía Lab,1,2,9.0,271,0
7204643,CVB35.BC,2025-06-02,Reparado / Garantía Lab,0,2,262.0,533,1
7204643,CVB35.BC,2025-06-05,Reparado / Garantía Lab,1,3,3.0,536,0
7204643,CVB35.BC,2025-07-08,Reparado / Garantía Lab,2,4,33.0,569,1
7204643,CVB35.BC,2025-07-11,Reparado / Garantía Lab,3,5,3.0,572,1
7204643,CVB35.BC,2025-07-15,Reparado / Garantía Lab,4,6,4.0,576,0
7204644,CVB35.BC,2022-02-15,Reparado,0,0,0.0,0,0
7204644,CVB35.BC,2024-08-13,Reparado / Garantía Lab,0,0,910.0,910,0
7204646,CVB35.BC,2023-03-15,Reparado,0,0,0.0,0,0
7204647,CVB35.BC,2021-06-02,Reparado,0,0,0.0,0,0
7204647,CVB35.BC,2022-12-19,Reparado / Garantía Lab,0,0,565.0,565,0
7204648,CVB35.BC,2022-11-19,Reparado,0,0,0.0,0,0
7204648,CVB35.BC,2025-02-07,Reparado / Garantía Lab,0,0,811.0,811,0
7204650,CVB35.BC,2022-10-13,Reparado,0,0,0.0,0,0
7204651,CVB35.BC,2022-02-11,Reparado,0,0,0.0,0,0
7204652,CVB35.BC,2022-06-13,Reparado,0,0,0.0,0,0
7204652,CVB35.BC,2024-11-15,Reparado / Garantía Lab,0,0,886.0,886,0
7204653,CVB35.BC,2022-02-14,Reparado,0,0,0.0,0,1
7204653,CVB35.BC,2022-02-21,Reparado / Garantía Lab,1,1,7.0,7,0
7204653,CVB35.BC,2024-03-21,Reparado / Garantía Lab,0,0,759.0,766,0
7204654,CVB35.BC,2022-07-20,Reparado,0,0,0.0,0,0
7204654,CVB35.BC,2024-05-25,Reparado / Garantía Lab,0,0,675.0,675,0
7204654,CVB35.BC,2025-05-19,Reparado / Garantía Lab,0,1,359.0,1034,0
7204654,CVB35.BC,2025-10-20,Reparado / Garantía Lab,1,1,154.0,1188,0
7204655,CVB35.BC,2021-10-09,Reparado,0,0,0.0,0,0
7204656,CVB35.BC,2022-09-12,Reparado,0,0,0.0,0,0
7204658,CVB35.BC,2022-10-19,Reparado,0,0,0.0,0,0
7204659,CVB35.BC,2021-02-11,Reparado,0,0,0.0,0,0
7204659,CVB35.BC,2021-06-03,Reparado / Garantía Lab,1,1,112.0,112,0
7204659,CVB35.BC,2022-03-11,Reparado,0,1,281.0,393,0
7204659,CVB35.BC,2024-12-06,Reparado / Garantía Lab,0,0,1001.0,1394,0
7204660,CVB35.BC,2021-03-25,Reparado,0,0,0.0,0,0
7204660,CVB35.BC,2025-08-05,POD Reparado,0,0,1594.0,1594,0
7204661,CVB35.BC,2021-07-12,Reparado,0,0,0.0,0,0
7204661,CVB35.BC,2025-10-20,Reparado / Garantía Lab,0,0,1561.0,1561,0
7204662,CVB35.BC,2022-09-15,Reparado,0,0,0.0,0,0
7204662,CVB35.BC,2025-11-25,Reparado / Garantía Lab,0,0,1167.0,1167,0
7204663,CVB35.BC,2021-12-04,Reparado,0,0,0.0,0,0
7204663,CVB35.BC,2023-11-14,Reparado / Garantía Lab,0,0,710.0,710,0
7204664,CVB35.BC,2021-09-09,Reparado,0,0,0.0,0,0
7204664,CVB35.BC,2022-11-16,POD Reparado,0,0,433.0,433,0
7204664,CVB35.BC,2023-10-23,Reparado / Garantía Lab,0,1,341.0,774,0
7204665,CVB35.BC,2021-07-15,Reparado,0,0,0.0,0,0
7204667,CVB35.BC,2021-11-24,Reparado,0,0,0.0,0,0
7204667,CVB35.BC,2024-04-24,Reparado / Garantía Lab,0,0,882.0,882,1
7204667,CVB35.BC,2024-05-10,Reparado / Garantía Lab,1,1,16.0,898,0
7204668,CVB35.BC,2024-04-17,Reparado,0,0,0.0,0,0
7204669,CVB35.BC,2022-02-11,Reparado,0,0,0.0,0,0
7204670,CVB35.BC,2024-07-17,Reparado,0,0,0.0,0,0
7204671,CVB35.BC,2021-08-20,Reparado,0,0,0.0,0,0
7204671,CVB35.BC,2022-01-05,Reparado / Garantía Lab,1,1,138.0,138,0
7204671,CVB35.BC,2022-04-30,Reparado / Garantía Lab,1,2,115.0,253,1
7204671,CVB35.BC,2022-05-25,Reparado / Garantía Lab,2,3,25.0,278,0
7204671,CVB35.BC,2022-07-11,POD Reparado,2,4,47.0,325,0
7204671,CVB35.BC,2022-11-23,Reparado / Garantía Lab,1,4,135.0,460,0
7204671,CVB35.BC,2023-02-13,Reparado / Garantía Lab,1,4,82.0,542,1
7204671,CVB35.BC,2023-02-27,Reparado / Garantía Lab,2,5,14.0,556,0
7204671,CVB35.BC,2023-04-28,Reparado / Garantía Lab,3,6,60.0,616,1
7204671,CVB35.BC,2023-05-26,Reparado / Garantía Lab,3,5,28.0,644,0
7204672,CVB35.BC,2022-02-28,Reparado,0,0,0.0,0,1
7204672,CVB35.BC,2022-03-03,Reparado / Garantía Lab,1,1,3.0,3,0
7204672,CVB35.BC,2025-10-20,Reparado / Garantía Lab,0,0,1327.0,1330,1
7204672,CVB35.BC,2025-11-11,Reparado / Garantía Lab,1,1,22.0,1352,0
7204673,CVB35.BC,2022-04-11,Reparado,0,0,0.0,0,0
7204673,CVB35.BC,2024-06-09,Reparado / Garantía Lab,0,0,790.0,790,1
7204673,CVB35.BC,2024-06-25,Reparado / Garantía Lab,1,1,16.0,806,1
7204673,CVB35.BC,2024-07-02,Reparado / Garantía Lab,2,2,7.0,813,1
7204673,CVB35.BC,2024-07-05,Reparado / Garantía Lab,3,3,3.0,816,1
7204673,CVB35.BC,2024-07-10,Reparado / Garantía Lab,4,4,5.0,821,0
7204673,CVB35.BC,2024-11-18,Reparado / Garantía Lab,5,5,131.0,952,1
7204673,CVB35.BC,2024-11-20,Reparado / Garantía Lab,6,6,2.0,954,1
7204673,CVB35.BC,2024-11-22,Reparado / Garantía Lab,7,7,2.0,956,1
7204673,CVB35.BC,2024-11-28,Reparado / Garantía Lab,8,8,6.0,962,1
7204673,CVB35.BC,2024-12-03,Reparado / Garantía Lab,9,9,5.0,967,1
7204673,CVB35.BC,2024-12-30,Reparado / Garantía Lab,7,10,27.0,994,1
7204673,CVB35.BC,2025-01-14,Reparado / Garantía Lab,6,11,15.0,1009,1
7204673,CVB35.BC,2025-01-30,Reparado / Garantía Lab,7,12,16.0,1025,1
7204673,CVB35.BC,2025-02-03,Reparado / Garantía Lab,8,13,4.0,1029,1
7204673,CVB35.BC,2025-02-14,Reparado / Garantía Lab,9,14,11.0,1040,1
7204673,CVB35.BC,2025-02-19,Reparado / Garantía Lab,10,15,5.0,1045,0
7204675,CVB35.BC,2022-09-23,Reparado,0,0,0.0,0,0
7204676,CVB35.BC,2021-04-21,Reparado,0,0,0.0,0,0
7204676,CVB35.BC,2021-06-10,Reparado / Garantía Lab,1,1,50.0,50,0
7204676,CVB35.BC,2021-07-27,Reparado / Garantía Lab,2,2,47.0,97,0
7204676,CVB35.BC,2022-03-19,Reparado / Garantía Lab,0,3,235.0,332,1
7204676,CVB35.BC,2022-04-04,Reparado / Garantía Lab,1,4,16.0,348,1
7204676,CVB35.BC,2022-04-06,Reparado / Garantía Lab,2,5,2.0,350,0
7204676,CVB35.BC,2022-10-06,Reparado / Garantía Lab,0,3,183.0,533,0
7204678,CVB35.BC,2021-01-28,Reparado,0,0,0.0,0,0
7204679,CVB35.BC,2023-10-20,Reparado,0,0,0.0,0,0
7204679,CVB35.BC,2024-07-04,Reparado / Garantía Lab,0,1,258.0,258,0
7204680,CVB35.BC,2022-02-11,Reparado,0,0,0.0,0,0
7204681,CVB35.BC,2021-09-16,Reparado,0,0,0.0,0,0
7204682,CVB35.BC,2025-03-03,Reparado,0,0,0.0,0,0
7204683,CVB35.BC,2021-01-22,Reparado,0,0,0.0,0,1
7204683,CVB35.BC,2021-02-03,Reparado / Garantía Lab,1,1,12.0,12,1
7204683,CVB35.BC,2021-02-19,Reparado,2,2,16.0,28,0
7204683,CVB35.BC,2021-05-07,Reparado / Garantía Lab,3,3,77.0,105,1
7204683,CVB35.BC,2021-05-17,Reparado / Garantía Lab,4,4,10.0,115,1
7204683,CVB35.BC,2021-05-26,Reparado / Garantía Lab,5,5,9.0,124,0
7204683,CVB35.BC,2022-04-04,Reparado / Garantía Lab,0,3,313.0,437,1
7204683,CVB35.BC,2022-04-11,Reparado / Garantía Lab,1,4,7.0,444,0
7204683,CVB35.BC,2023-04-23,Reparado / Garantía Lab,0,0,377.0,821,0
7204683,CVB35.BC,2024-04-23,Reparado / Garantía Lab,0,0,366.0,1187,0
7204683,CVB35.BC,2025-07-25,Reparado / Garantía Lab,0,0,458.0,1645,0
7204684,CVB35.BC,2022-08-03,Reparado,0,0,0.0,0,0
7204685,CVB35.BC,2025-09-09,Reparado,0,0,0.0,0,0
7204686,CVB35.BC,2023-07-23,Reparado,0,0,0.0,0,0
7204687,CVB35.BC,2021-06-24,Reparado,0,0,0.0,0,0
7204687,CVB35.BC,2023-09-21,Reparado / Garantía Lab,0,0,819.0,819,0
7204688,CVB35.BC,2022-08-09,Reparado,0,0,0.0,0,0
7204688,CVB35.BC,2022-11-23,Reparado / Garantía Lab,1,1,106.0,106,0
7204688,CVB35.BC,2023-12-06,Reparado / Garantía Lab,0,0,378.0,484,0
7204688,CVB35.BC,2024-07-09,Reparado / Garantía Lab,0,1,216.0,700,1
7204688,CVB35.BC,2024-08-01,Reparado / Garantía Lab,1,2,23.0,723,0
7204688,CVB35.BC,2025-02-26,Reparado / Garantía Lab,0,2,209.0,932,1
7204688,CVB35.BC,2025-03-06,Reparado / Garantía Lab,1,3,8.0,940,1
7204688,CVB35.BC,2025-03-26,Reparado / Garantía Lab,2,4,20.0,960,1
7204688,CVB35.BC,2025-04-14,Reparado / Garantía Lab,3,5,19.0,979,0
7204688,CVB35.BC,2025-05-15,Reparado / Garantía Lab,4,6,31.0,1010,0
7204689,CVB35.BC,2021-06-15,Reparado,0,0,0.0,0,0
7204690,CVB35.BC,2021-08-11,POD Reparado,0,0,0.0,0,0
7204691,CVB35.BC,2022-02-10,Reparado,0,0,0.0,0,0
7204691,CVB35.BC,2024-09-23,Reparado,0,0,956.0,956,1
7204691,CVB35.BC,2024-10-09,Reparado / Garantía Lab,1,1,16.0,972,1
7204691,CVB35.BC,2024-10-25,Reparado / Garantía Lab,2,2,16.0,988,1
7204691,CVB35.BC,2024-11-11,Reparado / Garantía Lab,3,3,17.0,1005,0
7204691,CVB35.BC,2024-12-17,Reparado / Garantía Lab,4,4,36.0,1041,1
7204691,CVB35.BC,2024-12-19,Reparado / Garantía Lab,5,5,2.0,1043,0
7204691,CVB35.BC,2025-07-28,Reparado / Garantía Lab,0,6,221.0,1264,1
7204691,CVB35.BC,2025-08-19,Reparado / Garantía Lab,1,7,22.0,1286,0
7204692,CVB35.BC,2022-04-25,Reparado,0,0,0.0,0,0
7204692,CVB35.BC,2024-06-28,Reparado / Garantía Lab,0,0,795.0,795,0
7204692,CVB35.BC,2025-10-27,Reparado / Garantía Lab,0,0,486.0,1281,0
7204693,CVB35.BC,2025-11-13,Reparado,0,0,0.0,0,0
7204694,CVB35.BC,2021-09-08,Reparado,0,0,0.0,0,1
7204694,CVB35.BC,2021-10-07,Reparado / Garantía Lab,1,1,29.0,29,0
7204695,CVB35.BC,2021-07-19,Reparado,0,0,0.0,0,0
7204695,CVB35.BC,2021-12-18,Reparado / Garantía Lab,1,1,152.0,152,0
7204695,CVB35.BC,2022-03-10,Reparado / Garantía Lab,1,2,82.0,234,0
7204695,CVB35.BC,2022-05-20,Reparado / Garantía Lab,2,3,71.0,305,0
7204695,CVB35.BC,2022-09-20,Reparado / Garantía Lab,1,3,123.0,428,0
7204695,CVB35.BC,2022-12-01,Reparado / Garantía Lab,1,4,72.0,500,0
7204695,CVB35.BC,2023-10-12,Reparado / Garantía Lab,0,1,315.0,815,1
7204695,CVB35.BC,2023-10-24,Reparado / Garantía Lab,1,2,12.0,827,0
7204695,CVB35.BC,2024-06-17,Reparado / Garantía Lab,0,2,237.0,1064,1
7204695,CVB35.BC,2024-06-24,Reparado / Garantía Lab,1,3,7.0,1071,1
7204695,CVB35.BC,2024-06-26,Reparado / Garantía Lab,2,4,2.0,1073,1
7204695,CVB35.BC,2024-06-28,Reparado / Garantía Lab,3,5,2.0,1075,0
7204696,CVB35.BC,2023-05-19,Reparado,0,0,0.0,0,0
7204696,CVB35.BC,2024-02-27,Reparado / Garantía Lab,0,1,284.0,284,0
7204696,CVB35.BC,2024-05-27,Reparado / Garantía Lab,1,1,90.0,374,1
7204696,CVB35.BC,2024-05-31,Reparado / Garantía Lab,2,2,4.0,378,0
7204696,CVB35.BC,2025-05-19,Reparado / Garantía Lab,0,2,353.0,731,1
7204696,CVB35.BC,2025-05-22,Reparado / Garantía Lab,1,3,3.0,734,0
7204697,CVB35.BC,2024-03-20,Reparado,0,0,0.0,0,0
7204700,CVB35.BC,2025-07-15,Reparado,0,0,0.0,0,0
7204700,CVB35.BC,2025-11-18,Proceso,1,1,126.0,126,0
7204701,CVB35.BC,2022-10-13,Reparado,0,0,0.0,0,0
7204701,CVB35.BC,2024-09-09,Reparado / Garantía Lab,0,0,697.0,697,0
7204702,CVB35.BC,2021-04-09,Reparado,0,0,0.0,0,0
7204702,CVB35.BC,2022-03-15,Reparado / Garantía Lab,0,1,340.0,340,0
7204702,CVB35.BC,2022-04-30,Reparado / Garantía Lab,1,1,46.0,386,0
7204702,CVB35.BC,2023-02-20,Reparado,0,2,296.0,682,0
7204702,CVB35.BC,2024-12-17,Reparado / Garantía Lab,0,0,666.0,1348,0
7204703,CVB35.BC,2021-01-21,Reparado,0,0,0.0,0,0
7204703,CVB35.BC,2024-11-15,Reparado / Garantía Lab,0,0,1394.0,1394,1
7204703,CVB35.BC,2024-11-19,Reparado / Garantía Lab,1,1,4.0,1398,0
7204704,CVB35.BC,2025-10-09,Reparado,0,0,0.0,0,0
7204705,CVB35.BC,2021-06-03,Reparado,0,0,0.0,0,0
7204705,CVB35.BC,2022-04-29,Reparado / Garantía Lab,0,1,330.0,330,1
7204705,CVB35.BC,2022-05-17,Reparado / Garantía Lab,1,2,18.0,348,0
7204706,CVB35.BC,2022-02-08,Reparado,0,0,0.0,0,1
7204706,CVB35.BC,2022-02-25,Reparado / Garantía Lab,1,1,17.0,17,0
7204707,CVB35.BC,2023-09-23,Reparado,0,0,0.0,0,0
7204707,CVB35.BC,2025-02-12,Reparado / Garantía Lab,0,0,508.0,508,0
7204710,CVB35.BC,2021-02-11,Reparado,0,0,0.0,0,0
7204710,CVB35.BC,2024-11-15,Reparado / Garantía Lab,0,0,1373.0,1373,0
7204711,CVB35.BC,2022-07-01,POD Reparado,0,0,0.0,0,0
7204711,CVB35.BC,2024-08-12,Reparado / Garantía Lab,0,0,773.0,773,1
7204711,CVB35.BC,2024-08-19,Reparado / Garantía Lab,1,1,7.0,780,0
7204713,CVB35.BC,2020-08-19,Reparado,0,0,0.0,0,0
7204713,CVB35.BC,2021-03-05,Reparado / Garantía Lab,0,1,198.0,198,0
7204713,CVB35.BC,2021-04-20,Reparado / Garantía Lab,1,2,46.0,244,1
7204713,CVB35.BC,2021-04-27,Reparado / Garantía Lab,2,3,7.0,251,0
7204713,CVB35.BC,2023-01-21,Reparado / Garantía Lab,0,0,634.0,885,0
7204715,CVB35.BC,2023-10-12,Reparado,0,0,0.0,0,0
7204716,CVB35.BC,2022-12-06,Reparado,0,0,0.0,0,0
7204716,CVB35.BC,2025-01-14,Reparado / Garantía Lab,0,0,770.0,770,0
7204716,CVB35.BC,2025-07-07,Reparado / Garantía Lab,1,1,174.0,944,1
7204716,CVB35.BC,2025-07-09,Reparado / Garantía Lab,2,2,2.0,946,0
7204716,CVB35.BC,2025-10-16,Reparado / Garantía Lab,2,3,99.0,1045,1
7204716,CVB35.BC,2025-10-21,Reparado / Garantía Lab,3,4,5.0,1050,0
7204716,CVB35.BC,2025-12-02,Reparado / Garantía Lab,4,5,42.0,1092,0
7204717,CVB35.BC,2024-08-07,Reparado,0,0,0.0,0,0
7204720,CVB35.BC,2021-07-08,Reparado,0,0,0.0,0,0
7204720,CVB35.BC,2021-09-02,Reparado / Garantía Lab,1,1,56.0,56,0
7204720,CVB35.BC,2022-03-09,Reparado / Garantía Lab,0,2,188.0,244,0
7204720,CVB35.BC,2022-05-24,Reparado / Garantía Lab,1,3,76.0,320,1
7204720,CVB35.BC,2022-06-02,Reparado / Garantía Lab,2,4,9.0,329,0
7204720,CVB35.BC,2022-07-08,Reparado / Garantía Lab,3,5,36.0,365,0
7204720,CVB35.BC,2023-09-15,Reparado / Garantía Lab,0,0,434.0,799,0
7204721,CVB35.BC,2024-03-18,Reparado,0,0,0.0,0,0
7204722,CVB35.BC,2021-06-01,Reparado,0,0,0.0,0,0
7204722,CVB35.BC,2022-07-04,Reparado / Garantía Lab,0,0,398.0,398,0
7204722,CVB35.BC,2025-07-18,Reparado / Garantía Lab,0,0,1110.0,1508,0
7204722,CVB35.BC,2025-08-21,Reparado / Garantía Lab,1,1,34.0,1542,0
7204723,CVB35.BC,2021-07-08,Reparado,0,0,0.0,0,0
7204723,CVB35.BC,2022-03-10,Reparado / Garantía Lab,0,1,245.0,245,0
7204723,CVB35.BC,2022-08-09,Reparado / Garantía Lab,1,1,152.0,397,0
7204724,CVB35.BC,2023-09-11,Reparado,0,0,0.0,0,0
7204725,CVB35.BC,2022-08-30,Reparado,0,0,0.0,0,0
7204725,CVB35.BC,2022-11-23,Reparado / Garantía Lab,1,1,85.0,85,0
7204726,CVB35.BC,2022-07-09,Reparado,0,0,0.0,0,0
7204726,CVB35.BC,2023-06-28,Reparado / Garantía Lab,0,1,354.0,354,0
7204726,CVB35.BC,2025-06-23,Reparado / Garantía Lab,0,0,726.0,1080,0
7204727,CVB35.BC,2022-02-15,Reparado,0,0,0.0,0,0
7204727,CVB35.BC,2025-08-25,Reparado / Garantía Lab,0,0,1287.0,1287,0
7204727,CVB35.BC,2025-11-26,Reparado / Garantía Lab,1,1,93.0,1380,0
7204728,CVB35.BC,2022-06-01,Reparado,0,0,0.0,0,0
7204728,CVB35.BC,2022-08-05,Reparado / Garantía Lab,1,1,65.0,65,1
7204728,CVB35.BC,2022-09-02,Reparado / Garantía Lab,2,2,28.0,93,0
7204728,CVB35.BC,2025-06-30,Reparado / Garantía Lab,0,0,1032.0,1125,0
7204728,CVB35.BC,2025-08-08,Reparado / Garantía Lab,1,1,39.0,1164,0
7204730,CVB35.BC,2021-07-30,Reparado,0,0,0.0,0,1
7204730,CVB35.BC,2021-08-05,Reparado / Garantía Lab,1,1,6.0,6,0
7204730,CVB35.BC,2022-03-14,Reparado / Garantía Lab,0,2,221.0,227,1
7204730,CVB35.BC,2022-03-24,Reparado / Garantía Lab,1,3,10.0,237,0
7204731,CVB35.BC,2021-02-23,Reparado,0,0,0.0,0,0
7204731,CVB35.BC,2021-07-30,Reparado / Garantía Lab,1,1,157.0,157,1
7204731,CVB35.BC,2021-08-04,Reparado / Garantía Lab,2,2,5.0,162,1
7204731,CVB35.BC,2021-08-31,Reparado / Garantía Lab,2,3,27.0,189,0
7204732,CVB35.BC,2021-05-15,Reparado,0,0,0.0,0,0
7204733,CVB35.BC,2021-05-10,Reparado,0,0,0.0,0,0
7204733,CVB35.BC,2023-11-05,Reparado / Garantía Lab,0,0,909.0,909,0
7204734,CVB35.BC,2022-07-28,Reparado,0,0,0.0,0,0
7204735,CVB35.BC,2021-04-21,Reparado,0,0,0.0,0,0
7204735,CVB35.BC,2022-11-29,Reparado,0,0,587.0,587,1
7204735,CVB35.BC,2022-12-12,Reparado / Garantía Lab,1,1,13.0,600,1
7204735,CVB35.BC,2022-12-23,Reparado / Garantía Lab,2,2,11.0,611,0
7204736,CVB35.BC,2021-05-19,Reparado,0,0,0.0,0,0
7204736,CVB35.BC,2021-07-01,Reparado / Garantía Lab,1,1,43.0,43,0
7204736,CVB35.BC,2024-05-14,Reparado / Garantía Lab,0,0,1048.0,1091,1
7204736,CVB35.BC,2024-05-27,Reparado / Garantía Lab,1,1,13.0,1104,0
7204737,CVB35.BC,2020-12-21,Reparado,0,0,0.0,0,0
7204737,CVB35.BC,2022-11-22,Reparado / Garantía Lab,0,0,701.0,701,0
7204738,CVB35.BC,2022-02-17,Reparado,0,0,0.0,0,0
7204739,CVB35.BC,2020-10-01,Reparado,0,0,0.0,0,0
7204742,CVB35.BC,2021-09-30,Reparado,0,0,0.0,0,0
7204743,CVB35.BC,2022-02-08,Reparado,0,0,0.0,0,0
7204744,CVB35.BC,2022-05-29,Reparado,0,0,0.0,0,0
7204744,CVB35.BC,2025-01-22,Reparado / Garantía Lab,0,0,969.0,969,0
7204745,CVB35.BC,2021-02-17,Reparado,0,0,0.0,0,1
7204745,CVB35.BC,2021-02-18,Reparado,1,1,1.0,1,0
7204745,CVB35.BC,2021-06-25,Reparado / Garantía Lab,2,2,127.0,128,0
7204746,CVB35.BC,2021-08-11,Reparado,0,0,0.0,0,0
7204747,CVB35.BC,2023-01-17,Reparado,0,0,0.0,0,0
7204748,CVB35.BC,2022-05-30,Reparado,0,0,0.0,0,0
7204748,CVB35.BC,2024-10-18,Reparado / Garantía Lab,0,0,872.0,872,0
7204749,CVB35.BC,2021-02-11,Reparado,0,0,0.0,0,0
7204749,CVB35.BC,2021-10-23,Reparado / Garantía Lab,0,1,254.0,254,0
7204749,CVB35.BC,2024-10-17,Reparado / Garantía Lab,0,0,1090.0,1344,0
7204750,CVB35.BC,2022-02-13,Reparado,0,0,0.0,0,0
7204750,CVB35.BC,2023-01-12,POD Reparado,0,1,333.0,333,0
7204751,CVB35.BC,2022-03-07,Reparado,0,0,0.0,0,1
7204751,CVB35.BC,2022-03-15,Reparado / Garantía Lab,1,1,8.0,8,0
7204751,CVB35.BC,2025-10-15,Reparado / Garantía Lab,0,0,1310.0,1318,0
7204752,CVB35.BC,2021-08-11,Reparado,0,0,0.0,0,0
7204753,CVB35.BC,2022-02-08,Reparado,0,0,0.0,0,1
7204753,CVB35.BC,2022-02-24,Reparado / Garantía Lab,1,1,16.0,16,0
7204753,CVB35.BC,2022-07-04,Reparado / Garantía Lab,2,2,130.0,146,0
7204753,CVB35.BC,2023-08-01,Reparado / Garantía Lab,0,0,393.0,539,0
7204754,CVB35.BC,2020-12-13,POD Reparado,0,0,0.0,0,0
7204754,CVB35.BC,2021-02-09,POD,1,1,58.0,58,0
7204755,CVB35.BC,2021-01-12,Reparado / Garantía Lab,0,0,0.0,0,0
7204755,CVB35.BC,2021-02-16,Reparado,1,1,35.0,35,0
7204755,CVB35.BC,2025-01-22,Reparado / Garantía Lab,0,0,1436.0,1471,0
7204756,CVB35.BC,2022-06-22,Reparado,0,0,0.0,0,1
7204756,CVB35.BC,2022-07-06,Reparado / Garantía Lab,1,1,14.0,14,0
7204756,CVB35.BC,2024-06-18,Reparado / Garantía Lab,0,0,713.0,727,0
7204756,CVB35.BC,2025-05-15,Reparado / Garantía Lab,0,1,331.0,1058,0
7204757,CVB35.BC,2022-10-04,Reparado,0,0,0.0,0,0
7204757,CVB35.BC,2025-09-05,Reparado / Garantía Lab,0,0,1067.0,1067,0
7204757,CVB35.BC,2025-10-16,Reparado / Garantía Lab,1,1,41.0,1108,0
7204758,CVB35.BC,2021-09-27,Reparado,0,0,0.0,0,0
7204758,CVB35.BC,2024-10-17,Reparado / Garantía Lab,0,0,1116.0,1116,0
7204759,CVB35.BC,2022-06-27,Reparado,0,0,0.0,0,0
7204761,CVB35.BC,2022-11-04,Reparado,0,0,0.0,0,0
7204762,CVB35.BC,2022-02-11,Reparado,0,0,0.0,0,0
7204762,CVB35.BC,2024-01-30,Reparado / Garantía Lab,0,0,718.0,718,0
7204763,CVB35.BC,2021-05-10,Reparado,0,0,0.0,0,0
7204763,CVB35.BC,2022-03-03,Reparado / Garantía Lab,0,1,297.0,297,0
7204764,CVB35.BC,2021-02-08,Reparado,0,0,0.0,0,0
7204764,CVB35.BC,2021-03-12,Reparado / Garantía Lab,1,1,32.0,32,0
7204764,CVB35.BC,2021-11-03,Reparado / Garantía Lab,0,2,236.0,268,0
7204764,CVB35.BC,2022-03-09,Reparado / Garantía Lab,1,2,126.0,394,0
7204764,CVB35.BC,2022-06-26,Reparado / Garantía Lab,1,2,109.0,503,0
7204764,CVB35.BC,2025-11-26,Reparado / Garantía Lab,0,0,1249.0,1752,0
7204765,CVB35.BC,2021-12-18,Reparado,0,0,0.0,0,0
7204766,CVB35.BC,2022-02-04,Reparado,0,0,0.0,0,0
7204767,CVB35.BC,2021-08-04,Reparado,0,0,0.0,0,0
7204767,CVB35.BC,2023-09-07,Reparado / Garantía Lab,0,0,764.0,764,0
7204768,CVB35.BC,2021-02-10,Reparado,0,0,0.0,0,0
7204768,CVB35.BC,2023-10-24,Reparado / Garantía Lab,0,0,986.0,986,0
7204768,CVB35.BC,2024-06-01,Reparado / Garantía Lab,0,1,221.0,1207,0
7204769,CVB35.BC,2021-05-11,POD,0,0,0.0,0,0
7204769,CVB35.BC,2021-05-11,POD Reparado,0,0,0.0,0,0
7204769,CVB35.BC,2021-11-08,Reparado / Garantía Lab,0,2,181.0,181,1
7204769,CVB35.BC,2021-11-23,Reparado,1,3,15.0,196,0
7204769,CVB35.BC,2023-01-23,Reparado / Garantía Lab,0,0,426.0,622,1
7204769,CVB35.BC,2023-01-30,Reparado / Garantía Lab,1,1,7.0,629,1
7204769,CVB35.BC,2023-02-03,Reparado / Garantía Lab,2,2,4.0,633,0
7204769,CVB35.BC,2023-10-17,Reparado / Garantía Lab,0,3,256.0,889,0
7204769,CVB35.BC,2023-11-18,Reparado / Garantía Lab,1,4,32.0,921,0
7204769,CVB35.BC,2024-04-26,Reparado / Garantía Lab,1,2,160.0,1081,0
7204769,CVB35.BC,2024-10-01,Reparado / Garantía Lab,1,3,158.0,1239,1
7204769,CVB35.BC,2024-10-11,Reparado / Garantía Lab,2,4,10.0,1249,0
7204769,CVB35.BC,2024-12-09,Reparado / Garantía Lab,2,3,59.0,1308,0
7204769,CVB35.BC,2025-03-06,Reparado / Garantía Lab,3,4,87.0,1395,0
7204769,CVB35.BC,2025-05-28,Reparado / Garantía Lab,2,4,83.0,1478,1
7204769,CVB35.BC,2025-06-27,Reparado,2,5,30.0,1508,0
7204771,CVB35.BC,2023-11-24,Reparado,0,0,0.0,0,0
7204772,CVB35.BC,2022-02-14,Reparado,0,0,0.0,0,0
7204772,CVB35.BC,2022-04-18,Reparado / Garantía Lab,1,1,63.0,63,0
7204772,CVB35.BC,2024-06-11,Reparado / Garantía Lab,0,0,785.0,848,0
7204772,CVB35.BC,2024-11-08,Reparado / Garantía Lab,1,1,150.0,998,0
7204772,CVB35.BC,2025-01-13,Reparado / Garantía Lab,1,2,66.0,1064,0
7204772,CVB35.BC,2025-02-14,Reparado / Garantía Lab,2,3,32.0,1096,0
7204772,CVB35.BC,2025-05-06,Reparado / Garantía Lab,3,4,81.0,1177,0
7204772,CVB35.BC,2025-07-08,Reparado / Garantía Lab,3,4,63.0,1240,1
7204772,CVB35.BC,2025-07-11,Reparado / Garantía Lab,4,5,3.0,1243,1
7204772,CVB35.BC,2025-07-15,Reparado / Garantía Lab,4,6,4.0,1247,1
7204772,CVB35.BC,2025-07-28,Reparado / Garantía Lab,5,7,13.0,1260,0
7204773,CVB35.BC,2024-05-21,Reparado,0,0,0.0,0,0
7204775,CVB35.BC,2022-05-01,Reparado,0,0,0.0,0,0
7204775,CVB35.BC,2024-10-04,Reparado / Garantía Lab,0,0,887.0,887,0
7204775,CVB35.BC,2025-06-09,Reparado / Garantía Lab,0,1,248.0,1135,0
7204776,CVB35.BC,2021-07-15,Reparado,0,0,0.0,0,0
7204776,CVB35.BC,2021-09-29,Reparado / Garantía Lab,1,1,76.0,76,0
7204776,CVB35.BC,2023-02-02,Reparado / Garantía Lab,0,0,491.0,567,0
7204776,CVB35.BC,2025-08-06,Reparado / Garantía Lab,0,0,916.0,1483,0
7204777,CVB35.BC,2021-12-21,Reparado,0,0,0.0,0,0
7204777,CVB35.BC,2024-04-18,Reparado / Garantía Lab,0,0,849.0,849,0
7204778,CVB35.BC,2023-10-31,Reparado,0,0,0.0,0,0
7204778,CVB35.BC,2024-08-05,Reparado / Garantía Lab,0,1,279.0,279,0
7204779,CVB35.BC,2024-03-20,Reparado,0,0,0.0,0,1
7204779,CVB35.BC,2024-04-19,Reparado / Garantía Lab,1,1,30.0,30,0
7204780,CVB35.BC,2025-10-20,Reparado,0,0,0.0,0,0
7204781,CVB35.BC,2021-07-14,Reparado,0,0,0.0,0,0
7204782,CVB35.BC,2022-02-18,Reparado,0,0,0.0,0,1
7204782,CVB35.BC,2022-02-23,Reparado / Garantía Lab,1,1,5.0,5,1
7204782,CVB35.BC,2022-02-28,Reparado / Garantía Lab,2,2,5.0,10,0
7204782,CVB35.BC,2022-10-26,Reparado / Garantía Lab,0,3,240.0,250,1
7204782,CVB35.BC,2022-11-23,Reparado / Garantía Lab,1,4,28.0,278,0
7204784,CVB35.BC,2025-02-12,Reparado / Garantía Lab,0,0,0.0,0,0
7204784,CVB35.BC,2025-05-20,Reparado / Garantía Lab,1,1,97.0,97,0
7204785,CVB35.BC,2022-02-10,Reparado,0,0,0.0,0,0
7204785,CVB35.BC,2022-11-21,Reparado / Garantía Lab,0,1,284.0,284,0
7204786,CVB35.BC,2022-02-10,Reparado,0,0,0.0,0,0
7204786,CVB35.BC,2025-02-06,Reparado / Garantía Lab,0,0,1092.0,1092,0
7204787,CVB35.BC,2020-12-09,Reparado,0,0,0.0,0,0
7204787,CVB35.BC,2022-11-11,Reparado / Garantía Lab,0,0,702.0,702,0
7204787,CVB35.BC,2023-04-24,Reparado / Garantía Lab,1,1,164.0,866,0
7204787,CVB35.BC,2024-07-12,Reparado / Garantía Lab,0,0,445.0,1311,0
7204791,CVB35.BC,2022-10-24,Reparado,0,0,0.0,0,1
7204791,CVB35.BC,2022-11-02,Reparado / Garantía Lab,1,1,9.0,9,0
7204791,CVB35.BC,2022-12-28,Reparado / Garantía Lab,2,2,56.0,65,0
7204791,CVB35.BC,2024-02-15,Reparado / Garantía Lab,0,0,414.0,479,0
7204793,CVB35.BC,2021-01-28,Reparado,0,0,0.0,0,0
7204793,CVB35.BC,2022-11-05,Reparado / Garantía Lab,0,0,646.0,646,1
7204793,CVB35.BC,2022-11-23,Reparado / Garantía Lab,1,1,18.0,664,0
7204794,CVB35.BC,2021-06-08,Reparado,0,0,0.0,0,1
7204794,CVB35.BC,2021-07-08,Reparado,1,1,30.0,30,0
7204794,CVB35.BC,2021-09-06,Reparado / Garantía Lab,2,2,60.0,90,0
7204795,CVB35.BC,2021-02-04,Reparado,0,0,0.0,0,0
7204795,CVB35.BC,2021-03-12,Reparado,1,1,36.0,36,0
7204795,CVB35.BC,2021-08-11,Reparado / Garantía Lab,1,2,152.0,188,1
7204795,CVB35.BC,2021-08-18,Reparado / Garantía Lab,2,3,7.0,195,1
7204795,CVB35.BC,2021-08-25,Reparado / Garantía Lab,3,4,7.0,202,0
7204795,CVB35.BC,2022-03-04,Reparado / Garantía Lab,0,4,191.0,393,1
7204795,CVB35.BC,2022-03-18,Reparado / Garantía Lab,1,4,14.0,407,1
7204795,CVB35.BC,2022-03-24,Reparado / Garantía Lab,2,5,6.0,413,0
7204795,CVB35.BC,2022-11-23,Reparado / Garantía Lab,0,3,244.0,657,0
7204795,CVB35.BC,2025-09-05,Reparado / Garantía Lab,0,0,1017.0,1674,0
7204796,CVB35.BC,2023-09-07,Reparado,0,0,0.0,0,0
7204796,CVB35.BC,2025-08-08,Reparado / Garantía Lab,0,0,701.0,701,1
7204796,CVB35.BC,2025-08-13,Reparado / Garantía Lab,1,1,5.0,706,1
7204796,CVB35.BC,2025-08-19,Reparado / Garantía Lab,2,2,6.0,712,0
7204796,CVB35.BC,2025-10-14,Reparado,3,3,56.0,768,1
7204796,CVB35.BC,2025-10-21,Reparado / Garantía Lab,4,4,7.0,775,0
7204797,CVB35.BC,2021-04-01,Reparado,0,0,0.0,0,1
7204797,CVB35.BC,2021-04-28,Reparado / Garantía Lab,1,1,27.0,27,0
7204798,CVB35.BC,2022-02-10,Reparado,0,0,0.0,0,0
7204798,CVB35.BC,2024-11-22,Reparado / Garantía Lab,0,0,1016.0,1016,0
7204799,CVB35.BC,2021-08-04,Reparado,0,0,0.0,0,0
7204799,CVB35.BC,2024-06-10,Reparado / Garantía Lab,0,0,1041.0,1041,0
7204800,CVB35.BC,2021-03-27,Reparado,0,0,0.0,0,0
7204800,CVB35.BC,2022-04-13,Reparado,0,0,382.0,382,0
7204801,CVB35.BC,2022-03-30,Reparado,0,0,0.0,0,1
7204801,CVB35.BC,2022-04-05,Reparado / Garantía Lab,1,1,6.0,6,0
7204801,CVB35.BC,2023-08-31,Reparado / Garantía Lab,0,0,513.0,519,0
7204801,CVB35.BC,2024-04-30,Reparado / Garantía Lab,0,1,243.0,762,1
7204801,CVB35.BC,2024-05-09,Reparado / Garantía Lab,1,2,9.0,771,0
7204801,CVB35.BC,2025-01-14,Reparado / Garantía Lab,0,2,250.0,1021,0
7204801,CVB35.BC,2025-02-24,Reparado / Garantía Lab,1,3,41.0,1062,0
7204803,CVB35.BC,2025-07-01,Reparado,0,0,0.0,0,0
7204804,CVB35.BC,2022-06-11,Reparado,0,0,0.0,0,0
7204804,CVB35.BC,2025-02-10,Reparado / Garantía Lab,0,0,975.0,975,0
7204805,CVB35.BC,2021-02-11,Reparado,0,0,0.0,0,1
7204805,CVB35.BC,2021-02-17,Reparado / Garantía Lab,1,1,6.0,6,0
7204805,CVB35.BC,2021-05-07,Reparado / Garantía Lab,2,2,79.0,85,1
7204805,CVB35.BC,2021-05-14,Reparado / Garantía Lab,3,3,7.0,92,0
7204805,CVB35.BC,2021-08-04,Reparado / Garantía Lab,4,4,82.0,174,1
7204805,CVB35.BC,2021-08-20,Reparado / Garantía Lab,3,5,16.0,190,0
7204806,CVB35.BC,2022-10-16,POD Reparado,0,0,0.0,0,0
7204806,CVB35.BC,2025-01-14,Reparado / Garantía Lab,0,0,821.0,821,1
7204806,CVB35.BC,2025-01-30,Reparado / Garantía Lab,1,1,16.0,837,0
7204808,CVB35.BC,2024-09-16,Reparado,0,0,0.0,0,0
7204808,CVB35.BC,2025-05-14,Reparado / Garantía Lab,0,1,240.0,240,0
7204809,CVB35.BC,2021-08-25,Reparado,0,0,0.0,0,0
7204809,CVB35.BC,2021-12-10,Reparado / Garantía Lab,1,1,107.0,107,0
7204809,CVB35.BC,2022-02-09,Reparado / Garantía Lab,2,2,61.0,168,0
7204809,CVB35.BC,2022-03-22,Reparado / Garantía Lab,2,3,41.0,209,1
7204809,CVB35.BC,2022-03-25,Reparado / Garantía Lab,3,4,3.0,212,0
7204810,CVB35.BC,2020-12-11,Reparado,0,0,0.0,0,0
7204811,CVB35.BC,2022-11-15,Reparado,0,0,0.0,0,0
7204811,CVB35.BC,2024-01-15,Reparado / Garantía Lab,0,0,426.0,426,0
7204813,CVB35.BC,2025-03-25,Reparado,0,0,0.0,0,0
7204814,CVB35.BC,2021-11-24,Reparado,0,0,0.0,0,0
7204814,CVB35.BC,2023-02-27,Reparado / Garantía Lab,0,0,460.0,460,0
7204814,CVB35.BC,2024-07-06,Reparado / Garantía Lab,0,0,495.0,955,0
7204815,CVB35.BC,2019-12-12,Reparado / Garantía Lab,0,0,0.0,0,0
7204815,CVB35.BC,2021-02-22,Reparado,0,0,438.0,438,0
7204816,CVB35.BC,2022-07-23,Reparado,0,0,0.0,0,0
7204816,CVB35.BC,2024-12-09,Reparado / Garantía Lab,0,0,870.0,870,0
7204816,CVB35.BC,2025-11-25,Reparado / Garantía Lab,0,1,351.0,1221,0
7204817,CVB35.BC,2021-02-12,Reparado,0,0,0.0,0,0
7204818,CVB35.BC,2020-12-02,Reparado,0,0,0.0,0,0
7204818,CVB35.BC,2025-02-05,POD Reparado,0,0,1526.0,1526,0
7204819,CVB35.BC,2021-02-11,Reparado,0,0,0.0,0,0
7204819,CVB35.BC,2023-09-22,POD Reparado,0,0,953.0,953,0
7204819,CVB35.BC,2025-09-23,Reparado / Garantía Lab,0,0,732.0,1685,0
7204822,CVB35.BC,2021-02-12,Reparado,0,0,0.0,0,0
7204823,CVB35.BC,2021-09-08,Reparado,0,0,0.0,0,0
7204823,CVB35.BC,2022-03-12,Reparado / Garantía Lab,0,1,185.0,185,0
7204824,CVB35.BC,2021-02-08,Reparado,0,0,0.0,0,0
7204824,CVB35.BC,2024-05-23,Reparado / Garantía Lab,0,0,1200.0,1200,0
7204825,CVB35.BC,2021-04-22,Reparado,0,0,0.0,0,0
7204826,CVB35.BC,2022-09-23,Reparado,0,0,0.0,0,0
7204827,CVB35.BC,2021-07-29,Reparado,0,0,0.0,0,0
7204827,CVB35.BC,2022-10-24,Reparado,0,0,452.0,452,1
7204827,CVB35.BC,2022-11-23,Reparado / Garantía Lab,1,1,30.0,482,0
7204828,CVB35.BC,2021-02-18,Reparado,0,0,0.0,0,0
7204828,CVB35.BC,2022-05-28,Reparado / Garantía Lab,0,0,464.0,464,0
7204828,CVB35.BC,2024-08-23,Reparado / Garantía Lab,0,0,818.0,1282,0
7204829,CVB35.BC,2021-02-17,Reparado,0,0,0.0,0,0
7204829,CVB35.BC,2023-05-24,Reparado / Garantía Lab,0,0,826.0,826,0
7204829,CVB35.BC,2024-12-06,Reparado / Garantía Lab,0,0,562.0,1388,0
7204829,CVB35.BC,2025-02-06,Reparado / Garantía Lab,1,1,62.0,1450,0
7204829,CVB35.BC,2025-11-26,Reparado / Garantía Lab,0,2,293.0,1743,0
7204830,CVB35.BC,2021-09-11,Reparado,0,0,0.0,0,0
7204830,CVB35.BC,2022-03-23,Reparado / Garantía Lab,0,1,193.0,193,0
7204830,CVB35.BC,2024-09-04,Reparado,0,0,896.0,1089,1
7204830,CVB35.BC,2024-09-27,Reparado / Garantía Lab,1,1,23.0,1112,0
7204831,CVB35.BC,2021-02-10,Reparado,0,0,0.0,0,1
7204831,CVB35.BC,2021-02-11,Reparado / Garantía Lab,1,1,1.0,1,0
7204831,CVB35.BC,2024-02-20,Reparado / Garantía Lab,0,0,1104.0,1105,0
7204831,CVB35.BC,2024-06-27,Reparado / Garantía Lab,1,1,128.0,1233,0
7204832,CVB35.BC,2022-02-03,Reparado,0,0,0.0,0,0
7204832,CVB35.BC,2022-11-15,Reparado / Garantía Lab,0,1,285.0,285,0
7204833,CVB35.BC,2021-03-13,Reparado,0,0,0.0,0,0
7204833,CVB35.BC,2024-07-17,Reparado / Garantía Lab,0,0,1222.0,1222,0
7204834,CVB35.BC,2023-06-21,Reparado,0,0,0.0,0,1
7204834,CVB35.BC,2023-06-28,Reparado / Garantía Lab,1,1,7.0,7,0
7204834,CVB35.BC,2024-03-22,Reparado / Garantía Lab,0,2,268.0,275,0
7204835,CVB35.BC,2021-02-01,Reparado,0,0,0.0,0,0
7204835,CVB35.BC,2021-03-10,POD,1,1,37.0,37,0
7204836,CVB35.BC,2021-02-11,Reparado,0,0,0.0,0,1
7204836,CVB35.BC,2021-02-17,Reparado / Garantía Lab,1,1,6.0,6,0
7204837,CVB35.BC,2021-12-01,Reparado,0,0,0.0,0,0
7204839,CVB35.BC,2021-11-14,Reparado,0,0,0.0,0,0
7204839,CVB35.BC,2025-11-25,Reparado / Garantía Lab,0,0,1472.0,1472,0
7204841,CVB35.BC,2021-05-18,Reparado,0,0,0.0,0,1
7204841,CVB35.BC,2021-06-02,Reparado,1,1,15.0,15,1
7204841,CVB35.BC,2021-06-03,Reparado / Garantía Lab,2,2,1.0,16,1
7204841,CVB35.BC,2021-06-15,Reparado / Garantía Lab,3,3,12.0,28,0
7204841,CVB35.BC,2021-09-09,Reparado / Garantía Lab,4,4,86.0,114,0
7204841,CVB35.BC,2023-07-12,Reparado / Garantía Lab,0,0,671.0,785,0
7204841,CVB35.BC,2024-11-11,Reparado / Garantía Lab,0,0,488.0,1273,0
7204842,CVB35.BC,2022-07-16,Reparado,0,0,0.0,0,0
7204843,CVB35.BC,2022-02-04,Reparado,0,0,0.0,0,1
7204843,CVB35.BC,2022-02-11,Reparado / Garantía Lab,1,1,7.0,7,1
7204843,CVB35.BC,2022-02-28,Reparado / Garantía Lab,2,2,17.0,24,1
7204843,CVB35.BC,2022-03-28,Reparado / Garantía Lab,3,3,28.0,52,0
7204843,CVB35.BC,2022-06-13,Reparado / Garantía Lab,4,4,77.0,129,0
7204843,CVB35.BC,2025-11-24,Reparado / Garantía Lab,0,0,1260.0,1389,0
7204844,CVB35.BC,2020-12-09,Reparado,0,0,0.0,0,0
7204845,CVB35.BC,2023-10-02,Reparado / Garantía Lab,0,0,0.0,0,1
7204845,CVB35.BC,2023-10-12,Reparado / Garantía Lab,1,1,10.0,10,0
7204846,CVB35.BC,2022-02-19,Reparado,0,0,0.0,0,1
7204846,CVB35.BC,2022-02-25,POD Reparado,1,1,6.0,6,0
7204847,CVB35.BC,2021-03-17,Reparado,0,0,0.0,0,0
7204847,CVB35.BC,2024-05-16,Reparado / Garantía Lab,0,0,1156.0,1156,0
7204847,CVB35.BC,2025-08-21,Reparado / Garantía Lab,0,0,462.0,1618,0
7204848,CVB35.BC,2024-02-01,POD Reparado,0,0,0.0,0,0
7204848,CVB35.BC,2024-05-23,Reparado / Garantía Lab,1,1,112.0,112,0
7204848,CVB35.BC,2025-08-25,Reparado / Garantía Lab,0,0,459.0,571,0
7204849,CVB35.BC,2021-08-03,Reparado,0,0,0.0,0,0
7204849,CVB35.BC,2022-07-22,Reparado / Garantía Lab,0,1,353.0,353,0
7204850,CVB35.BC,2021-08-03,Reparado,0,0,0.0,0,1
7204850,CVB35.BC,2021-08-27,Reparado / Garantía Lab,1,1,24.0,24,0
7204850,CVB35.BC,2022-02-16,Reparado / Garantía Lab,1,2,173.0,197,1
7204850,CVB35.BC,2022-02-24,Reparado / Garantía Lab,1,3,8.0,205,1
7204850,CVB35.BC,2022-03-06,Reparado / Garantía Lab,2,4,10.0,215,1
7204850,CVB35.BC,2022-03-15,Reparado / Garantía Lab,3,5,9.0,224,1
7204850,CVB35.BC,2022-03-18,Reparado / Garantía Lab,4,6,3.0,227,1
7204850,CVB35.BC,2022-03-24,Reparado / Garantía Lab,5,7,6.0,233,0
7204850,CVB35.BC,2022-09-01,Reparado / Garantía Lab,4,6,161.0,394,0
7204850,CVB35.BC,2025-01-21,Reparado / Garantía Lab,0,0,873.0,1267,0
7204851,CVB35.BC,2021-04-22,Reparado,0,0,0.0,0,0
7204852,CVB35.BC,2021-06-21,Reparado,0,0,0.0,0,0
7204853,CVB35.BC,2024-12-11,Reparado,0,0,0.0,0,0
7204854,CVB35.BC,2022-11-02,Reparado,0,0,0.0,0,1
7204854,CVB35.BC,2022-11-25,Reparado / Garantía Lab,1,1,23.0,23,0
7204855,CVB35.BC,2022-02-15,Reparado,0,0,0.0,0,0
7204855,CVB35.BC,2023-09-22,Reparado / Garantía Lab,0,0,584.0,584,0
7204855,CVB35.BC,2025-02-13,Reparado / Garantía Lab,0,0,510.0,1094,0
7204856,CVB35.BC,2022-07-05,Reparado,0,0,0.0,0,0
7204856,CVB35.BC,2022-08-08,Reparado / Garantía Lab,1,1,34.0,34,0
7204856,CVB35.BC,2024-02-17,Reparado / Garantía Lab,0,0,558.0,592,0
7204857,CVB35.BC,2022-05-27,Reparado,0,0,0.0,0,1
7204857,CVB35.BC,2022-06-17,Reparado / Garantía Lab,1,1,21.0,21,0
7204857,CVB35.BC,2025-08-08,Reparado / Garantía Lab,0,0,1148.0,1169,0
7204858,CVB35.BC,2022-11-06,Reparado,0,0,0.0,0,0
7204858,CVB35.BC,2024-04-04,Reparado / Garantía Lab,0,0,515.0,515,0
7204858,CVB35.BC,2025-09-08,Reparado / Garantía Lab,0,0,522.0,1037,1
7204858,CVB35.BC,2025-09-12,Reparado / Garantía Lab,1,1,4.0,1041,0
7204858,CVB35.BC,2025-11-13,Reparado / Garantía Lab,2,2,62.0,1103,0
7204859,CVB35.BC,2022-06-14,Reparado,0,0,0.0,0,0
7204859,CVB35.BC,2023-06-08,Reparado / Garantía Lab,0,1,359.0,359,0
7204859,CVB35.BC,2024-07-03,Reparado / Garantía Lab,0,0,391.0,750,0
7204859,CVB35.BC,2025-04-03,Reparado / Garantía Lab,0,1,274.0,1024,0
7204861,CVB35.BC,2022-07-19,Reparado,0,0,0.0,0,0
7204861,CVB35.BC,2023-06-09,Reparado / Garantía Lab,0,1,325.0,325,0
7204861,CVB35.BC,2024-11-15,Reparado / Garantía Lab,0,0,525.0,850,0
7204862,CVB35.BC,2022-11-27,Reparado,0,0,0.0,0,1
7204862,CVB35.BC,2022-12-23,Reparado / Garantía Lab,1,1,26.0,26,0
7204862,CVB35.BC,2023-02-07,Reparado / Garantía Lab,2,2,46.0,72,0
7204862,CVB35.BC,2023-06-28,Reparado,1,3,141.0,213,0
7204862,CVB35.BC,2023-09-05,Reparado / Garantía Lab,1,4,69.0,282,0
7204862,CVB35.BC,2024-05-18,Reparado / Garantía Lab,0,2,256.0,538,0
7204863,CVB35.BC,2021-02-11,Reparado,0,0,0.0,0,1
7204863,CVB35.BC,2021-02-17,Reparado / Garantía Lab,1,1,6.0,6,0
7204863,CVB35.BC,2021-05-17,Reparado / Garantía Lab,2,2,89.0,95,1
7204863,CVB35.BC,2021-05-18,Reparado / Garantía Lab,3,3,1.0,96,1
7204863,CVB35.BC,2021-05-25,Reparado / Garantía Lab,4,4,7.0,103,1
7204863,CVB35.BC,2021-05-28,Reparado / Garantía Lab,5,5,3.0,106,0
7204863,CVB35.BC,2021-08-30,Reparado / Garantía Lab,4,6,94.0,200,0
7204863,CVB35.BC,2025-11-18,Reparado / Garantía Lab,0,0,1541.0,1741,0
7204864,CVB35.BC,2021-02-09,Reparado,0,0,0.0,0,0
7204864,CVB35.BC,2021-10-26,Reparado,0,1,259.0,259,0
7204864,CVB35.BC,2022-04-05,Reparado / Garantía Lab,1,1,161.0,420,0
7204864,CVB35.BC,2023-04-10,Reparado / Garantía Lab,0,0,370.0,790,0
7205426,CVB35.BC,2021-02-01,POD,0,0,0.0,0,0
7205687,CVB35.BC,2021-02-01,POD,0,0,0.0,0,0
7205813,CVB35.BC,2020-10-01,POD,0,0,0.0,0,0
7207453,CVB35.BC,2022-08-04,Reparado,0,0,0.0,0,0
7208155,CVB35.BC,2023-11-10,POD Reparado,0,0,0.0,0,0
7208859,CVB35.BC,2021-09-27,Reparado,0,0,0.0,0,0
7209376,CVB35.BC,2021-03-25,Reparado,0,0,0.0,0,0
7209997,CVB35.BC,2025-01-02,Reparado,0,0,0.0,0,0
7209999,CVB35.BC,2024-08-21,Reparado,0,0,0.0,0,0
7209999,CVB35.BC,2025-01-24,Reparado / Garantía Lab,1,1,156.0,156,0
7209999,CVB35.BC,2025-02-24,Reparado / Garantía Lab,1,2,31.0,187,1
7209999,CVB35.BC,2025-02-27,Reparado / Garantía Lab,2,3,3.0,190,0
7209999,CVB35.BC,2025-10-22,Reparado / Garantía Lab,0,3,237.0,427,1
7209999,CVB35.BC,2025-10-27,Reparado / Garantía Lab,1,4,5.0,432,1
7209999,CVB35.BC,2025-11-18,Reparado / Garantía Lab,2,5,22.0,454,0
7400222,CVB45.BC,2022-12-14,Reparado,0,0,0.0,0,0
7400349,CVB45.BC,2022-07-04,Reparado,0,0,0.0,0,0
7400597,CVB45.BC,2022-08-04,Reparado,0,0,0.0,0,0
7400600,CVB45.BC,2023-09-26,Reparado / Garantía Lab,0,0,0.0,0,1
7400600,CVB45.BC,2023-10-10,Reparado / Garantía Lab,1,1,14.0,14,0
7400600,CVB45.BC,2024-04-08,Reparado / Garantía Lab,0,2,181.0,195,1
7400600,CVB45.BC,2024-04-24,Reparado / Garantía Lab,1,3,16.0,211,1
7400600,CVB45.BC,2024-05-13,Reparado / Garantía Lab,2,4,19.0,230,0
7400600,CVB45.BC,2024-08-14,Reparado / Garantía Lab,3,5,93.0,323,0
7400600,CVB45.BC,2025-06-25,Reparado / Garantía Lab,0,1,315.0,638,0
7400600,CVB45.BC,2025-08-12,Reparado / Garantía Lab,1,2,48.0,686,0
7400621,CVB45.BC,2022-10-04,Reparado,0,0,0.0,0,0
7400621,CVB45.BC,2025-07-01,Reparado / Garantía Lab,0,0,1001.0,1001,0
7400623,CVB45.BC,2021-01-26,Reparado,0,0,0.0,0,1
7400623,CVB45.BC,2021-02-03,Reparado / Garantía Lab,1,1,8.0,8,0
7400623,CVB45.BC,2023-03-28,Reparado / Garantía Lab,0,0,783.0,791,0
7400624,CVB45.BC,2021-12-27,Reparado,0,0,0.0,0,0
7400624,CVB45.BC,2025-10-09,Reparado / Garantía Lab,0,0,1382.0,1382,0
7400625,CVB45.BC,2024-07-22,Reparado,0,0,0.0,0,0
7400626,CVB45.BC,2021-02-12,Reparado,0,0,0.0,0,0
7400626,CVB45.BC,2022-12-06,Reparado / Garantía Lab,0,0,662.0,662,0
7400626,CVB45.BC,2023-06-30,Reparado / Garantía Lab,0,1,206.0,868,0
7400627,CVB45.BC,2022-03-31,Reparado,0,0,0.0,0,1
7400627,CVB45.BC,2022-04-30,Reparado / Garantía Lab,1,1,30.0,30,0
7400627,CVB45.BC,2022-07-12,Reparado / Garantía Lab,2,2,73.0,103,1
7400627,CVB45.BC,2022-07-21,Reparado / Garantía Lab,3,3,9.0,112,0
7400627,CVB45.BC,2022-11-23,Reparado / Garantía Lab,2,4,125.0,237,0
7400627,CVB45.BC,2023-04-03,Reparado / Garantía Lab,1,4,131.0,368,1
7400627,CVB45.BC,2023-04-24,Reparado,2,5,21.0,389,0
7400629,CVB45.BC,2021-02-01,Reparado,0,0,0.0,0,0
7400629,CVB45.BC,2022-10-18,Reparado / Garantía Lab,0,0,624.0,624,0
7400630,CVB45.BC,2021-12-21,Reparado,0,0,0.0,0,0
7400630,CVB45.BC,2022-05-23,Reparado / Garantía Lab,1,1,153.0,153,0
7400630,CVB45.BC,2023-12-15,POD Reparado,0,0,571.0,724,1
7400630,CVB45.BC,2023-12-21,Reparado / Garantía Lab,1,1,6.0,730,0
7400630,CVB45.BC,2024-03-22,POD Reparado,2,2,92.0,822,0
7400630,CVB45.BC,2024-12-20,POD Reparado,0,2,273.0,1095,0
7400631,CVB45.BC,2021-03-17,Reparado / Garantía Lab,0,0,0.0,0,1
7400631,CVB45.BC,2021-04-01,Reparado,1,1,15.0,15,0
7400631,CVB45.BC,2022-08-03,Reparado / Garantía Lab,0,0,489.0,504,0
7400631,CVB45.BC,2025-07-14,POD Reparado,0,0,1076.0,1580,0
7400633,CVB45.BC,2021-02-19,Reparado,0,0,0.0,0,0
7400633,CVB45.BC,2022-06-03,Reparado / Garantía Lab,0,0,469.0,469,0
7400633,CVB45.BC,2022-09-22,POD Reparado,1,1,111.0,580,0
7400634,CVB45.BC,2020-08-18,Reparado,0,0,0.0,0,0
7400634,CVB45.BC,2020-12-11,Reparado,1,1,115.0,115,0
7400634,CVB45.BC,2021-05-18,Reparado / Garantía Lab,1,2,158.0,273,0
7400634,CVB45.BC,2022-12-27,Reparado / Garantía Lab,0,0,588.0,861,0
7400635,CVB45.BC,2021-03-02,Reparado,0,0,0.0,0,0
7400635,CVB45.BC,2022-12-15,Reparado / Garantía Lab,0,0,653.0,653,0
7400635,CVB45.BC,2025-07-01,Reparado / Garantía Lab,0,0,929.0,1582,0
7400636,CVB45.BC,2020-11-19,Reparado,0,0,0.0,0,1
7400636,CVB45.BC,2020-11-25,Reparado / Garantía Lab,1,1,6.0,6,0
7400638,CVB45.BC,2021-01-26,Reparado,0,0,0.0,0,0
7400638,CVB45.BC,2023-01-03,Reparado / Garantía Lab,0,0,707.0,707,0
7400638,CVB45.BC,2024-12-09,Reparado / Garantía Lab,0,0,706.0,1413,0
7400639,CVB45.BC,2023-09-27,Reparado,0,0,0.0,0,0
7400641,CVB45.BC,2022-07-20,Reparado,0,0,0.0,0,0
7400643,CVB45.BC,2023-10-20,Reparado,0,0,0.0,0,0
7400643,CVB45.BC,2025-09-08,Reparado / Garantía Lab,0,0,689.0,689,0
7400645,CVB45.BC,2021-12-28,Reparado,0,0,0.0,0,0
7400646,CVB45.BC,2021-11-16,Reparado,0,0,0.0,0,0
7400647,CVB45.BC,2020-11-09,Reparado,0,0,0.0,0,0
7400647,CVB45.BC,2021-11-16,POD Reparado,0,0,372.0,372,0
7400647,CVB45.BC,2022-12-30,Reparado / Garantía Lab,0,0,409.0,781,1
7400647,CVB45.BC,2023-01-05,Reparado / Garantía Lab,1,1,6.0,787,0
7400647,CVB45.BC,2023-03-28,POD Reparado,2,2,82.0,869,0
7400648,CVB45.BC,2022-01-17,POD Reparado,0,0,0.0,0,0
7400648,CVB45.BC,2022-12-21,Reparado / Garantía Lab,0,1,338.0,338,0
7400648,CVB45.BC,2025-05-12,Reparado / Garantía Lab,0,0,873.0,1211,0
7400649,CVB45.BC,2022-01-25,Reparado,0,0,0.0,0,0
7400650,CVB45.BC,2023-01-03,POD Reparado,0,0,0.0,0,0
7400651,CVB45.BC,2021-12-24,Reparado,0,0,0.0,0,0
7400651,CVB45.BC,2024-05-24,Reparado / Garantía Lab,0,0,882.0,882,0
7400653,CVB45.BC,2021-06-24,Reparado,0,0,0.0,0,0
7400653,CVB45.BC,2023-08-19,Reparado / Garantía Lab,0,0,786.0,786,0
7400654,CVB45.BC,2023-05-27,Reparado,0,0,0.0,0,0
7400654,CVB45.BC,2025-10-02,Reparado / Garantía Lab,0,0,859.0,859,0
7400655,CVB45.BC,2021-01-27,Reparado,0,0,0.0,0,1
7400655,CVB45.BC,2021-02-03,Reparado / Garantía Lab,1,1,7.0,7,0
7400655,CVB45.BC,2022-12-13,Reparado / Garantía Lab,0,0,678.0,685,0
7400656,CVB45.BC,2021-02-09,Reparado,0,0,0.0,0,0
7400656,CVB45.BC,2022-09-01,Reparado,0,0,569.0,569,0
7400657,CVB45.BC,2021-03-02,Reparado,0,0,0.0,0,0
7400657,CVB45.BC,2023-01-03,Reparado / Garantía Lab,0,0,672.0,672,0
7400658,CVB45.BC,2022-09-22,Reparado,0,0,0.0,0,0
7400659,CVB45.BC,2021-12-21,Reparado,0,0,0.0,0,0
7400660,CVB45.BC,2021-02-12,Reparado,0,0,0.0,0,0
7400660,CVB45.BC,2022-11-29,Reparado / Garantía Lab,0,0,655.0,655,0
7400661,CVB45.BC,2021-11-11,Reparado,0,0,0.0,0,0
7400663,CVB45.BC,2025-11-13,Reparado,0,0,0.0,0,0
7400664,CVB45.BC,2023-11-29,Reparado,0,0,0.0,0,0
7400664,CVB45.BC,2025-01-22,Reparado / Garantía Lab,0,0,420.0,420,0
7400665,CVB45.BC,2021-12-23,Reparado,0,0,0.0,0,0
7400667,CVB45.BC,2022-09-09,Reparado,0,0,0.0,0,0
7400667,CVB45.BC,2025-09-25,Reparado / Garantía Lab,0,0,1112.0,1112,0
7400668,CVB45.BC,2022-09-21,POD Reparado,0,0,0.0,0,0
7400670,CVB45.BC,2022-09-23,Reparado,0,0,0.0,0,1
7400670,CVB45.BC,2022-10-04,Reparado / Garantía Lab,1,1,11.0,11,1
7400670,CVB45.BC,2022-10-05,Reparado / Garantía Lab,2,2,1.0,12,0
7400670,CVB45.BC,2024-10-18,Reparado / Garantía Lab,0,0,744.0,756,0
7400672,CVB45.BC,2021-02-09,POD,0,0,0.0,0,0
7400672,CVB45.BC,2021-09-02,POD Reparado,0,1,205.0,205,0
7400672,CVB45.BC,2021-11-23,Reparado / Garantía Lab,1,2,82.0,287,1
7400672,CVB45.BC,2021-12-07,Reparado / Garantía Lab,2,3,14.0,301,0
7400672,CVB45.BC,2023-01-09,Reparado / Garantía Lab,0,0,398.0,699,0
7400672,CVB45.BC,2023-12-15,POD Reparado,0,1,340.0,1039,0
7400672,CVB45.BC,2024-06-17,Reparado / Garantía Lab,0,1,185.0,1224,0
7400672,CVB45.BC,2024-09-30,Reparado / Garantía Lab,1,2,105.0,1329,0
7400672,CVB45.BC,2025-07-30,Reparado / Garantía Lab,0,1,303.0,1632,1
7400672,CVB45.BC,2025-08-04,Reparado / Garantía Lab,1,2,5.0,1637,1
7400672,CVB45.BC,2025-08-20,Reparado / Garantía Lab,2,3,16.0,1653,0
7400678,CVB45.BC,2022-11-28,Reparado,0,0,0.0,0,0
7400681,CVB45.BC,2021-02-03,Reparado,0,0,0.0,0,0
7400681,CVB45.BC,2021-10-04,POD Reparado,0,1,243.0,243,0
7400682,CVB45.BC,2022-07-29,Reparado,0,0,0.0,0,0
7400682,CVB45.BC,2024-03-25,POD Reparado,0,0,605.0,605,0
7400683,CVB45.BC,2022-01-26,Reparado,0,0,0.0,0,0
7400683,CVB45.BC,2023-06-06,POD Reparado,0,0,496.0,496,0
7400684,CVB45.BC,2022-06-16,Reparado,0,0,0.0,0,0
7400684,CVB45.BC,2022-12-19,Reparado / Garantía Lab,0,1,186.0,186,0
7400684,CVB45.BC,2023-08-11,POD Reparado,0,1,235.0,421,0
7400686,CVB45.BC,2021-02-03,Reparado,0,0,0.0,0,0
7400686,CVB45.BC,2023-04-03,Reparado / Garantía Lab,0,0,789.0,789,0
7400687,CVB45.BC,2024-01-23,Reparado,0,0,0.0,0,0
7400688,CVB45.BC,2021-12-22,Reparado,0,0,0.0,0,0
7400688,CVB45.BC,2024-12-16,Reparado / Garantía Lab,0,0,1090.0,1090,0
7400688,CVB45.BC,2025-07-01,POD Reparado,0,1,197.0,1287,0
7400689,CVB45.BC,2022-11-08,Reparado,0,0,0.0,0,0
7400690,CVB45.BC,2021-01-27,Reparado,0,0,0.0,0,1
7400690,CVB45.BC,2021-02-18,Reparado / Garantía Lab,1,1,22.0,22,0
7400690,CVB45.BC,2023-01-09,Reparado / Garantía Lab,0,0,690.0,712,0
7400691,CVB45.BC,2022-12-15,POD Reparado,0,0,0.0,0,0
7400693,CVB45.BC,2022-06-15,Reparado,0,0,0.0,0,0
7400694,CVB45.BC,2021-07-15,Reparado,0,0,0.0,0,0
7400694,CVB45.BC,2021-11-09,Reparado,1,1,117.0,117,0
7400694,CVB45.BC,2024-07-07,Reparado / Garantía Lab,0,0,971.0,1088,1
7400694,CVB45.BC,2024-08-06,Reparado / Garantía Lab,1,1,30.0,1118,0
7400695,CVB45.BC,2021-02-12,Reparado,0,0,0.0,0,0
7400695,CVB45.BC,2022-10-20,Reparado / Garantía Lab,0,0,615.0,615,0
7400696,CVB45.BC,2020-11-24,Reparado,0,0,0.0,0,0
7400698,CVB45.BC,2021-07-21,Reparado,0,0,0.0,0,0
7400698,CVB45.BC,2022-05-27,Reparado / Garantía Lab,0,1,310.0,310,0
7400703,CVB45.BC,2021-03-01,Reparado,0,0,0.0,0,0
7400705,CVB45.BC,2022-05-13,Reparado,0,0,0.0,0,0
7400705,CVB45.BC,2023-04-05,POD Reparado,0,1,327.0,327,0
7400706,CVB45.BC,2021-03-02,Reparado,0,0,0.0,0,0
7400709,CVB45.BC,2021-02-02,Reparado,0,0,0.0,0,0
7400709,CVB45.BC,2022-10-05,Reparado,0,0,610.0,610,0
7400710,CVB45.BC,2022-08-03,Reparado,0,0,0.0,0,0
7400711,CVB45.BC,2023-06-15,Reparado,0,0,0.0,0,0
7400713,CVB45.BC,2021-01-03,Reparado / Garantía Lab,0,0,0.0,0,0
7400713,CVB45.BC,2021-02-04,Reparado,1,1,32.0,32,0
7400713,CVB45.BC,2021-12-21,Reparado / Garantía Lab,0,2,320.0,352,1
7400713,CVB45.BC,2021-12-28,Reparado / Garantía Lab,1,3,7.0,359,1
7400713,CVB45.BC,2022-01-06,Reparado / Garantía Lab,2,3,9.0,368,0
7400713,CVB45.BC,2022-06-15,Reparado / Garantía Lab,3,3,160.0,528,0
7400713,CVB45.BC,2022-12-12,Reparado / Garantía Lab,1,4,180.0,708,1
7400713,CVB45.BC,2022-12-23,Reparado / Garantía Lab,1,4,11.0,719,0
7400713,CVB45.BC,2023-03-23,Reparado / Garantía Lab,2,3,90.0,809,1
7400713,CVB45.BC,2023-03-28,Reparado / Garantía Lab,3,4,5.0,814,1
7400713,CVB45.BC,2023-03-29,Reparado / Garantía Lab,4,5,1.0,815,1
7400713,CVB45.BC,2023-04-24,Reparado,5,6,26.0,841,1
7400713,CVB45.BC,2023-05-09,Reparado / Garantía Lab,6,7,15.0,856,1
7400713,CVB45.BC,2023-05-16,Reparado / Garantía Lab,7,8,7.0,863,0
7400714,CVB45.BC,2021-01-26,Reparado,0,0,0.0,0,1
7400714,CVB45.BC,2021-02-03,Reparado / Garantía Lab,1,1,8.0,8,0
7400714,CVB45.BC,2024-05-27,Reparado / Garantía Lab,0,0,1209.0,1217,0
7400715,CVB45.BC,2021-02-01,Reparado,0,0,0.0,0,0
7400715,CVB45.BC,2022-06-10,Reparado,0,0,494.0,494,0
7400715,CVB45.BC,2024-04-22,Reparado / Garantía Lab,0,0,682.0,1176,0
7400717,CVB45.BC,2021-01-21,Reparado,0,0,0.0,0,1
7400717,CVB45.BC,2021-02-03,Reparado / Garantía Lab,1,1,13.0,13,0
7400718,CVB45.BC,2024-09-30,Reparado,0,0,0.0,0,0
7400718,CVB45.BC,2025-06-26,POD Reparado,0,1,269.0,269,0
7400719,CVB45.BC,2020-12-04,Reparado,0,0,0.0,0,1
7400719,CVB45.BC,2020-12-11,Reparado,1,1,7.0,7,0
7400719,CVB45.BC,2022-01-14,Reparado / Garantía Lab,0,0,399.0,406,0
7400719,CVB45.BC,2023-01-09,Reparado / Garantía Lab,0,1,360.0,766,0
7400720,CVB45.BC,2023-01-06,Reparado,0,0,0.0,0,0
7400722,CVB45.BC,2021-02-10,Reparado,0,0,0.0,0,0
7400722,CVB45.BC,2022-03-31,Reparado / Garantía Lab,0,0,414.0,414,1
7400722,CVB45.BC,2022-04-09,Reparado / Garantía Lab,1,1,9.0,423,0
7400722,CVB45.BC,2022-06-03,Reparado / Garantía Lab,2,2,55.0,478,0
7400722,CVB45.BC,2023-03-27,POD Reparado,0,3,297.0,775,0
7400723,CVB45.BC,2022-09-06,Reparado,0,0,0.0,0,0
7400723,CVB45.BC,2024-09-03,Reparado / Garantía Lab,0,0,728.0,728,0
7400724,CVB45.BC,2021-01-29,Reparado,0,0,0.0,0,0
7400724,CVB45.BC,2021-04-27,Reparado / Garantía Lab,1,1,88.0,88,0
7400725,CVB45.BC,2022-01-27,Reparado,0,0,0.0,0,0
7400725,CVB45.BC,2025-06-10,POD Baja,0,0,1230.0,1230,0
7400726,CVB45.BC,2021-03-01,Reparado,0,0,0.0,0,0
7400726,CVB45.BC,2021-08-23,Reparado / Garantía Lab,1,1,175.0,175,0
7400727,CVB45.BC,2021-02-04,Reparado,0,0,0.0,0,0
7400727,CVB45.BC,2022-09-14,POD Reparado,0,0,587.0,587,0
7400727,CVB45.BC,2024-06-19,Reparado / Garantía Lab,0,0,644.0,1231,0
7400728,CVB45.BC,2022-09-22,Reparado,0,0,0.0,0,0
7400728,CVB45.BC,2025-11-26,Reparado / Garantía Lab,0,0,1161.0,1161,0
7400731,CVB45.BC,2023-05-26,Reparado,0,0,0.0,0,0
7400731,CVB45.BC,2024-08-27,Reparado / Garantía Lab,0,0,459.0,459,0
7400733,CVB45.BC,2021-03-01,Reparado,0,0,0.0,0,0
7400733,CVB45.BC,2024-12-20,POD Reparado,0,0,1390.0,1390,0
7400733,CVB45.BC,2025-02-04,POD Reparado,1,1,46.0,1436,0
7400734,CVB45.BC,2021-12-22,Reparado,0,0,0.0,0,0
7400735,CVB45.BC,2022-06-07,Reparado,0,0,0.0,0,0
7400735,CVB45.BC,2024-04-26,POD Reparado,0,0,689.0,689,0
7400735,CVB45.BC,2025-05-12,POD Reparado,0,0,381.0,1070,0
7400736,CVB45.BC,2022-10-18,Reparado,0,0,0.0,0,0
7400736,CVB45.BC,2024-04-09,Reparado / Garantía Lab,0,0,539.0,539,0
7400736,CVB45.BC,2024-09-03,POD Reparado,1,1,147.0,686,0
7400737,CVB45.BC,2020-11-13,Reparado,0,0,0.0,0,1
7400737,CVB45.BC,2020-11-17,Reparado / Garantía Lab,1,1,4.0,4,0
7400737,CVB45.BC,2023-04-21,Reparado / Garantía Lab,0,0,885.0,889,0
7400738,CVB45.BC,2021-02-12,Reparado,0,0,0.0,0,0
7400738,CVB45.BC,2021-03-29,Reparado / Garantía Lab,1,1,45.0,45,1
7400738,CVB45.BC,2021-04-01,Reparado,2,2,3.0,48,0
7400738,CVB45.BC,2022-06-07,Reparado / Garantía Lab,0,0,432.0,480,0
7400739,CVB45.BC,2023-12-02,POD Reparado,0,0,0.0,0,0
7400740,CVB45.BC,2021-02-11,Reparado,0,0,0.0,0,0
7400740,CVB45.BC,2021-08-11,POD Reparado,0,1,181.0,181,0
7400740,CVB45.BC,2022-08-04,Reparado / Garantía Lab,0,1,358.0,539,0
7400742,CVB45.BC,2021-02-11,Reparado,0,0,0.0,0,1
7400742,CVB45.BC,2021-02-19,Reparado / Garantía Lab,1,1,8.0,8,1
7400742,CVB45.BC,2021-03-16,Reparado / Garantía Lab,2,2,25.0,33,1
7400742,CVB45.BC,2021-03-25,Reparado / Garantía Lab,3,3,9.0,42,0
7400745,CVB45.BC,2025-10-20,Reparado,0,0,0.0,0,0
7400746,CVB45.BC,2020-12-24,Reparado,0,0,0.0,0,0
7400746,CVB45.BC,2021-02-09,Reparado,1,1,47.0,47,0
7400746,CVB45.BC,2022-10-21,Reparado / Garantía Lab,0,0,619.0,666,1
7400746,CVB45.BC,2022-11-03,Reparado,1,1,13.0,679,0
7400748,CVB45.BC,2021-03-03,Reparado,0,0,0.0,0,0
7400748,CVB45.BC,2024-03-05,POD Reparado,0,0,1098.0,1098,1
7400748,CVB45.BC,2024-03-18,Reparado / Garantía Lab,1,1,13.0,1111,0
7400750,CVB45.BC,2021-08-16,Reparado,0,0,0.0,0,0
7400753,CVB45.BC,2023-12-21,Reparado / Garantía Lab,0,0,0.0,0,0
7400753,CVB45.BC,2024-01-26,Reparado / Garantía Lab,1,1,36.0,36,0
7400753,CVB45.BC,2024-02-29,Reparado / Garantía Lab,2,2,34.0,70,0
7400753,CVB45.BC,2025-10-02,Reparado / Garantía Lab,0,0,581.0,651,1
7400753,CVB45.BC,2025-10-09,Reparado / Garantía Lab,1,1,7.0,658,0
7400754,CVB45.BC,2022-06-09,Reparado,0,0,0.0,0,0
7400755,CVB45.BC,2022-06-07,Reparado,0,0,0.0,0,0
7400755,CVB45.BC,2023-03-27,Reparado / Garantía Lab,0,1,293.0,293,1
7400755,CVB45.BC,2023-04-04,Reparado / Garantía Lab,1,2,8.0,301,0
7400756,CVB45.BC,2025-08-07,Reparado,0,0,0.0,0,0
7400757,CVB45.BC,2021-12-21,Reparado,0,0,0.0,0,0
7400759,CVB45.BC,2021-02-03,Reparado,0,0,0.0,0,0
7400759,CVB45.BC,2022-11-03,Reparado,0,0,638.0,638,0
7400760,CVB45.BC,2023-12-14,Reparado,0,0,0.0,0,0
7400761,CVB45.BC,2021-08-04,Reparado,0,0,0.0,0,0
7400762,CVB45.BC,2020-12-04,Reparado,0,0,0.0,0,0
7400762,CVB45.BC,2023-04-19,Reparado / Garantía Lab,0,0,866.0,866,0
7400763,CVB45.BC,2025-01-21,POD Reparado,0,0,0.0,0,1
7400763,CVB45.BC,2025-01-28,Reparado / Garantía Lab,1,1,7.0,7,0
7400767,CVB45.BC,2024-07-11,Reparado,0,0,0.0,0,0
7400767,CVB45.BC,2025-11-19,Reparado / Garantía Lab,0,0,496.0,496,0
7400768,CVB45.BC,2021-12-23,Reparado,0,0,0.0,0,0
7400769,CVB45.BC,2022-11-25,Reparado,0,0,0.0,0,0
7400770,CVB45.BC,2021-02-05,POD,0,0,0.0,0,0
7400770,CVB45.BC,2021-02-05,POD Reparado,0,0,0.0,0,0
7400770,CVB45.BC,2024-05-23,POD Reparado,0,0,1203.0,1203,1
7400770,CVB45.BC,2024-06-04,Reparado / Garantía Lab,1,1,12.0,1215,1
7400770,CVB45.BC,2024-06-27,Reparado / Garantía Lab,2,2,23.0,1238,0
7400771,CVB45.BC,2020-05-05,Reparado,0,0,0.0,0,0
7400771,CVB45.BC,2023-06-07,Reparado / Garantía Lab,0,0,1128.0,1128,1
7400771,CVB45.BC,2023-06-15,Reparado / Garantía Lab,1,1,8.0,1136,0
7400772,CVB45.BC,2021-04-05,Reparado,0,0,0.0,0,0
7400772,CVB45.BC,2021-05-31,Reparado / Garantía Lab,1,1,56.0,56,0
7400776,CVB45.BC,2021-01-03,Reparado,0,0,0.0,0,0
7400776,CVB45.BC,2021-03-11,Reparado / Garantía Lab,1,1,67.0,67,1
7400776,CVB45.BC,2021-03-17,Reparado / Garantía Lab,2,2,6.0,73,1
7400776,CVB45.BC,2021-03-29,Reparado / Garantía Lab,3,3,12.0,85,0
7400776,CVB45.BC,2021-12-29,Reparado / Garantía Lab,0,4,275.0,360,0
7400776,CVB45.BC,2025-01-31,Reparado / Garantía Lab,0,0,1129.0,1489,0
7400778,CVB45.BC,2023-08-30,Reparado,0,0,0.0,0,0
7400779,CVB45.BC,2021-02-11,Reparado,0,0,0.0,0,0
7400779,CVB45.BC,2024-04-22,Reparado / Garantía Lab,0,0,1166.0,1166,1
7400779,CVB45.BC,2024-05-22,Reparado / Garantía Lab,1,1,30.0,1196,0
7400780,CVB45.BC,2022-06-10,Reparado,0,0,0.0,0,0
7400782,CVB45.BC,2025-10-07,Reparado / Garantía Lab,0,0,0.0,0,1
7400782,CVB45.BC,2025-10-10,Reparado / Garantía Lab,1,1,3.0,3,0
7400783,CVB45.BC,2021-10-04,Reparado,0,0,0.0,0,0
7400783,CVB45.BC,2022-09-01,Reparado / Garantía Lab,0,1,332.0,332,0
7400785,CVB45.BC,2021-04-23,Reparado,0,0,0.0,0,1
7400785,CVB45.BC,2021-04-29,Reparado / Garantía Lab,1,1,6.0,6,0
7400785,CVB45.BC,2021-08-04,Reparado / Garantía Lab,2,2,97.0,103,0
7400785,CVB45.BC,2022-07-27,Reparado / Garantía Lab,0,1,357.0,460,0
7400787,CVB45.BC,2023-08-18,POD Reparado,0,0,0.0,0,0
7400788,CVB45.BC,2022-06-08,Reparado,0,0,0.0,0,0
7400788,CVB45.BC,2023-01-11,Reparado / Garantía Lab,0,1,217.0,217,0
7400790,CVB45.BC,2021-02-02,Reparado,0,0,0.0,0,0
7400790,CVB45.BC,2022-08-31,Reparado,0,0,575.0,575,0
7400792,CVB45.BC,2021-02-01,Reparado,0,0,0.0,0,0
7400792,CVB45.BC,2022-09-27,Reparado,0,0,603.0,603,0
7400793,CVB45.BC,2022-10-06,Reparado,0,0,0.0,0,0
7400793,CVB45.BC,2024-12-09,POD Reparado,0,0,795.0,795,0
7400794,CVB45.BC,2021-03-22,Reparado / Garantía Lab,0,0,0.0,0,1
7400794,CVB45.BC,2021-04-01,Reparado,1,1,10.0,10,0
7400795,CVB45.BC,2021-11-13,Reparado,0,0,0.0,0,1
7400795,CVB45.BC,2021-11-24,Reparado / Garantía Lab,1,1,11.0,11,0
7400797,CVB45.BC,2021-06-04,Reparado,0,0,0.0,0,0
7400797,CVB45.BC,2024-08-08,POD Reparado,0,0,1161.0,1161,1
7400797,CVB45.BC,2024-08-27,Reparado / Garantía Lab,1,1,19.0,1180,1
7400797,CVB45.BC,2024-08-30,Reparado / Garantía Lab,2,2,3.0,1183,1
7400797,CVB45.BC,2024-09-05,Reparado / Garantía Lab,3,3,6.0,1189,0
7400798,CVB45.BC,2022-07-19,POD Reparado,0,0,0.0,0,0
7400798,CVB45.BC,2022-11-07,Reparado / Garantía Lab,1,1,111.0,111,1
7400798,CVB45.BC,2022-11-14,Reparado / Garantía Lab,2,2,7.0,118,0
7400800,CVB45.BC,2021-09-07,POD Reparado,0,0,0.0,0,0
7400802,CVB45.BC,2023-04-06,POD Reparado,0,0,0.0,0,0
7400803,CVB45.BC,2021-02-15,Reparado,0,0,0.0,0,0
7400803,CVB45.BC,2024-12-09,Reparado / Garantía Lab,0,0,1393.0,1393,0
7400805,CVB45.BC,2024-08-14,POD Reparado,0,0,0.0,0,0
7400805,CVB45.BC,2025-05-19,POD Reparado,0,1,278.0,278,0
7400806,CVB45.BC,2021-06-22,Reparado,0,0,0.0,0,0
7400806,CVB45.BC,2022-06-20,Reparado / Garantía Lab,0,1,363.0,363,0
7400806,CVB45.BC,2025-10-07,Reparado / Garantía Lab,0,0,1205.0,1568,0
7400807,CVB45.BC,2023-05-13,Reparado / Garantía Lab,0,0,0.0,0,0
7400807,CVB45.BC,2023-07-03,Reparado,1,1,51.0,51,1
7400807,CVB45.BC,2023-07-10,Reparado / Garantía Lab,2,2,7.0,58,1
7400807,CVB45.BC,2023-07-19,Reparado / Garantía Lab,3,3,9.0,67,0
7400807,CVB45.BC,2025-10-20,Reparado / Garantía Lab,0,0,824.0,891,0
7400808,CVB45.BC,2024-12-20,Reparado,0,0,0.0,0,0
7400809,CVB45.BC,2023-09-25,Reparado,0,0,0.0,0,0
7400809,CVB45.BC,2024-09-25,Reparado / Garantía Lab,0,0,366.0,366,0
7400810,CVB45.BC,2021-02-15,Reparado,0,0,0.0,0,0
7400810,CVB45.BC,2022-02-09,Reparado / Garantía Lab,0,1,359.0,359,0
7400810,CVB45.BC,2022-08-19,POD Reparado,0,1,191.0,550,0
7400810,CVB45.BC,2023-05-02,POD Reparado,0,1,256.0,806,0
7400811,CVB45.BC,2021-12-22,Reparado,0,0,0.0,0,0
7400812,CVB45.BC,2023-06-16,POD Reparado,0,0,0.0,0,0
7400813,CVB45.BC,2022-04-18,Reparado,0,0,0.0,0,0
7400817,CVB45.BC,2023-01-03,Reparado,0,0,0.0,0,0
7400817,CVB45.BC,2024-11-07,POD Reparado,0,0,674.0,674,1
7400817,CVB45.BC,2024-11-11,Reparado / Garantía Lab,1,1,4.0,678,0
7400817,CVB45.BC,2024-12-16,Reparado / Garantía Lab,2,2,35.0,713,0
7400818,CVB45.BC,2021-02-26,Reparado,0,0,0.0,0,0
7400819,CVB45.BC,2021-03-01,Reparado,0,0,0.0,0,0
7400821,CVB45.BC,2022-07-12,Reparado,0,0,0.0,0,0
7400821,CVB45.BC,2024-02-09,Reparado / Garantía Lab,0,0,577.0,577,0
7400822,CVB45.BC,2021-02-03,Reparado,0,0,0.0,0,0
7400822,CVB45.BC,2022-05-11,Reparado,0,0,462.0,462,0
7400822,CVB45.BC,2024-02-22,POD Reparado,0,0,652.0,1114,0
7400823,CVB45.BC,2022-03-18,Reparado,0,0,0.0,0,0
7400824,CVB45.BC,2021-05-24,Reparado,0,0,0.0,0,0
7400824,CVB45.BC,2021-07-28,Reparado / Garantía Lab,1,1,65.0,65,0
7400826,CVB45.BC,2021-02-02,Reparado,0,0,0.0,0,0
7400826,CVB45.BC,2024-11-29,POD Reparado,0,0,1396.0,1396,0
7400828,CVB45.BC,2023-05-02,Reparado,0,0,0.0,0,0
7400832,CVB45.BC,2022-06-08,Reparado,0,0,0.0,0,0
7400832,CVB45.BC,2024-11-29,POD Reparado,0,0,905.0,905,0
7400833,CVB45.BC,2025-02-26,POD Reparado,0,0,0.0,0,0
7400833,CVB45.BC,2025-05-07,Reparado / Garantía Lab,1,1,70.0,70,1
7400833,CVB45.BC,2025-05-09,Reparado / Garantía Lab,2,2,2.0,72,0
7400833,CVB45.BC,2025-07-01,Reparado / Garantía Lab,3,3,53.0,125,0
7400834,CVB45.BC,2021-01-26,Reparado,0,0,0.0,0,1
7400834,CVB45.BC,2021-02-03,Reparado / Garantía Lab,1,1,8.0,8,0
7400834,CVB45.BC,2022-10-24,Reparado / Garantía Lab,0,0,628.0,636,0
7400834,CVB45.BC,2023-06-16,Reparado / Garantía Lab,0,1,235.0,871,0
7400835,CVB45.BC,2021-04-01,Reparado,0,0,0.0,0,1
7400835,CVB45.BC,2021-04-08,Reparado / Garantía Lab,1,1,7.0,7,0
7400835,CVB45.BC,2022-04-05,Reparado / Garantía Lab,0,1,362.0,369,0
7400835,CVB45.BC,2022-08-03,Reparado / Garantía Lab,1,1,120.0,489,0
7400835,CVB45.BC,2022-11-28,Reparado / Garantía Lab,1,2,117.0,606,0
7400835,CVB45.BC,2023-04-03,Reparado / Garantía Lab,1,3,126.0,732,1
7400835,CVB45.BC,2023-04-10,Reparado / Garantía Lab,2,3,7.0,739,0
7400835,CVB45.BC,2025-02-07,Reparado / Garantía Lab,0,0,669.0,1408,0
7400838,CVB45.BC,2022-05-16,Reparado,0,0,0.0,0,0
7400838,CVB45.BC,2023-10-14,Reparado / Garantía Lab,0,0,516.0,516,0
7400839,CVB45.BC,2024-09-23,Reparado,0,0,0.0,0,0
7400840,CVB45.BC,2023-01-05,Reparado,0,0,0.0,0,0
7400840,CVB45.BC,2025-06-04,POD Reparado,0,0,881.0,881,0
7400841,CVB45.BC,2025-08-20,Reparado,0,0,0.0,0,0
7400843,CVB45.BC,2021-01-27,Reparado,0,0,0.0,0,0
7400843,CVB45.BC,2022-10-28,Reparado / Garantía Lab,0,0,639.0,639,0
7400844,CVB45.BC,2023-09-15,Reparado,0,0,0.0,0,0
7400845,CVB45.BC,2021-04-29,Reparado / Garantía Lab,0,0,0.0,0,0
7400845,CVB45.BC,2024-01-22,Reparado / Garantía Lab,0,0,998.0,998,1
7400845,CVB45.BC,2024-01-26,Reparado / Garantía Lab,1,1,4.0,1002,0
7400845,CVB45.BC,2024-02-29,Reparado / Garantía Lab,2,2,34.0,1036,1
7400845,CVB45.BC,2024-03-05,Reparado / Garantía Lab,3,3,5.0,1041,0
7400846,CVB45.BC,2024-01-18,Reparado,0,0,0.0,0,0
7400846,CVB45.BC,2025-12-05,Reparado / Garantía Lab,0,0,687.0,687,0
7400848,CVB45.BC,2022-06-10,Reparado,0,0,0.0,0,0
7400848,CVB45.BC,2022-09-05,POD Reparado,1,1,87.0,87,0
7400849,CVB45.BC,2021-02-02,Reparado,0,0,0.0,0,0
7400849,CVB45.BC,2023-01-09,Reparado / Garantía Lab,0,0,706.0,706,0
7400849,CVB45.BC,2024-01-30,Reparado / Garantía Lab,0,0,386.0,1092,0
7400851,CVB45.BC,2021-01-26,Reparado,0,0,0.0,0,1
7400851,CVB45.BC,2021-02-03,Reparado / Garantía Lab,1,1,8.0,8,0
7400851,CVB45.BC,2022-04-14,Reparado / Garantía Lab,0,0,435.0,443,0
7400851,CVB45.BC,2024-12-20,Reparado / Garantía Lab,0,0,981.0,1424,0
7400853,CVB45.BC,2022-06-08,Reparado,0,0,0.0,0,0
7400853,CVB45.BC,2022-08-31,Reparado / Garantía Lab,1,1,84.0,84,0
7400854,CVB45.BC,2021-02-02,Reparado,0,0,0.0,0,0
7400854,CVB45.BC,2024-04-23,POD Reparado,0,0,1176.0,1176,0
7400856,CVB45.BC,2021-07-29,Reparado,0,0,0.0,0,0
7400856,CVB45.BC,2021-08-31,Reparado / Garantía Lab,1,1,33.0,33,1
7400856,CVB45.BC,2021-09-21,Reparado / Garantía Lab,2,2,21.0,54,0
7400858,CVB45.BC,2021-06-02,Reparado,0,0,0.0,0,0
7400860,CVB45.BC,2025-02-18,POD Reparado,0,0,0.0,0,0
7400861,CVB45.BC,2024-09-17,Reparado,0,0,0.0,0,0
7400863,CVB45.BC,2020-11-27,Reparado,0,0,0.0,0,1
7400863,CVB45.BC,2020-12-09,Reparado,1,1,12.0,12,1
7400863,CVB45.BC,2020-12-14,Reparado / Garantía Lab,2,2,5.0,17,0
7400865,CVB45.BC,2022-05-19,Reparado,0,0,0.0,0,0
7400865,CVB45.BC,2024-08-13,Reparado / Garantía Lab,0,0,817.0,817,0
7400866,CVB45.BC,2021-01-06,Reparado,0,0,0.0,0,0
7400866,CVB45.BC,2022-03-31,Reparado / Garantía Lab,0,0,449.0,449,1
7400866,CVB45.BC,2022-04-09,Reparado / Garantía Lab,1,1,9.0,458,0
7400867,CVB45.BC,2022-12-13,Reparado,0,0,0.0,0,0
7400868,CVB45.BC,2021-04-27,Reparado,0,0,0.0,0,0
7400868,CVB45.BC,2022-05-23,Reparado / Garantía Lab,0,0,391.0,391,0
7400869,CVB45.BC,2021-05-05,Reparado,0,0,0.0,0,1
7400869,CVB45.BC,2021-05-10,Reparado / Garantía Lab,1,1,5.0,5,1
7400869,CVB45.BC,2021-06-03,Reparado,2,2,24.0,29,0
7400869,CVB45.BC,2021-10-04,Reparado / Garantía Lab,3,3,123.0,152,1
7400869,CVB45.BC,2021-10-08,Reparado / Garantía Lab,4,4,4.0,156,0
7400869,CVB45.BC,2022-04-05,Reparado / Garantía Lab,1,5,179.0,335,0
7400869,CVB45.BC,2022-08-03,Reparado / Garantía Lab,1,3,120.0,455,0
7400869,CVB45.BC,2022-11-28,Reparado / Garantía Lab,1,2,117.0,572,0
7400869,CVB45.BC,2023-04-03,Reparado / Garantía Lab,1,3,126.0,698,0
7400869,CVB45.BC,2024-02-15,Reparado / Garantía Lab,0,1,318.0,1016,0
7400869,CVB45.BC,2024-09-30,Reparado / Garantía Lab,0,1,228.0,1244,0
7400870,CVB45.BC,2021-06-04,POD,0,0,0.0,0,0
7400870,CVB45.BC,2022-06-04,POD Reparado,0,1,365.0,365,0
7400871,CVB45.BC,2023-06-05,Reparado,0,0,0.0,0,0
7400872,CVB45.BC,2022-12-26,Reparado,0,0,0.0,0,0
7400873,CVB45.BC,2022-06-03,Reparado,0,0,0.0,0,0
7400873,CVB45.BC,2022-07-15,Reparado / Garantía Lab,1,1,42.0,42,1
7400873,CVB45.BC,2022-07-27,Reparado / Garantía Lab,2,2,12.0,54,0
7400873,CVB45.BC,2022-11-17,Reparado / Garantía Lab,3,3,113.0,167,0
7400873,CVB45.BC,2025-12-05,Proceso,0,0,1114.0,1281,0
7400876,CVB45.BC,2022-01-25,Reparado,0,0,0.0,0,0
7400878,CVB45.BC,2022-06-26,Reparado,0,0,0.0,0,0
7400878,CVB45.BC,2022-12-27,Reparado / Garantía Lab,0,1,184.0,184,1
7400878,CVB45.BC,2023-01-19,Reparado / Garantía Lab,1,2,23.0,207,0
7400878,CVB45.BC,2023-02-28,Reparado / Garantía Lab,2,3,40.0,247,0
7400878,CVB45.BC,2023-04-03,Reparado / Garantía Lab,3,4,34.0,281,1
7400878,CVB45.BC,2023-04-10,Reparado / Garantía Lab,4,5,7.0,288,0
7400879,CVB45.BC,2021-12-29,Reparado,0,0,0.0,0,0
7400880,CVB45.BC,2024-11-15,POD Reparado,0,0,0.0,0,1
7400880,CVB45.BC,2024-12-02,Reparado / Garantía Lab,1,1,17.0,17,0
7400881,CVB45.BC,2021-05-08,Reparado,0,0,0.0,0,0
7400881,CVB45.BC,2021-06-18,Reparado / Garantía Lab,1,1,41.0,41,0
7400883,CVB45.BC,2020-12-03,Reparado,0,0,0.0,0,0
7400883,CVB45.BC,2021-02-26,Reparado / Garantía Lab,1,1,85.0,85,0
7400885,CVB45.BC,2022-10-04,POD Reparado,0,0,0.0,0,0
7400885,CVB45.BC,2023-04-18,POD Reparado,0,1,196.0,196,0
7400886,CVB45.BC,2021-08-16,Reparado,0,0,0.0,0,0
7400886,CVB45.BC,2023-09-22,Reparado / Garantía Lab,0,0,767.0,767,0
7400886,CVB45.BC,2024-09-09,Reparado / Garantía Lab,0,1,353.0,1120,0
7400887,CVB45.BC,2021-02-02,Reparado,0,0,0.0,0,1
7400887,CVB45.BC,2021-02-19,POD,1,1,17.0,17,1
7400887,CVB45.BC,2021-03-10,POD,2,2,19.0,36,0
7400887,CVB45.BC,2021-03-10,POD Reparado,2,2,19.0,36,0
7400888,CVB45.BC,2021-11-19,Reparado,0,0,0.0,0,0
7400888,CVB45.BC,2022-07-06,Reparado / Garantía Lab,0,1,229.0,229,0
7400888,CVB45.BC,2023-07-05,Reparado / Garantía Lab,0,1,364.0,593,0
7400889,CVB45.BC,2021-02-11,Reparado,0,0,0.0,0,0
7400889,CVB45.BC,2021-10-06,Reparado / Garantía Lab,0,1,237.0,237,0
7400889,CVB45.BC,2022-05-18,Reparado / Garantía Lab,0,1,224.0,461,1
7400889,CVB45.BC,2022-06-17,Reparado / Garantía Lab,1,2,30.0,491,0
7400889,CVB45.BC,2023-03-29,Reparado / Garantía Lab,0,2,285.0,776,1
7400889,CVB45.BC,2023-04-04,Reparado / Garantía Lab,1,3,6.0,782,0
7400889,CVB45.BC,2024-12-16,Reparado / Garantía Lab,0,0,622.0,1404,1
7400889,CVB45.BC,2025-01-10,Reparado / Garantía Lab,1,1,25.0,1429,0
7400889,CVB45.BC,2025-08-20,POD Reparado,0,2,222.0,1651,0
7400890,CVB45.BC,2025-08-20,POD Reparado,0,0,0.0,0,0
7400893,CVB45.BC,2021-02-04,Reparado,0,0,0.0,0,0
7400893,CVB45.BC,2022-09-09,Reparado / Garantía Lab,0,0,582.0,582,0
7400893,CVB45.BC,2023-12-14,POD Reparado,0,0,461.0,1043,0
7400894,CVB45.BC,2025-11-26,Reparado / Garantía Lab,0,0,0.0,0,0
7400895,CVB45.BC,2021-11-16,Reparado,0,0,0.0,0,0
7400896,CVB45.BC,2021-01-28,Reparado,0,0,0.0,0,0
7400896,CVB45.BC,2022-08-04,Reparado / Garantía Lab,0,0,553.0,553,0
7400898,CVB45.BC,2021-06-29,Reparado,0,0,0.0,0,0
7400899,CVB45.BC,2022-06-03,Reparado,0,0,0.0,0,0
7400901,CVB45.BC,2022-05-18,Reparado,0,0,0.0,0,0
7400901,CVB45.BC,2022-09-22,Reparado / Garantía Lab,1,1,127.0,127,0
7400901,CVB45.BC,2023-05-15,POD Reparado,0,2,235.0,362,0
7400901,CVB45.BC,2024-03-20,Reparado / Garantía Lab,0,1,310.0,672,1
7400901,CVB45.BC,2024-04-08,Reparado / Garantía Lab,1,2,19.0,691,0
7400902,CVB45.BC,2024-03-11,Reparado,0,0,0.0,0,0
7400902,CVB45.BC,2025-11-17,Reparado / Garantía Lab,0,0,616.0,616,0
7400903,CVB45.BC,2021-05-24,Reparado,0,0,0.0,0,0
7400904,CVB45.BC,2022-06-15,POD Reparado,0,0,0.0,0,0
7400904,CVB45.BC,2022-08-04,POD Reparado,1,1,50.0,50,0
7400904,CVB45.BC,2022-09-22,Reparado / Garantía Lab,2,2,49.0,99,0
7400904,CVB45.BC,2025-03-24,Reparado / Garantía Lab,0,0,914.0,1013,1
7400904,CVB45.BC,2025-03-27,Reparado / Garantía Lab,1,1,3.0,1016,1
7400904,CVB45.BC,2025-04-09,Reparado / Garantía Lab,2,2,13.0,1029,0
7400904,CVB45.BC,2025-07-09,Reparado / Garantía Lab,3,3,91.0,1120,1
7400904,CVB45.BC,2025-07-15,Reparado / Garantía Lab,4,4,6.0,1126,1
7400904,CVB45.BC,2025-07-22,Reparado / Garantía Lab,5,5,7.0,1133,0
7400904,CVB45.BC,2025-09-02,Reparado / Garantía Lab,6,6,42.0,1175,1
7400904,CVB45.BC,2025-09-04,Reparado / Garantía Lab,7,7,2.0,1177,1
7400904,CVB45.BC,2025-09-08,Reparado / Garantía Lab,8,8,4.0,1181,1
7400904,CVB45.BC,2025-09-15,Reparado / Garantía Lab,9,9,7.0,1188,1
7400904,CVB45.BC,2025-10-01,Reparado / Garantía Lab,8,10,16.0,1204,1
7400904,CVB45.BC,2025-10-06,Reparado / Garantía Lab,9,11,5.0,1209,0
7400905,CVB45.BC,2021-10-04,Reparado,0,0,0.0,0,0
7400905,CVB45.BC,2025-10-29,Reparado / Garantía Lab,0,0,1486.0,1486,0
7400907,CVB45.BC,2022-04-04,Reparado,0,0,0.0,0,0
7400907,CVB45.BC,2022-06-03,Reparado / Garantía Lab,1,1,60.0,60,0
7400907,CVB45.BC,2024-12-20,Reparado / Garantía Lab,0,0,931.0,991,1
7400907,CVB45.BC,2024-12-24,Reparado / Garantía Lab,1,1,4.0,995,0
7400908,CVB45.BC,2023-05-23,Reparado,0,0,0.0,0,0
7400908,CVB45.BC,2024-12-18,Reparado / Garantía Lab,0,0,575.0,575,0
7400909,CVB45.BC,2021-03-05,Reparado,0,0,0.0,0,0
7400909,CVB45.BC,2022-07-18,Reparado / Garantía Lab,0,0,500.0,500,0
7400911,CVB45.BC,2021-12-27,Reparado,0,0,0.0,0,1
7400911,CVB45.BC,2022-01-06,Reparado / Garantía Lab,1,1,10.0,10,0
7400911,CVB45.BC,2023-01-09,Reparado / Garantía Lab,0,0,368.0,378,0
7400911,CVB45.BC,2024-11-25,Reparado / Garantía Lab,0,0,686.0,1064,0
7400912,CVB45.BC,2021-03-01,Reparado,0,0,0.0,0,0
7400913,CVB45.BC,2021-10-25,POD Reparado,0,0,0.0,0,0
7400913,CVB45.BC,2024-09-11,Reparado / Garantía Lab,0,0,1052.0,1052,0
7400915,CVB45.BC,2024-12-09,Reparado,0,0,0.0,0,0
7400916,CVB45.BC,2022-11-05,Reparado,0,0,0.0,0,0
7400916,CVB45.BC,2025-05-19,Reparado / Garantía Lab,0,0,926.0,926,0
7400918,CVB45.BC,2021-12-27,Reparado,0,0,0.0,0,0
7400918,CVB45.BC,2024-02-12,POD Reparado,0,0,777.0,777,0
7400919,CVB45.BC,2023-09-04,Reparado,0,0,0.0,0,0
7400919,CVB45.BC,2025-02-18,Reparado / Garantía Lab,0,0,533.0,533,1
7400919,CVB45.BC,2025-02-21,Reparado / Garantía Lab,1,1,3.0,536,1
7400919,CVB45.BC,2025-02-26,Reparado / Garantía Lab,2,2,5.0,541,1
7400919,CVB45.BC,2025-03-03,Reparado / Garantía Lab,3,3,5.0,546,0
7400919,CVB45.BC,2025-04-07,Reparado / Garantía Lab,4,4,35.0,581,0
7400919,CVB45.BC,2025-05-30,Reparado / Garantía Lab,5,5,53.0,634,0
7400920,CVB45.BC,2021-01-22,Reparado,0,0,0.0,0,0
7400920,CVB45.BC,2024-11-29,Reparado / Garantía Lab,0,0,1407.0,1407,0
7400923,CVB45.BC,2022-06-08,Reparado,0,0,0.0,0,0
7400924,CVB45.BC,2023-03-29,Reparado,0,0,0.0,0,1
7400924,CVB45.BC,2023-04-04,Reparado / Garantía Lab,1,1,6.0,6,1
7400924,CVB45.BC,2023-04-19,Reparado / Garantía Lab,2,2,15.0,21,0
7400925,CVB45.BC,2022-06-08,Reparado,0,0,0.0,0,0
7400926,CVB45.BC,2021-02-12,Reparado,0,0,0.0,0,0
7400926,CVB45.BC,2023-10-30,Reparado / Garantía Lab,0,0,990.0,990,0
7400927,CVB45.BC,2021-02-02,Reparado,0,0,0.0,0,0
7400930,CVB45.BC,2022-06-10,Reparado,0,0,0.0,0,0
7400932,CVB45.BC,2023-01-19,Reparado,0,0,0.0,0,0
7400932,CVB45.BC,2024-07-24,Reparado / Garantía Lab,0,0,552.0,552,0
7400932,CVB45.BC,2025-02-10,Reparado / Garantía Lab,0,1,201.0,753,0
7400932,CVB45.BC,2025-10-21,Reparado / Garantía Lab,0,1,253.0,1006,0
7400935,CVB45.BC,2022-07-20,Reparado,0,0,0.0,0,0
7400935,CVB45.BC,2022-09-22,Reparado / Garantía Lab,1,1,64.0,64,0
7400935,CVB45.BC,2025-07-01,Reparado / Garantía Lab,0,0,1013.0,1077,0
7400936,CVB45.BC,2021-12-28,Reparado,0,0,0.0,0,0
7400936,CVB45.BC,2024-01-17,Reparado / Garantía Lab,0,0,750.0,750,0
7400937,CVB45.BC,2021-02-04,Reparado,0,0,0.0,0,0
7400937,CVB45.BC,2022-04-26,POD Reparado,0,0,446.0,446,0
7400937,CVB45.BC,2024-08-28,POD Reparado,0,0,855.0,1301,1
7400937,CVB45.BC,2024-09-05,Reparado / Garantía Lab,1,1,8.0,1309,0
7400937,CVB45.BC,2025-08-20,Reparado / Garantía Lab,0,2,349.0,1658,1
7400937,CVB45.BC,2025-08-25,Reparado / Garantía Lab,1,3,5.0,1663,1
7400937,CVB45.BC,2025-09-08,Reparado / Garantía Lab,2,2,14.0,1677,0
7400938,CVB45.BC,2023-09-21,Reparado,0,0,0.0,0,0
7400938,CVB45.BC,2025-11-26,Reparado / Garantía Lab,0,0,797.0,797,0
7400940,CVB45.BC,2023-05-08,Reparado,0,0,0.0,0,0
7400940,CVB45.BC,2024-11-29,Reparado / Garantía Lab,0,0,571.0,571,0
7400940,CVB45.BC,2025-05-12,Reparado / Garantía Lab,1,1,164.0,735,1
7400940,CVB45.BC,2025-05-15,Reparado / Garantía Lab,2,2,3.0,738,1
7400940,CVB45.BC,2025-05-20,Reparado / Garantía Lab,3,3,5.0,743,0
7400941,CVB45.BC,2022-12-12,Reparado,0,0,0.0,0,0
7400941,CVB45.BC,2024-06-19,Reparado / Garantía Lab,0,0,555.0,555,0
7400941,CVB45.BC,2024-11-25,POD Reparado,1,1,159.0,714,0
7400942,CVB45.BC,2022-06-08,Reparado,0,0,0.0,0,0
7400942,CVB45.BC,2025-07-07,Reparado / Garantía Lab,0,0,1125.0,1125,0
7400943,CVB45.BC,2022-08-10,Reparado,0,0,0.0,0,0
7400943,CVB45.BC,2024-07-08,POD Reparado,0,0,698.0,698,0
7400943,CVB45.BC,2024-08-28,Reparado / Garantía Lab,1,1,51.0,749,1
7400943,CVB45.BC,2024-09-09,Reparado / Garantía Lab,2,2,12.0,761,0
7400943,CVB45.BC,2024-12-09,Reparado / Garantía Lab,3,3,91.0,852,1
7400943,CVB45.BC,2024-12-12,Reparado / Garantía Lab,4,4,3.0,855,1
7400943,CVB45.BC,2024-12-17,Reparado / Garantía Lab,5,5,5.0,860,0
7400943,CVB45.BC,2025-08-14,Reparado / Garantía Lab,0,5,240.0,1100,0
7400944,CVB45.BC,2022-09-22,Reparado,0,0,0.0,0,0
7400946,CVB45.BC,2024-01-18,POD Reparado,0,0,0.0,0,0
7400949,CVB45.BC,2024-10-16,Reparado,0,0,0.0,0,0
7400949,CVB45.BC,2025-09-17,Reparado / Garantía Lab,0,1,336.0,336,0
7400949,CVB45.BC,2025-10-24,Reparado / Garantía Lab,1,1,37.0,373,0
7400950,CVB45.BC,2022-10-07,POD Reparado,0,0,0.0,0,0
7400951,CVB45.BC,2022-12-02,Reparado,0,0,0.0,0,0
7400952,CVB45.BC,2022-12-19,Reparado,0,0,0.0,0,0
7400952,CVB45.BC,2023-02-28,Reparado / Garantía Lab,1,1,71.0,71,1
7400952,CVB45.BC,2023-03-29,Reparado,2,2,29.0,100,0
7400952,CVB45.BC,2024-03-15,Reparado / Garantía Lab,0,1,352.0,452,0
7400952,CVB45.BC,2025-03-11,Reparado / Garantía Lab,0,1,361.0,813,0
7400952,CVB45.BC,2025-10-30,Reparado / Garantía Lab,0,1,233.0,1046,0
7400953,CVB45.BC,2020-05-05,Reparado,0,0,0.0,0,0
7400953,CVB45.BC,2021-01-05,Reparado,0,1,245.0,245,0
7400954,CVB45.BC,2021-02-09,Reparado,0,0,0.0,0,0
7400954,CVB45.BC,2022-08-30,Reparado / Garantía Lab,0,0,567.0,567,0
7400954,CVB45.BC,2022-10-03,POD Reparado,1,1,34.0,601,0
7400954,CVB45.BC,2023-12-12,Reparado / Garantía Lab,0,0,435.0,1036,1
7400954,CVB45.BC,2023-12-21,Reparado / Garantía Lab,1,1,9.0,1045,0
7400956,CVB45.BC,2021-10-26,Reparado,0,0,0.0,0,0
7400958,CVB45.BC,2021-09-08,Reparado,0,0,0.0,0,0
7400959,CVB45.BC,2024-12-09,Reparado,0,0,0.0,0,0
7400959,CVB45.BC,2025-08-04,Reparado / Garantía Lab,0,1,238.0,238,1
7400959,CVB45.BC,2025-08-07,Reparado / Garantía Lab,1,2,3.0,241,1
7400959,CVB45.BC,2025-08-25,Reparado / Garantía Lab,2,3,18.0,259,1
7400959,CVB45.BC,2025-09-12,Reparado / Garantía Lab,3,4,18.0,277,0
7400960,CVB45.BC,2023-10-23,POD Reparado,0,0,0.0,0,0
7400961,CVB45.BC,2021-02-12,Reparado,0,0,0.0,0,0
7400961,CVB45.BC,2024-09-30,Reparado / Garantía Lab,0,0,1326.0,1326,0
7400962,CVB45.BC,2022-10-20,Reparado,0,0,0.0,0,0
7400962,CVB45.BC,2024-06-25,POD Reparado,0,0,614.0,614,0
7400962,CVB45.BC,2025-08-14,Reparado / Garantía Lab,0,0,415.0,1029,0
7400963,CVB45.BC,2024-09-24,Reparado,0,0,0.0,0,0
7400964,CVB45.BC,2021-12-27,Reparado,0,0,0.0,0,0
7400966,CVB45.BC,2021-01-29,Reparado,0,0,0.0,0,0
7400967,CVB45.BC,2021-12-23,Reparado,0,0,0.0,0,0
7400967,CVB45.BC,2022-09-21,Reparado / Garantía Lab,0,1,272.0,272,0
7400969,CVB45.BC,2020-12-21,Reparado,0,0,0.0,0,0
7400969,CVB45.BC,2025-02-28,Reparado / Garantía Lab,0,0,1530.0,1530,0
7400970,CVB45.BC,2025-09-03,Reparado,0,0,0.0,0,0
7400971,CVB45.BC,2022-06-06,Reparado,0,0,0.0,0,0
7400972,CVB45.BC,2024-09-05,POD Reparado,0,0,0.0,0,0
7400973,CVB45.BC,2022-09-02,Reparado,0,0,0.0,0,1
7400973,CVB45.BC,2022-09-13,Reparado / Garantía Lab,1,1,11.0,11,1
7400973,CVB45.BC,2022-09-20,Reparado / Garantía Lab,2,2,7.0,18,1
7400973,CVB45.BC,2022-09-30,Reparado / Garantía Lab,3,3,10.0,28,0
7400973,CVB45.BC,2024-11-19,Reparado / Garantía Lab,0,0,781.0,809,0
7400973,CVB45.BC,2025-10-15,Reparado / Garantía Lab,0,1,330.0,1139,1
7400973,CVB45.BC,2025-10-17,Reparado / Garantía Lab,1,2,2.0,1141,0
7400975,CVB45.BC,2020-11-03,Reparado,0,0,0.0,0,0
7400975,CVB45.BC,2021-12-15,Reparado / Garantía Lab,0,0,407.0,407,0
7400976,CVB45.BC,2021-01-26,Reparado,0,0,0.0,0,0
7400976,CVB45.BC,2022-11-25,Reparado / Garantía Lab,0,0,668.0,668,0
7400978,CVB45.BC,2023-09-28,POD Reparado,0,0,0.0,0,0
7400978,CVB45.BC,2024-01-22,Reparado / Garantía Lab,1,1,116.0,116,1
7400978,CVB45.BC,2024-01-26,Reparado / Garantía Lab,2,2,4.0,120,0
7400978,CVB45.BC,2024-02-29,Reparado / Garantía Lab,3,3,34.0,154,1
7400978,CVB45.BC,2024-03-05,Reparado / Garantía Lab,4,4,5.0,159,0
7400979,CVB45.BC,2021-07-21,Reparado,0,0,0.0,0,0
7400979,CVB45.BC,2024-02-29,POD Reparado,0,0,953.0,953,0
7400980,CVB45.BC,2022-07-20,Reparado,0,0,0.0,0,0
7400981,CVB45.BC,2021-01-21,Reparado,0,0,0.0,0,0
7400981,CVB45.BC,2022-03-31,Reparado,0,0,434.0,434,1
7400981,CVB45.BC,2022-04-07,Reparado / Garantía Lab,1,1,7.0,441,0
7400982,CVB45.BC,2021-02-16,Reparado,0,0,0.0,0,0
7400983,CVB45.BC,2021-01-21,Reparado,0,0,0.0,0,0
7400983,CVB45.BC,2022-09-22,Reparado,0,0,609.0,609,1
7400983,CVB45.BC,2022-09-29,Reparado / Garantía Lab,1,1,7.0,616,0
7400983,CVB45.BC,2022-12-02,Reparado / Garantía Lab,2,2,64.0,680,0
7400983,CVB45.BC,2025-01-31,Reparado / Garantía Lab,0,0,791.0,1471,0
7400983,CVB45.BC,2025-07-14,POD Reparado,1,1,164.0,1635,0
7400985,CVB45.BC,2021-12-07,Reparado,0,0,0.0,0,0
7400986,CVB45.BC,2021-01-19,Reparado,0,0,0.0,0,0
7400986,CVB45.BC,2021-11-18,POD Reparado,0,1,303.0,303,0
7400987,CVB45.BC,2021-10-08,Reparado,0,0,0.0,0,0
7400987,CVB45.BC,2022-02-10,Reparado / Garantía Lab,1,1,125.0,125,0
7400988,CVB45.BC,2021-02-02,Reparado,0,0,0.0,0,0
7400988,CVB45.BC,2021-07-01,Reparado,1,1,149.0,149,0
7400989,CVB45.BC,2022-01-14,Reparado,0,0,0.0,0,0
7400989,CVB45.BC,2023-01-11,Reparado / Garantía Lab,0,1,362.0,362,0
7400990,CVB45.BC,2022-08-30,Reparado,0,0,0.0,0,0
7400991,CVB45.BC,2025-11-25,Reparado / Garantía Lab,0,0,0.0,0,0
7400993,CVB45.BC,2021-02-04,Reparado,0,0,0.0,0,0
7400994,CVB45.BC,2021-01-28,Reparado,0,0,0.0,0,0
7400994,CVB45.BC,2022-10-06,POD Reparado,0,0,616.0,616,0
7400994,CVB45.BC,2025-07-11,Reparado / Garantía Lab,0,0,1009.0,1625,1
7400994,CVB45.BC,2025-07-18,Reparado / Garantía Lab,1,1,7.0,1632,0
7400995,CVB45.BC,2021-03-10,Reparado / Garantía Lab,0,0,0.0,0,1
7400995,CVB45.BC,2021-04-01,Reparado,1,1,22.0,22,0
7400996,CVB45.BC,2022-06-24,Reparado,0,0,0.0,0,0
7400996,CVB45.BC,2025-01-31,Reparado / Garantía Lab,0,0,952.0,952,0
7400997,CVB45.BC,2022-09-23,Reparado,0,0,0.0,0,0
7400998,CVB45.BC,2024-03-20,Reparado,0,0,0.0,0,0
7400999,CVB45.BC,2021-01-21,Reparado,0,0,0.0,0,0
7400999,CVB45.BC,2024-11-29,Reparado / Garantía Lab,0,0,1408.0,1408,0
7401000,CVB45.BC,2022-08-19,POD Reparado,0,0,0.0,0,1
7401000,CVB45.BC,2022-09-06,Reparado / Garantía Lab,1,1,18.0,18,0
7401000,CVB45.BC,2022-12-09,POD Reparado,2,2,94.0,112,0
7401000,CVB45.BC,2023-03-20,POD Reparado,1,3,101.0,213,0
7401001,CVB45.BC,2021-10-09,Reparado,0,0,0.0,0,0
7401001,CVB45.BC,2024-01-09,Reparado / Garantía Lab,0,0,822.0,822,1
7401001,CVB45.BC,2024-01-15,Reparado / Garantía Lab,1,1,6.0,828,0
7401002,CVB45.BC,2022-06-17,Reparado,0,0,0.0,0,0
7401002,CVB45.BC,2022-07-21,Reparado / Garantía Lab,1,1,34.0,34,0
7401002,CVB45.BC,2023-04-03,Reparado / Garantía Lab,0,2,256.0,290,0
7401002,CVB45.BC,2025-06-26,Reparado / Garantía Lab,0,0,815.0,1105,0
7401003,CVB45.BC,2023-03-10,Reparado,0,0,0.0,0,0
7401004,CVB45.BC,2021-02-09,Reparado,0,0,0.0,0,1
7401004,CVB45.BC,2021-02-20,Reparado,1,1,11.0,11,0
7401005,CVB45.BC,2021-01-11,Reparado,0,0,0.0,0,1
7401005,CVB45.BC,2021-01-18,Reparado / Garantía Lab,1,1,7.0,7,0
7401005,CVB45.BC,2021-05-05,Reparado / Garantía Lab,2,2,107.0,114,0
7401006,CVB45.BC,2023-09-25,Reparado,0,0,0.0,0,0
7401006,CVB45.BC,2025-03-07,Reparado / Garantía Lab,0,0,529.0,529,0
7401006,CVB45.BC,2025-08-25,Reparado / Garantía Lab,1,1,171.0,700,0
7401007,CVB45.BC,2021-02-11,Reparado,0,0,0.0,0,0
7401007,CVB45.BC,2022-06-28,Reparado / Garantía Lab,0,0,502.0,502,0
7401007,CVB45.BC,2024-02-29,POD Reparado,0,0,611.0,1113,0
7401008,CVB45.BC,2021-01-19,Reparado,0,0,0.0,0,0
7401008,CVB45.BC,2025-03-27,POD Reparado,0,0,1528.0,1528,0
7401008,CVB45.BC,2025-07-01,Reparado / Garantía Lab,1,1,96.0,1624,0
7401009,CVB45.BC,2025-04-09,Reparado / Garantía Lab,0,0,0.0,0,1
7401009,CVB45.BC,2025-04-11,Reparado / Garantía Lab,1,1,2.0,2,0
7401009,CVB45.BC,2025-08-04,Reparado / Garantía Lab,2,2,115.0,117,0
7401010,CVB45.BC,2021-09-06,POD Reparado,0,0,0.0,0,0
7401010,CVB45.BC,2022-05-20,Reparado / Garantía Lab,0,1,256.0,256,0
7401011,CVB45.BC,2021-01-19,Reparado,0,0,0.0,0,0
7401011,CVB45.BC,2022-10-07,Reparado,0,0,626.0,626,0
7401012,CVB45.BC,2022-11-05,Reparado,0,0,0.0,0,0
7401012,CVB45.BC,2024-01-22,POD Reparado,0,0,443.0,443,0
7401014,CVB45.BC,2021-09-07,Reparado,0,0,0.0,0,0
7401014,CVB45.BC,2021-11-06,Reparado / Garantía Lab,1,1,60.0,60,0
7401014,CVB45.BC,2025-11-12,Reparado / Garantía Lab,0,0,1467.0,1527,0
7401015,CVB45.BC,2022-07-04,Reparado,0,0,0.0,0,0
7401015,CVB45.BC,2024-08-13,Reparado / Garantía Lab,0,0,771.0,771,0
7401016,CVB45.BC,2021-01-21,Reparado,0,0,0.0,0,0
7401016,CVB45.BC,2023-11-07,POD Reparado,0,0,1020.0,1020,1
7401016,CVB45.BC,2023-11-16,Reparado / Garantía Lab,1,1,9.0,1029,0
7401018,CVB45.BC,2020-11-13,Reparado,0,0,0.0,0,1
7401018,CVB45.BC,2020-11-17,Reparado / Garantía Lab,1,1,4.0,4,0
7401018,CVB45.BC,2022-08-09,Reparado / Garantía Lab,0,0,630.0,634,0
7401018,CVB45.BC,2023-02-15,Reparado / Garantía Lab,0,1,190.0,824,0
7401020,CVB45.BC,2023-05-22,Reparado,0,0,0.0,0,0
7401022,CVB45.BC,2022-06-07,POD Reparado,0,0,0.0,0,0
7401022,CVB45.BC,2024-05-31,POD Reparado,0,0,724.0,724,1
7401022,CVB45.BC,2024-06-14,Reparado / Garantía Lab,1,1,14.0,738,0
7401023,CVB45.BC,2024-08-05,Reparado,0,0,0.0,0,0
7401023,CVB45.BC,2025-05-19,POD Reparado,0,1,287.0,287,0
7401024,CVB45.BC,2020-09-11,Reparado,0,0,0.0,0,0
7401024,CVB45.BC,2020-12-18,Reparado,1,1,98.0,98,0
7401024,CVB45.BC,2024-11-07,Reparado / Garantía Lab,0,0,1420.0,1518,0
7401025,CVB45.BC,2024-05-10,Reparado,0,0,0.0,0,0
7401027,CVB45.BC,2022-09-30,Reparado,0,0,0.0,0,0
7401027,CVB45.BC,2025-07-14,POD Reparado,0,0,1018.0,1018,0
7401028,CVB45.BC,2021-02-06,POD,0,0,0.0,0,0
7401028,CVB45.BC,2024-06-26,POD Reparado,0,0,1236.0,1236,1
7401028,CVB45.BC,2024-07-02,Reparado / Garantía Lab,1,1,6.0,1242,1
7401028,CVB45.BC,2024-07-05,Reparado / Garantía Lab,2,2,3.0,1245,0
7401028,CVB45.BC,2024-08-08,Reparado / Garantía Lab,3,3,34.0,1279,0
7401028,CVB45.BC,2024-11-25,Reparado / Garantía Lab,4,4,109.0,1388,1
7401028,CVB45.BC,2024-11-28,Reparado / Garantía Lab,5,5,3.0,1391,0
7401028,CVB45.BC,2025-04-17,Reparado / Garantía Lab,2,6,140.0,1531,1
7401028,CVB45.BC,2025-04-23,Reparado,3,7,6.0,1537,0
7401029,CVB45.BC,2023-05-30,Reparado,0,0,0.0,0,0
7401030,CVB45.BC,2021-05-15,Reparado,0,0,0.0,0,0
7401031,CVB45.BC,2022-05-30,Reparado,0,0,0.0,0,0
7401032,CVB45.BC,2021-04-06,Reparado,0,0,0.0,0,0
7401032,CVB45.BC,2021-08-05,Reparado / Garantía Lab,1,1,121.0,121,0
7401033,CVB45.BC,2021-12-27,Reparado,0,0,0.0,0,0
7401033,CVB45.BC,2022-08-11,Reparado / Garantía Lab,0,1,227.0,227,0
7401034,CVB45.BC,2021-12-21,Reparado,0,0,0.0,0,0
7401034,CVB45.BC,2022-05-11,Reparado,1,1,141.0,141,0
7401034,CVB45.BC,2025-07-14,POD Reparado,0,0,1160.0,1301,0
7401035,CVB45.BC,2022-07-18,Reparado,0,0,0.0,0,0
7401037,CVB45.BC,2023-09-26,Reparado,0,0,0.0,0,0
7401037,CVB45.BC,2025-05-28,Reparado / Garantía Lab,0,0,610.0,610,0
7401038,CVB45.BC,2021-06-07,Reparado,0,0,0.0,0,0
7401040,CVB45.BC,2020-09-10,Reparado,0,0,0.0,0,0
7401040,CVB45.BC,2025-07-14,POD Reparado,0,0,1768.0,1768,1
7401040,CVB45.BC,2025-07-22,Reparado / Garantía Lab,1,1,8.0,1776,0
7401040,CVB45.BC,2025-09-11,Reparado / Garantía Lab,2,2,51.0,1827,1
7401040,CVB45.BC,2025-10-03,Reparado / Garantía Lab,3,3,22.0,1849,0
7401041,CVB45.BC,2022-03-31,Reparado,0,0,0.0,0,0
7401041,CVB45.BC,2022-12-16,Reparado / Garantía Lab,0,1,260.0,260,1
7401041,CVB45.BC,2022-12-28,Reparado,1,2,12.0,272,0
7401041,CVB45.BC,2023-02-28,Reparado / Garantía Lab,2,3,62.0,334,1
7401041,CVB45.BC,2023-03-22,Reparado / Garantía Lab,3,4,22.0,356,1
7401041,CVB45.BC,2023-03-28,Reparado / Garantía Lab,4,5,6.0,362,1
7401041,CVB45.BC,2023-04-06,Reparado,5,5,9.0,371,1
7401041,CVB45.BC,2023-04-26,Reparado,6,6,20.0,391,0
7401042,CVB45.BC,2024-02-28,Reparado,0,0,0.0,0,0
7401042,CVB45.BC,2025-01-14,POD Reparado,0,1,321.0,321,1
7401042,CVB45.BC,2025-01-20,Reparado / Garantía Lab,1,2,6.0,327,0
7401042,CVB45.BC,2025-02-28,Reparado / Garantía Lab,2,2,39.0,366,1
7401042,CVB45.BC,2025-03-04,Reparado / Garantía Lab,3,3,4.0,370,1
7401042,CVB45.BC,2025-03-07,Reparado / Garantía Lab,4,4,3.0,373,1
7401042,CVB45.BC,2025-03-18,Reparado / Garantía Lab,5,5,11.0,384,1
7401042,CVB45.BC,2025-03-21,Reparado / Garantía Lab,6,6,3.0,387,1
7401042,CVB45.BC,2025-03-25,Reparado / Garantía Lab,7,7,4.0,391,1
7401042,CVB45.BC,2025-03-27,Reparado / Garantía Lab,8,8,2.0,393,1
7401042,CVB45.BC,2025-04-01,Reparado / Garantía Lab,9,9,5.0,398,0
7401043,CVB45.BC,2021-03-22,Reparado / Garantía Lab,0,0,0.0,0,1
7401043,CVB45.BC,2021-04-01,Reparado,1,1,10.0,10,0
7401043,CVB45.BC,2022-09-05,Reparado / Garantía Lab,0,0,522.0,532,0
7401044,CVB45.BC,2020-10-06,Reparado,0,0,0.0,0,0
7401044,CVB45.BC,2020-12-18,Reparado,1,1,73.0,73,0
7401044,CVB45.BC,2021-10-20,Reparado / Garantía Lab,0,1,306.0,379,0
7401045,CVB45.BC,2021-01-26,Reparado,0,0,0.0,0,1
7401045,CVB45.BC,2021-02-03,Reparado / Garantía Lab,1,1,8.0,8,0
7401045,CVB45.BC,2022-12-12,Reparado / Garantía Lab,0,0,677.0,685,0
7401045,CVB45.BC,2025-03-27,Reparado / Garantía Lab,0,0,836.0,1521,0
7401046,CVB45.BC,2021-08-19,POD Reparado,0,0,0.0,0,0
7401046,CVB45.BC,2025-05-19,Reparado,0,0,1369.0,1369,1
7401046,CVB45.BC,2025-05-30,Reparado / Garantía Lab,1,1,11.0,1380,0
7401047,CVB45.BC,2021-03-15,Reparado,0,0,0.0,0,0
7401047,CVB45.BC,2022-06-13,Reparado / Garantía Lab,0,0,455.0,455,0
7401048,CVB45.BC,2021-02-16,Reparado,0,0,0.0,0,0
7401048,CVB45.BC,2021-04-16,Reparado / Garantía Lab,1,1,59.0,59,0
7401049,CVB45.BC,2024-05-17,Reparado,0,0,0.0,0,0
7401050,CVB45.BC,2021-02-11,Reparado,0,0,0.0,0,0
7401050,CVB45.BC,2021-06-30,Reparado,1,1,139.0,139,0
7401051,CVB45.BC,2021-10-04,Reparado,0,0,0.0,0,0
7401051,CVB45.BC,2022-08-04,Reparado / Garantía Lab,0,1,304.0,304,0
7401052,CVB45.BC,2020-12-03,Reparado,0,0,0.0,0,0
7401052,CVB45.BC,2021-01-29,Reparado / Garantía Lab,1,1,57.0,57,0
7401055,CVB45.BC,2023-05-04,Reparado,0,0,0.0,0,0
7401056,CVB45.BC,2022-08-31,Reparado,0,0,0.0,0,0
7401057,CVB45.BC,2021-12-28,Reparado,0,0,0.0,0,0
7401057,CVB45.BC,2022-09-01,Reparado / Garantía Lab,0,1,247.0,247,0
7401058,CVB45.BC,2024-09-09,Reparado,0,0,0.0,0,0
7401059,CVB45.BC,2022-09-10,POD Reparado,0,0,0.0,0,0
7401059,CVB45.BC,2022-11-07,Reparado / Garantía Lab,1,1,58.0,58,1
7401059,CVB45.BC,2022-11-15,Reparado / Garantía Lab,2,2,8.0,66,1
7401059,CVB45.BC,2022-11-16,Reparado / Garantía Lab,3,3,1.0,67,0
7401059,CVB45.BC,2025-03-12,Reparado / Garantía Lab,0,0,847.0,914,0
7401064,CVB45.BC,2022-07-27,Reparado,0,0,0.0,0,0
7401064,CVB45.BC,2023-05-25,Reparado / Garantía Lab,0,1,302.0,302,0
7401065,CVB45.BC,2022-06-07,Reparado,0,0,0.0,0,0
7401066,CVB45.BC,2021-10-04,Reparado,0,0,0.0,0,0
7401066,CVB45.BC,2022-12-29,POD Reparado,0,0,451.0,451,0
7401067,CVB45.BC,2021-02-11,Reparado,0,0,0.0,0,0
7401067,CVB45.BC,2022-06-10,Reparado / Garantía Lab,0,0,484.0,484,0
7401067,CVB45.BC,2023-12-21,POD Reparado,0,0,559.0,1043,1
7401067,CVB45.BC,2024-01-14,Reparado / Garantía Lab,1,1,24.0,1067,0
7401069,CVB45.BC,2020-11-19,Reparado,0,0,0.0,0,1
7401069,CVB45.BC,2020-11-20,Reparado / Garantía Lab,1,1,1.0,1,0
7401069,CVB45.BC,2021-01-12,Reparado / Garantía Lab,2,2,53.0,54,1
7401069,CVB45.BC,2021-01-18,Reparado / Garantía Lab,3,3,6.0,60,1
7401069,CVB45.BC,2021-01-20,Reparado / Garantía Lab,4,4,2.0,62,1
7401069,CVB45.BC,2021-02-08,Reparado / Garantía Lab,5,5,19.0,81,0
7401069,CVB45.BC,2022-01-12,Reparado / Garantía Lab,0,4,338.0,419,0
7401069,CVB45.BC,2022-08-01,Reparado / Garantía Lab,0,1,201.0,620,0
7401070,CVB45.BC,2021-02-01,Reparado,0,0,0.0,0,0
7401070,CVB45.BC,2025-08-04,POD Reparado,0,0,1645.0,1645,0
7401071,CVB45.BC,2021-02-26,Reparado,0,0,0.0,0,0
7401072,CVB45.BC,2025-11-26,Reparado / Garantía Lab,0,0,0.0,0,1
7401072,CVB45.BC,2025-12-01,Reparado / Garantía Lab,1,1,5.0,5,1
7401072,CVB45.BC,2025-12-04,Proceso,2,2,3.0,8,0
7401073,CVB45.BC,2025-07-08,Reparado,0,0,0.0,0,0
7401073,CVB45.BC,2025-08-27,Reparado / Garantía Lab,1,1,50.0,50,0
7401074,CVB45.BC,2021-12-23,Reparado,0,0,0.0,0,0
7401074,CVB45.BC,2024-03-04,Reparado / Garantía Lab,0,0,802.0,802,1
7401074,CVB45.BC,2024-03-18,Reparado / Garantía Lab,1,1,14.0,816,0
7401074,CVB45.BC,2024-05-06,Reparado / Garantía Lab,2,2,49.0,865,1
7401074,CVB45.BC,2024-05-27,Reparado / Garantía Lab,3,3,21.0,886,0
7401074,CVB45.BC,2024-12-09,Reparado / Garantía Lab,0,4,196.0,1082,1
7401074,CVB45.BC,2024-12-12,Reparado / Garantía Lab,1,5,3.0,1085,0
7401074,CVB45.BC,2025-01-31,Reparado / Garantía Lab,2,6,50.0,1135,1
7401074,CVB45.BC,2025-02-05,Reparado / Garantía Lab,3,7,5.0,1140,0
7401074,CVB45.BC,2025-07-14,Reparado / Garantía Lab,2,4,159.0,1299,0
7401075,CVB45.BC,2020-11-09,Reparado,0,0,0.0,0,1
7401075,CVB45.BC,2020-11-13,Reparado,1,1,4.0,4,0
7401075,CVB45.BC,2020-12-21,Reparado,2,2,38.0,42,0
7401075,CVB45.BC,2022-05-05,Reparado,0,0,500.0,542,0
7401075,CVB45.BC,2024-09-03,Reparado / Garantía Lab,0,0,852.0,1394,0
7401075,CVB45.BC,2025-05-12,POD Reparado,0,1,251.0,1645,0
7401077,CVB45.BC,2021-12-28,Reparado,0,0,0.0,0,1
7401077,CVB45.BC,2022-01-06,Reparado / Garantía Lab,1,1,9.0,9,0
7401079,CVB45.BC,2021-02-02,Reparado,0,0,0.0,0,0
7401079,CVB45.BC,2022-09-30,Reparado / Garantía Lab,0,0,605.0,605,0
7401080,CVB45.BC,2021-01-21,Reparado,0,0,0.0,0,1
7401080,CVB45.BC,2021-02-03,Reparado / Garantía Lab,1,1,13.0,13,0
7401080,CVB45.BC,2022-03-15,Reparado / Garantía Lab,0,0,405.0,418,0
7401082,CVB45.BC,2023-09-10,Reparado,0,0,0.0,0,0
7401084,CVB45.BC,2021-06-07,Reparado,0,0,0.0,0,0
7401084,CVB45.BC,2025-05-12,Reparado / Garantía Lab,0,0,1435.0,1435,1
7401084,CVB45.BC,2025-06-04,Reparado / Garantía Lab,1,1,23.0,1458,0
7401084,CVB45.BC,2025-08-04,Reparado / Garantía Lab,2,2,61.0,1519,0
7401086,CVB45.BC,2022-06-10,Reparado,0,0,0.0,0,0
7401088,CVB45.BC,2021-12-27,Reparado,0,0,0.0,0,0
7401088,CVB45.BC,2022-03-31,Reparado / Garantía Lab,1,1,94.0,94,0
7401088,CVB45.BC,2022-05-02,Reparado / Garantía Lab,2,2,32.0,126,0
7401090,CVB45.BC,2022-01-24,Reparado,0,0,0.0,0,0
7401090,CVB45.BC,2025-01-21,Reparado / Garantía Lab,0,0,1093.0,1093,0
7401091,CVB45.BC,2022-08-31,POD Reparado,0,0,0.0,0,0
7401092,CVB45.BC,2023-10-16,Reparado,0,0,0.0,0,0
7401094,CVB45.BC,2021-10-04,Reparado,0,0,0.0,0,0
7401096,CVB45.BC,2023-10-27,Reparado,0,0,0.0,0,0
7401097,CVB45.BC,2022-01-27,Reparado,0,0,0.0,0,1
7401097,CVB45.BC,2022-02-02,Reparado / Garantía Lab,1,1,6.0,6,0
7401098,CVB45.BC,2025-03-11,POD Reparado,0,0,0.0,0,0
7401099,CVB45.BC,2022-01-24,Reparado,0,0,0.0,0,0
7401100,CVB45.BC,2025-12-05,Proceso,0,0,0.0,0,0
7401101,CVB45.BC,2021-02-03,Reparado,0,0,0.0,0,0
7401101,CVB45.BC,2022-05-18,Reparado,0,0,469.0,469,0
7401101,CVB45.BC,2023-01-09,Reparado / Garantía Lab,0,1,236.0,705,0
7401101,CVB45.BC,2023-11-27,POD Reparado,0,1,322.0,1027,0
7401101,CVB45.BC,2024-01-22,Reparado / Garantía Lab,1,1,56.0,1083,1
7401101,CVB45.BC,2024-01-26,Reparado / Garantía Lab,2,2,4.0,1087,0
7401102,CVB45.BC,2022-08-04,Reparado,0,0,0.0,0,0
7401102,CVB45.BC,2022-10-05,Reparado / Garantía Lab,1,1,62.0,62,0
7401103,CVB45.BC,2022-10-29,Reparado,0,0,0.0,0,1
7401103,CVB45.BC,2022-11-23,Reparado / Garantía Lab,1,1,25.0,25,1
7401103,CVB45.BC,2022-12-09,Reparado / Garantía Lab,2,2,16.0,41,0
7401104,CVB45.BC,2023-09-07,Reparado,0,0,0.0,0,0
7401106,CVB45.BC,2021-01-26,Reparado,0,0,0.0,0,0
7401108,CVB45.BC,2020-11-04,Reparado,0,0,0.0,0,0
7401108,CVB45.BC,2021-11-17,Reparado / Garantía Lab,0,0,378.0,378,0
7401110,CVB45.BC,2022-12-15,Reparado,0,0,0.0,0,0
7401111,CVB45.BC,2021-06-24,POD,0,0,0.0,0,0
7401111,CVB45.BC,2021-06-24,POD Reparado,0,0,0.0,0,0
7401111,CVB45.BC,2021-11-23,Reparado / Garantía Lab,2,2,152.0,152,0
7401114,CVB45.BC,2021-03-01,Reparado,0,0,0.0,0,0
7401115,CVB45.BC,2021-03-03,POD,0,0,0.0,0,0
7401115,CVB45.BC,2021-03-03,POD Reparado,0,0,0.0,0,0
7401115,CVB45.BC,2023-03-29,Reparado,0,0,756.0,756,0
7401116,CVB45.BC,2022-12-29,Reparado,0,0,0.0,0,0
7401116,CVB45.BC,2024-01-30,Reparado / Garantía Lab,0,0,397.0,397,0
7401116,CVB45.BC,2024-06-12,POD Reparado,1,1,134.0,531,0
7401116,CVB45.BC,2024-10-24,POD Reparado,1,2,134.0,665,0
7401118,CVB45.BC,2022-06-07,Reparado,0,0,0.0,0,0
7401118,CVB45.BC,2022-09-05,POD Reparado,1,1,90.0,90,0
7401120,CVB45.BC,2022-03-09,Reparado,0,0,0.0,0,0
7401120,CVB45.BC,2025-08-11,Reparado / Garantía Lab,0,0,1251.0,1251,0
7401121,CVB45.BC,2022-04-04,Reparado,0,0,0.0,0,1
7401121,CVB45.BC,2022-04-30,Reparado / Garantía Lab,1,1,26.0,26,0
7401123,CVB45.BC,2021-11-24,Reparado,0,0,0.0,0,0
7401124,CVB45.BC,2022-01-14,Reparado,0,0,0.0,0,0
7401126,CVB45.BC,2021-05-12,POD,0,0,0.0,0,0
7401127,CVB45.BC,2021-03-05,Reparado,0,0,0.0,0,1
7401127,CVB45.BC,2021-03-16,Reparado / Garantía Lab,1,1,11.0,11,1
7401127,CVB45.BC,2021-03-23,Reparado / Garantía Lab,2,2,7.0,18,1
7401127,CVB45.BC,2021-04-16,Reparado / Garantía Lab,3,3,24.0,42,1
7401127,CVB45.BC,2021-04-22,Reparado / Garantía Lab,4,4,6.0,48,1
7401127,CVB45.BC,2021-04-27,Reparado / Garantía Lab,5,5,5.0,53,1
7401127,CVB45.BC,2021-04-30,Reparado / Garantía Lab,6,6,3.0,56,1
7401127,CVB45.BC,2021-05-04,Reparado / Garantía Lab,7,7,4.0,60,0
7401127,CVB45.BC,2022-05-19,Reparado / Garantía Lab,0,0,380.0,440,0
7401127,CVB45.BC,2023-03-20,Reparado / Garantía Lab,0,1,305.0,745,0
7401127,CVB45.BC,2024-02-29,Reparado / Garantía Lab,0,1,346.0,1091,0
7401127,CVB45.BC,2024-04-30,Reparado / Garantía Lab,1,1,61.0,1152,0
7401127,CVB45.BC,2024-08-05,Reparado / Garantía Lab,2,2,97.0,1249,0
7401127,CVB45.BC,2024-09-16,Reparado / Garantía Lab,2,3,42.0,1291,0
7401129,CVB45.BC,2024-06-01,Reparado,0,0,0.0,0,0
7401131,CVB45.BC,2021-03-03,Reparado,0,0,0.0,0,0
7401131,CVB45.BC,2022-12-21,Reparado / Garantía Lab,0,0,658.0,658,0
7401132,CVB45.BC,2020-12-04,Reparado,0,0,0.0,0,1
7401132,CVB45.BC,2020-12-09,Reparado,1,1,5.0,5,0
7401132,CVB45.BC,2021-01-11,Reparado / Garantía Lab,2,2,33.0,38,1
7401132,CVB45.BC,2021-01-18,Reparado / Garantía Lab,3,3,7.0,45,1
7401132,CVB45.BC,2021-01-21,Reparado / Garantía Lab,4,4,3.0,48,0
7401132,CVB45.BC,2021-07-21,Reparado / Garantía Lab,0,5,181.0,229,0
7401132,CVB45.BC,2022-06-01,Reparado / Garantía Lab,0,1,315.0,544,0
7401132,CVB45.BC,2023-10-14,Reparado / Garantía Lab,0,0,500.0,1044,0
7401133,CVB45.BC,2025-01-21,POD Reparado,0,0,0.0,0,0
7401134,CVB45.BC,2021-02-04,Reparado,0,0,0.0,0,0
7401134,CVB45.BC,2022-08-30,Reparado / Garantía Lab,0,0,572.0,572,0
7401134,CVB45.BC,2022-10-20,POD Reparado,1,1,51.0,623,1
7401134,CVB45.BC,2022-11-07,POD Reparado,2,2,18.0,641,0
7401134,CVB45.BC,2023-09-21,Reparado / Garantía Lab,0,2,318.0,959,0
7401134,CVB45.BC,2024-07-09,Reparado / Garantía Lab,0,1,292.0,1251,1
7401134,CVB45.BC,2024-07-17,Reparado / Garantía Lab,1,2,8.0,1259,0
7401135,CVB45.BC,2021-01-21,Reparado,0,0,0.0,0,0
7401135,CVB45.BC,2021-03-05,Reparado / Garantía Lab,1,1,43.0,43,0
7401135,CVB45.BC,2022-06-03,Reparado / Garantía Lab,0,0,455.0,498,0
7401136,CVB45.BC,2024-09-13,Reparado,0,0,0.0,0,0
7401136,CVB45.BC,2025-07-09,Reparado / Garantía Lab,0,1,299.0,299,0
7401137,CVB45.BC,2022-07-20,Reparado,0,0,0.0,0,1
7401137,CVB45.BC,2022-08-01,Reparado / Garantía Lab,1,1,12.0,12,0
7401138,CVB45.BC,2021-03-30,Reparado,0,0,0.0,0,0
7401138,CVB45.BC,2022-07-20,Reparado / Garantía Lab,0,0,477.0,477,0
7401139,CVB45.BC,2021-02-16,Reparado,0,0,0.0,0,0
7401139,CVB45.BC,2024-11-19,Reparado / Garantía Lab,0,0,1372.0,1372,0
7401139,CVB45.BC,2025-06-12,Reparado / Garantía Lab,0,1,205.0,1577,0
7401140,CVB45.BC,2022-09-14,POD Reparado,0,0,0.0,0,0
7401142,CVB45.BC,2022-12-16,Reparado,0,0,0.0,0,0
7401142,CVB45.BC,2023-05-18,POD Reparado,1,1,153.0,153,0
7401142,CVB45.BC,2024-01-22,Reparado / Garantía Lab,0,1,249.0,402,0
7401143,CVB45.BC,2021-04-24,Reparado,0,0,0.0,0,0
7401143,CVB45.BC,2023-10-24,Reparado / Garantía Lab,0,0,913.0,913,0
7401144,CVB45.BC,2021-01-18,Reparado,0,0,0.0,0,0
7401144,CVB45.BC,2021-08-31,Reparado / Garantía Lab,0,1,225.0,225,0
7401146,CVB45.BC,2024-03-07,Reparado,0,0,0.0,0,0
7401148,CVB45.BC,2024-01-15,Reparado,0,0,0.0,0,0
7401149,CVB45.BC,2021-02-02,Reparado,0,0,0.0,0,0
7401149,CVB45.BC,2022-10-20,Reparado / Garantía Lab,0,0,625.0,625,1
7401149,CVB45.BC,2022-11-07,Reparado / Garantía Lab,1,1,18.0,643,1
7401149,CVB45.BC,2022-11-10,Reparado / Garantía Lab,2,2,3.0,646,1
7401149,CVB45.BC,2022-11-14,Reparado / Garantía Lab,3,3,4.0,650,1
7401149,CVB45.BC,2022-11-16,Reparado / Garantía Lab,4,4,2.0,652,0
7401150,CVB45.BC,2022-06-07,Reparado,0,0,0.0,0,0
7401151,CVB45.BC,2021-02-03,Reparado,0,0,0.0,0,0
7401151,CVB45.BC,2023-04-10,Reparado / Garantía Lab,0,0,796.0,796,0
7401152,CVB45.BC,2021-01-06,Reparado,0,0,0.0,0,0
7401152,CVB45.BC,2022-06-15,Reparado / Garantía Lab,0,0,525.0,525,0
7401152,CVB45.BC,2025-08-14,Reparado / Garantía Lab,0,0,1156.0,1681,0
7401155,CVB45.BC,2021-08-11,POD,0,0,0.0,0,0
7401155,CVB45.BC,2021-08-11,POD Reparado,0,0,0.0,0,0
7401159,CVB45.BC,2021-03-30,Reparado,0,0,0.0,0,0
7401159,CVB45.BC,2024-04-18,Reparado / Garantía Lab,0,0,1115.0,1115,0
7401160,CVB45.BC,2021-12-28,Reparado,0,0,0.0,0,0
7401160,CVB45.BC,2025-08-05,Reparado / Garantía Lab,0,0,1316.0,1316,0
7401161,CVB45.BC,2020-11-27,Reparado,0,0,0.0,0,0
7401161,CVB45.BC,2021-10-01,Reparado / Garantía Lab,0,1,308.0,308,0
7401161,CVB45.BC,2022-07-22,Reparado / Garantía Lab,0,1,294.0,602,0
7401161,CVB45.BC,2023-02-15,Reparado / Garantía Lab,0,1,208.0,810,0
7401161,CVB45.BC,2023-03-29,Reparado / Garantía Lab,1,2,42.0,852,0
7401161,CVB45.BC,2023-08-03,Reparado / Garantía Lab,2,2,127.0,979,0
7401161,CVB45.BC,2024-03-05,Reparado / Garantía Lab,0,2,215.0,1194,1
7401161,CVB45.BC,2024-03-14,Reparado / Garantía Lab,1,3,9.0,1203,0
7401161,CVB45.BC,2024-04-16,Reparado / Garantía Lab,2,3,33.0,1236,0
7401162,CVB45.BC,2021-01-27,Reparado,0,0,0.0,0,0
7401162,CVB45.BC,2023-06-09,POD Reparado,0,0,863.0,863,0
7401163,CVB45.BC,2023-07-11,Reparado,0,0,0.0,0,0
7401163,CVB45.BC,2025-08-21,Reparado / Garantía Lab,0,0,772.0,772,0
7401164,CVB45.BC,2022-06-10,Reparado,0,0,0.0,0,0
7401165,CVB45.BC,2023-10-14,Reparado,0,0,0.0,0,0
7401165,CVB45.BC,2024-10-01,Reparado / Garantía Lab,0,1,353.0,353,0
7401166,CVB45.BC,2021-12-21,Reparado,0,0,0.0,0,0
7401167,CVB45.BC,2022-07-29,Reparado,0,0,0.0,0,0
7401168,CVB45.BC,2021-02-09,Reparado,0,0,0.0,0,0
7401168,CVB45.BC,2022-08-23,Reparado / Garantía Lab,0,0,560.0,560,0
7401171,CVB45.BC,2022-07-20,Reparado,0,0,0.0,0,0
7401171,CVB45.BC,2022-12-14,Reparado / Garantía Lab,1,1,147.0,147,0
7401171,CVB45.BC,2024-01-17,POD Reparado,0,0,399.0,546,0
7401171,CVB45.BC,2024-04-09,Reparado / Garantía Lab,1,1,83.0,629,0
7401172,CVB45.BC,2024-07-17,Reparado,0,0,0.0,0,0
7401172,CVB45.BC,2025-12-05,Proceso,0,0,506.0,506,0
7401173,CVB45.BC,2021-09-08,Reparado,0,0,0.0,0,0
7401174,CVB45.BC,2021-12-27,Reparado,0,0,0.0,0,0
7401174,CVB45.BC,2022-08-11,Reparado / Garantía Lab,0,1,227.0,227,0
7401176,CVB45.BC,2021-01-26,Reparado,0,0,0.0,0,1
7401176,CVB45.BC,2021-02-03,Reparado / Garantía Lab,1,1,8.0,8,0
7401177,CVB45.BC,2024-08-23,Reparado,0,0,0.0,0,0
7401177,CVB45.BC,2025-02-26,Reparado / Garantía Lab,0,1,187.0,187,0
7401178,CVB45.BC,2023-05-29,Reparado,0,0,0.0,0,0
7401178,CVB45.BC,2025-09-26,Reparado / Garantía Lab,0,0,851.0,851,1
7401178,CVB45.BC,2025-10-01,Reparado / Garantía Lab,1,1,5.0,856,0
7401180,CVB45.BC,2020-12-01,Reparado,0,0,0.0,0,0
7401180,CVB45.BC,2021-06-16,POD,0,1,197.0,197,0
7401180,CVB45.BC,2021-06-16,Reparado / Garantía Lab,0,1,197.0,197,0
7401180,CVB45.BC,2021-12-29,Reparado / Garantía Lab,0,2,196.0,393,0
7401182,CVB45.BC,2023-08-31,Reparado,0,0,0.0,0,0
7401182,CVB45.BC,2025-08-13,Reparado / Garantía Lab,0,0,713.0,713,1
7401182,CVB45.BC,2025-08-19,Reparado / Garantía Lab,1,1,6.0,719,0
7401183,CVB45.BC,2022-06-06,Reparado,0,0,0.0,0,0
7401183,CVB45.BC,2023-05-25,POD Reparado,0,1,353.0,353,0
7401185,CVB45.BC,2022-12-19,Reparado,0,0,0.0,0,0
7401185,CVB45.BC,2025-04-07,POD Reparado,0,0,840.0,840,0
7401188,CVB45.BC,2020-05-05,Reparado,0,0,0.0,0,0
7401188,CVB45.BC,2023-10-21,Reparado / Garantía Lab,0,0,1264.0,1264,0
7401188,CVB45.BC,2024-01-26,Reparado / Garantía Lab,1,1,97.0,1361,0
7401189,CVB45.BC,2023-07-24,Reparado / Garantía Lab,0,0,0.0,0,1
7401189,CVB45.BC,2023-08-10,Reparado / Garantía Lab,1,1,17.0,17,0
7401190,CVB45.BC,2022-07-18,Reparado,0,0,0.0,0,0
7401191,CVB45.BC,2022-06-10,Reparado,0,0,0.0,0,0
7401191,CVB45.BC,2022-09-05,POD Reparado,1,1,87.0,87,1
7401191,CVB45.BC,2022-09-22,Reparado / Garantía Lab,2,2,17.0,104,0
7401193,CVB45.BC,2021-03-10,Reparado / Garantía Lab,0,0,0.0,0,1
7401193,CVB45.BC,2021-04-01,Reparado,1,1,22.0,22,0
7401193,CVB45.BC,2023-01-03,POD Reparado,0,0,642.0,664,0
7401193,CVB45.BC,2025-02-07,Reparado / Garantía Lab,0,0,766.0,1430,0
7401194,CVB45.BC,2021-12-23,Reparado,0,0,0.0,0,0
7401197,CVB45.BC,2022-08-19,Reparado,0,0,0.0,0,0
7401198,CVB45.BC,2021-02-02,Reparado,0,0,0.0,0,1
7401198,CVB45.BC,2021-02-04,Reparado,1,1,2.0,2,0
7401198,CVB45.BC,2023-01-09,Reparado / Garantía Lab,0,0,704.0,706,0
7401199,CVB45.BC,2021-12-21,Reparado,0,0,0.0,0,0
7401199,CVB45.BC,2023-03-28,Reparado / Garantía Lab,0,0,462.0,462,0
7401200,CVB45.BC,2021-02-03,Reparado,0,0,0.0,0,0
7401200,CVB45.BC,2022-08-03,Reparado / Garantía Lab,0,0,546.0,546,0
7401200,CVB45.BC,2022-09-30,Reparado / Garantía Lab,1,1,58.0,604,0
7401200,CVB45.BC,2023-05-15,Reparado,0,2,227.0,831,1
7401200,CVB45.BC,2023-05-19,Reparado / Garantía Lab,1,3,4.0,835,0
7401200,CVB45.BC,2025-07-01,POD Reparado,0,0,774.0,1609,0
7401201,CVB45.BC,2021-02-11,Reparado,0,0,0.0,0,0
7401202,CVB45.BC,2021-01-22,Reparado,0,0,0.0,0,0
7401202,CVB45.BC,2022-06-06,POD Reparado,0,0,500.0,500,0
7401203,CVB45.BC,2022-05-25,Reparado,0,0,0.0,0,0
7401203,CVB45.BC,2025-11-21,Reparado / Garantía Lab,0,0,1276.0,1276,0
7401204,CVB45.BC,2022-03-13,Reparado / Garantía Lab,0,0,0.0,0,1
7401204,CVB45.BC,2022-03-31,Reparado,1,1,18.0,18,0
7401204,CVB45.BC,2024-12-09,Reparado / Garantía Lab,0,0,984.0,1002,1
7401204,CVB45.BC,2024-12-13,Reparado / Garantía Lab,1,1,4.0,1006,1
7401204,CVB45.BC,2024-12-18,Reparado / Garantía Lab,2,2,5.0,1011,1
7401204,CVB45.BC,2025-01-10,Reparado / Garantía Lab,3,3,23.0,1034,1
7401204,CVB45.BC,2025-01-15,Reparado / Garantía Lab,4,4,5.0,1039,1
7401204,CVB45.BC,2025-01-22,Reparado / Garantía Lab,5,5,7.0,1046,1
7401204,CVB45.BC,2025-01-28,Reparado / Garantía Lab,6,6,6.0,1052,1
7401204,CVB45.BC,2025-01-31,Reparado / Garantía Lab,7,7,3.0,1055,0
7401205,CVB45.BC,2022-06-10,Reparado,0,0,0.0,0,0
7401205,CVB45.BC,2022-11-28,Reparado,1,1,171.0,171,0
7401205,CVB45.BC,2024-03-05,Reparado / Garantía Lab,0,0,463.0,634,0
7401208,CVB45.BC,2020-12-03,Reparado,0,0,0.0,0,0
7401208,CVB45.BC,2021-01-29,Reparado,1,1,57.0,57,0
7401208,CVB45.BC,2023-03-16,Reparado / Garantía Lab,0,0,776.0,833,1
7401208,CVB45.BC,2023-04-04,Reparado,1,1,19.0,852,0
7401209,CVB45.BC,2024-01-22,Reparado,0,0,0.0,0,0
7401210,CVB45.BC,2021-02-12,Reparado,0,0,0.0,0,0
7401210,CVB45.BC,2022-12-21,Reparado / Garantía Lab,0,0,677.0,677,0
7401211,CVB45.BC,2023-09-22,Reparado / Garantía Lab,0,0,0.0,0,0
7401211,CVB45.BC,2023-12-04,Reparado / Garantía Lab,1,1,73.0,73,0
7401211,CVB45.BC,2024-11-08,POD Reparado,0,1,340.0,413,0
7401213,CVB45.BC,2023-05-19,Reparado,0,0,0.0,0,0
7401214,CVB45.BC,2021-05-10,Reparado,0,0,0.0,0,0
7401214,CVB45.BC,2021-07-27,Reparado / Garantía Lab,1,1,78.0,78,0
7401215,CVB45.BC,2021-06-09,Reparado,0,0,0.0,0,0
7401216,CVB45.BC,2021-09-22,Reparado,0,0,0.0,0,0
7401216,CVB45.BC,2021-12-02,Reparado / Garantía Lab,1,1,71.0,71,0
7401216,CVB45.BC,2024-06-01,Reparado / Garantía Lab,0,0,912.0,983,0
7401217,CVB45.BC,2025-02-12,Reparado / Garantía Lab,0,0,0.0,0,1
7401217,CVB45.BC,2025-02-17,Reparado / Garantía Lab,1,1,5.0,5,0
7401218,CVB45.BC,2021-03-01,Reparado,0,0,0.0,0,0
7401218,CVB45.BC,2022-05-18,Reparado / Garantía Lab,0,0,443.0,443,1
7401218,CVB45.BC,2022-05-19,Reparado / Garantía Lab,1,1,1.0,444,0
7401218,CVB45.BC,2022-08-04,Reparado / Garantía Lab,2,2,77.0,521,1
7401218,CVB45.BC,2022-08-19,Reparado / Garantía Lab,3,3,15.0,536,0
7401218,CVB45.BC,2023-03-16,Reparado / Garantía Lab,0,4,209.0,745,0
7401219,CVB45.BC,2021-12-21,Reparado,0,0,0.0,0,0
7401219,CVB45.BC,2022-03-26,Reparado / Garantía Lab,1,1,95.0,95,0
7401221,CVB45.BC,2022-08-30,POD Reparado,0,0,0.0,0,0
7401222,CVB45.BC,2022-12-16,Reparado,0,0,0.0,0,0
7401223,CVB45.BC,2021-02-26,Reparado,0,0,0.0,0,0
7401223,CVB45.BC,2022-06-24,Reparado / Garantía Lab,0,0,483.0,483,0
7401223,CVB45.BC,2024-10-18,Reparado,0,0,847.0,1330,0
7401223,CVB45.BC,2025-09-16,Reparado / Garantía Lab,0,1,333.0,1663,0
7401224,CVB45.BC,2024-02-09,POD Reparado,0,0,0.0,0,1
7401224,CVB45.BC,2024-02-09,Reparado / Garantía Lab,0,0,0.0,0,1
7401224,CVB45.BC,2024-02-14,Reparado / Garantía Lab,2,2,5.0,5,0
7401224,CVB45.BC,2024-11-25,Reparado / Garantía Lab,0,3,285.0,290,1
7401224,CVB45.BC,2024-11-28,Reparado / Garantía Lab,1,4,3.0,293,0
7401224,CVB45.BC,2025-06-26,Reparado / Garantía Lab,0,2,210.0,503,0
7401225,CVB45.BC,2021-01-26,Reparado,0,0,0.0,0,0
7401225,CVB45.BC,2025-04-07,Reparado / Garantía Lab,0,0,1532.0,1532,1
7401225,CVB45.BC,2025-04-10,Reparado / Garantía Lab,1,1,3.0,1535,0
7401226,CVB45.BC,2021-02-25,Reparado,0,0,0.0,0,0
7401226,CVB45.BC,2022-12-19,Reparado / Garantía Lab,0,0,662.0,662,1
7401226,CVB45.BC,2022-12-26,Reparado / Garantía Lab,1,1,7.0,669,0
7401228,CVB45.BC,2021-06-30,Reparado,0,0,0.0,0,0
7401230,CVB45.BC,2021-10-04,POD Reparado,0,0,0.0,0,0
7401230,CVB45.BC,2025-02-18,Reparado / Garantía Lab,0,0,1233.0,1233,0
7401232,CVB45.BC,2023-04-05,POD Reparado,0,0,0.0,0,0
7401232,CVB45.BC,2024-03-14,Reparado / Garantía Lab,0,1,344.0,344,1
7401232,CVB45.BC,2024-04-03,Reparado / Garantía Lab,1,2,20.0,364,0
7401233,CVB45.BC,2021-03-02,Reparado,0,0,0.0,0,0
7401233,CVB45.BC,2022-04-27,Reparado / Garantía Lab,0,0,421.0,421,1
7401233,CVB45.BC,2022-05-24,Reparado / Garantía Lab,1,1,27.0,448,1
7401233,CVB45.BC,2022-05-31,Reparado / Garantía Lab,2,2,7.0,455,1
7401233,CVB45.BC,2022-06-06,Reparado / Garantía Lab,3,3,6.0,461,0
7401233,CVB45.BC,2022-08-03,Reparado / Garantía Lab,4,4,58.0,519,0
7401233,CVB45.BC,2022-11-28,Reparado / Garantía Lab,2,5,117.0,636,0
7401233,CVB45.BC,2023-04-03,Reparado / Garantía Lab,1,6,126.0,762,1
7401233,CVB45.BC,2023-04-20,Reparado / Garantía Lab,2,7,17.0,779,0
7401235,CVB45.BC,2021-10-22,Reparado,0,0,0.0,0,0
7401235,CVB45.BC,2022-08-19,Reparado / Garantía Lab,0,1,301.0,301,0
7401236,CVB45.BC,2021-03-01,Reparado,0,0,0.0,0,0
7401237,CVB45.BC,2021-02-09,Reparado,0,0,0.0,0,0
7401237,CVB45.BC,2024-01-05,POD Reparado,0,0,1060.0,1060,0
7401238,CVB45.BC,2022-12-19,Reparado,0,0,0.0,0,0
7401240,CVB45.BC,2021-01-26,Reparado,0,0,0.0,0,1
7401240,CVB45.BC,2021-02-03,Reparado / Garantía Lab,1,1,8.0,8,0
7401240,CVB45.BC,2022-10-05,POD Reparado,0,0,609.0,617,0
7401241,CVB45.BC,2024-07-08,Reparado,0,0,0.0,0,0
7401242,CVB45.BC,2021-02-15,Reparado,0,0,0.0,0,0
7401242,CVB45.BC,2022-10-28,Reparado / Garantía Lab,0,0,620.0,620,0
7401242,CVB45.BC,2025-02-26,Reparado / Garantía Lab,0,0,852.0,1472,0
7401243,CVB45.BC,2023-09-04,Reparado,0,0,0.0,0,0
7401243,CVB45.BC,2024-09-30,Reparado / Garantía Lab,0,0,392.0,392,0
7401244,CVB45.BC,2025-08-08,Reparado,0,0,0.0,0,1
7401244,CVB45.BC,2025-08-13,Reparado / Garantía Lab,1,1,5.0,5,0
7401245,CVB45.BC,2021-12-28,Reparado,0,0,0.0,0,0
7401245,CVB45.BC,2022-05-19,Reparado / Garantía Lab,1,1,142.0,142,0
7401246,CVB45.BC,2021-03-01,Reparado,0,0,0.0,0,0
7401246,CVB45.BC,2022-07-21,Reparado / Garantía Lab,0,0,507.0,507,0
7401247,CVB45.BC,2021-02-02,Reparado,0,0,0.0,0,0
7401247,CVB45.BC,2022-12-14,Reparado / Garantía Lab,0,0,680.0,680,0
7401247,CVB45.BC,2025-06-26,POD Reparado,0,0,925.0,1605,0
7401248,CVB45.BC,2021-12-21,Reparado,0,0,0.0,0,0
7401248,CVB45.BC,2022-10-05,POD Reparado,0,1,288.0,288,0
7401249,CVB45.BC,2021-02-01,Reparado,0,0,0.0,0,0
7401249,CVB45.BC,2022-07-20,Reparado / Garantía Lab,0,0,534.0,534,0
7401250,CVB45.BC,2021-01-22,Reparado,0,0,0.0,0,1
7401250,CVB45.BC,2021-02-03,Reparado / Garantía Lab,1,1,12.0,12,0
7401250,CVB45.BC,2022-11-03,Reparado,0,0,638.0,650,0
7401251,CVB45.BC,2022-12-23,Reparado,0,0,0.0,0,0
7401252,CVB45.BC,2024-09-30,Reparado,0,0,0.0,0,0
7401253,CVB45.BC,2021-08-04,POD Reparado,0,0,0.0,0,0
7401253,CVB45.BC,2022-08-10,Reparado / Garantía Lab,0,0,371.0,371,0
7401253,CVB45.BC,2023-04-19,Reparado / Garantía Lab,0,1,252.0,623,0
7401254,CVB45.BC,2025-07-14,POD Reparado,0,0,0.0,0,0
7401255,CVB45.BC,2025-10-22,PoD Pendiente,0,0,0.0,0,0
7401256,CVB45.BC,2024-04-16,Reparado,0,0,0.0,0,0
7401256,CVB45.BC,2025-01-31,Reparado / Garantía Lab,0,1,290.0,290,0
7401257,CVB45.BC,2024-04-09,Reparado,0,0,0.0,0,0
7401257,CVB45.BC,2025-01-10,POD Reparado,0,1,276.0,276,0
7401258,CVB45.BC,2020-10-29,Reparado,0,0,0.0,0,0
7401258,CVB45.BC,2020-12-18,Reparado,1,1,50.0,50,0
7401258,CVB45.BC,2022-06-07,Reparado / Garantía Lab,0,0,536.0,586,0
7401258,CVB45.BC,2023-05-02,Reparado,0,1,329.0,915,0
7401259,CVB45.BC,2022-01-25,Reparado,0,0,0.0,0,0
7401259,CVB45.BC,2022-08-26,POD Reparado,0,1,213.0,213,0
7401261,CVB45.BC,2022-09-23,Reparado,0,0,0.0,0,0
7401261,CVB45.BC,2025-03-24,POD Reparado,0,0,913.0,913,0
7401262,CVB45.BC,2024-08-08,POD Reparado,0,0,0.0,0,0
7401263,CVB45.BC,2023-11-28,POD Reparado,0,0,0.0,0,0
7401264,CVB45.BC,2022-12-21,Reparado,0,0,0.0,0,0
7401264,CVB45.BC,2025-01-31,Reparado / Garantía Lab,0,0,772.0,772,0
7401266,CVB45.BC,2024-02-21,POD Reparado,0,0,0.0,0,0
7401267,CVB45.BC,2022-07-20,Reparado,0,0,0.0,0,1
7401267,CVB45.BC,2022-07-26,Reparado / Garantía Lab,1,1,6.0,6,0
7401268,CVB45.BC,2022-02-07,Reparado,0,0,0.0,0,0
7401269,CVB45.BC,2023-06-03,Reparado,0,0,0.0,0,0
7401270,CVB45.BC,2021-01-21,Reparado,0,0,0.0,0,0
7401270,CVB45.BC,2022-11-03,Reparado,0,0,651.0,651,0
7401270,CVB45.BC,2024-01-24,Reparado / Garantía Lab,0,0,447.0,1098,1
7401270,CVB45.BC,2024-02-15,Reparado / Garantía Lab,1,1,22.0,1120,0
7401270,CVB45.BC,2024-11-25,Reparado / Garantía Lab,0,2,284.0,1404,1
7401270,CVB45.BC,2024-11-28,Reparado / Garantía Lab,1,3,3.0,1407,1
7401270,CVB45.BC,2024-12-16,Reparado / Garantía Lab,2,4,18.0,1425,1
7401270,CVB45.BC,2024-12-20,Reparado / Garantía Lab,3,5,4.0,1429,1
7401270,CVB45.BC,2025-01-07,Reparado / Garantía Lab,4,6,18.0,1447,1
7401270,CVB45.BC,2025-01-10,Reparado / Garantía Lab,5,7,3.0,1450,1
7401270,CVB45.BC,2025-01-22,Reparado / Garantía Lab,6,8,12.0,1462,1
7401270,CVB45.BC,2025-01-28,Reparado / Garantía Lab,7,8,6.0,1468,1
7401270,CVB45.BC,2025-01-31,Reparado / Garantía Lab,8,9,3.0,1471,0
7401270,CVB45.BC,2025-08-04,POD Reparado,0,9,185.0,1656,0
7401272,CVB45.BC,2020-05-05,Reparado,0,0,0.0,0,0
7401273,CVB45.BC,2021-02-17,Reparado,0,0,0.0,0,1
7401273,CVB45.BC,2021-03-11,Reparado / Garantía Lab,1,1,22.0,22,0
7401274,CVB45.BC,2021-09-23,Reparado,0,0,0.0,0,0
7401277,CVB45.BC,2020-09-01,Reparado,0,0,0.0,0,0
7401277,CVB45.BC,2020-12-04,Reparado,1,1,94.0,94,1
7401277,CVB45.BC,2020-12-23,Reparado,2,2,19.0,113,0
7401278,CVB45.BC,2022-09-02,Reparado,0,0,0.0,0,0
7401278,CVB45.BC,2025-07-07,Reparado / Garantía Lab,0,0,1039.0,1039,0
7401281,CVB45.BC,2020-09-22,Reparado,0,0,0.0,0,0
7401281,CVB45.BC,2021-01-15,Reparado / Garantía Lab,1,1,115.0,115,0
7401281,CVB45.BC,2021-02-24,Reparado / Garantía Lab,2,2,40.0,155,0
7401281,CVB45.BC,2021-04-07,Reparado / Garantía Lab,2,3,42.0,197,1
7401281,CVB45.BC,2021-04-29,Reparado / Garantía Lab,3,4,22.0,219,0
7401282,CVB45.BC,2021-04-23,Reparado,0,0,0.0,0,0
7401284,CVB45.BC,2021-12-14,POD Reparado,0,0,0.0,0,0
7401285,CVB45.BC,2020-11-27,Reparado,0,0,0.0,0,1
7401285,CVB45.BC,2020-12-09,Reparado,1,1,12.0,12,0
7401285,CVB45.BC,2021-12-29,Reparado / Garantía Lab,0,0,385.0,397,0
7401285,CVB45.BC,2025-10-22,Reparado / Garantía Lab,0,0,1393.0,1790,0
7401286,CVB45.BC,2021-01-21,Reparado,0,0,0.0,0,0
7401286,CVB45.BC,2022-08-31,POD Reparado,0,0,587.0,587,0
7401286,CVB45.BC,2024-12-20,Reparado / Garantía Lab,0,0,842.0,1429,0
7401286,CVB45.BC,2025-02-18,Reparado / Garantía Lab,1,1,60.0,1489,0
7401287,CVB45.BC,2021-06-30,Reparado,0,0,0.0,0,0
7401288,CVB45.BC,2024-08-05,POD Reparado,0,0,0.0,0,0
7401289,CVB45.BC,2021-12-21,Reparado,0,0,0.0,0,0
7401290,CVB45.BC,2021-12-23,Reparado,0,0,0.0,0,0
7401290,CVB45.BC,2022-04-08,POD Reparado,1,1,106.0,106,0
7401291,CVB45.BC,2022-04-04,Reparado,0,0,0.0,0,0
7401291,CVB45.BC,2022-05-26,Reparado / Garantía Lab,1,1,52.0,52,0
7401291,CVB45.BC,2025-05-12,Reparado / Garantía Lab,0,0,1082.0,1134,0
7401292,CVB45.BC,2020-01-06,Reparado / Garantía Lab,0,0,0.0,0,0
7401292,CVB45.BC,2020-12-03,Reparado,0,1,332.0,332,1
7401292,CVB45.BC,2020-12-22,Reparado,1,2,19.0,351,1
7401292,CVB45.BC,2021-01-12,Reparado / Garantía Lab,2,2,21.0,372,0
7401292,CVB45.BC,2021-11-26,Reparado / Garantía Lab,0,3,318.0,690,1
7401292,CVB45.BC,2021-12-10,Reparado / Garantía Lab,1,3,14.0,704,0
7401292,CVB45.BC,2024-02-07,POD Reparado,0,0,789.0,1493,0
7401294,CVB45.BC,2022-06-08,Reparado,0,0,0.0,0,0
7401295,CVB45.BC,2021-02-23,Reparado,0,0,0.0,0,0
7401297,CVB45.BC,2021-02-24,Reparado,0,0,0.0,0,0
7401298,CVB45.BC,2021-05-11,Reparado,0,0,0.0,0,0
7401299,CVB45.BC,2023-01-05,Reparado,0,0,0.0,0,0
7401300,CVB45.BC,2022-02-24,POD Reparado,0,0,0.0,0,0
7401300,CVB45.BC,2022-10-18,Reparado / Garantía Lab,0,1,236.0,236,1
7401300,CVB45.BC,2022-10-20,Reparado / Garantía Lab,1,2,2.0,238,0
7401300,CVB45.BC,2024-07-15,POD Reparado,0,0,634.0,872,1
7401300,CVB45.BC,2024-07-21,Reparado / Garantía Lab,1,1,6.0,878,1
7401300,CVB45.BC,2024-07-22,Reparado / Garantía Lab,2,2,1.0,879,0
7401301,CVB45.BC,2025-01-10,Reparado,0,0,0.0,0,0
7401303,CVB45.BC,2022-11-02,POD Reparado,0,0,0.0,0,0
7401303,CVB45.BC,2024-02-13,POD Reparado,0,0,468.0,468,0
7401303,CVB45.BC,2024-05-23,POD Reparado,1,1,100.0,568,1
7401303,CVB45.BC,2024-06-04,Reparado / Garantía Lab,2,2,12.0,580,0
7401304,CVB45.BC,2021-03-31,POD,0,0,0.0,0,0
7401304,CVB45.BC,2021-03-31,POD Reparado,0,0,0.0,0,0
7401305,CVB45.BC,2021-03-01,Reparado,0,0,0.0,0,0
7401306,CVB45.BC,2022-07-20,Reparado,0,0,0.0,0,0
7401306,CVB45.BC,2024-06-12,POD Reparado,0,0,693.0,693,0
7401308,CVB45.BC,2021-10-04,POD Reparado,0,0,0.0,0,0
7401309,CVB45.BC,2020-12-04,Reparado,0,0,0.0,0,1
7401309,CVB45.BC,2020-12-09,Reparado / Garantía Lab,1,1,5.0,5,0
7401309,CVB45.BC,2022-08-31,Reparado / Garantía Lab,0,0,630.0,635,0
7401310,CVB45.BC,2021-03-01,Reparado,0,0,0.0,0,0
7401310,CVB45.BC,2022-09-23,Reparado / Garantía Lab,0,0,571.0,571,1
7401310,CVB45.BC,2022-10-04,Reparado / Garantía Lab,1,1,11.0,582,0
7401313,CVB45.BC,2021-02-17,Reparado,0,0,0.0,0,1
7401313,CVB45.BC,2021-03-05,POD,1,1,16.0,16,1
7401313,CVB45.BC,2021-03-12,POD Reparado,2,2,7.0,23,0
7401313,CVB45.BC,2025-04-07,POD Reparado,0,0,1487.0,1510,0
7401314,CVB45.BC,2021-03-02,Reparado,0,0,0.0,0,0
7401314,CVB45.BC,2022-10-05,Reparado / Garantía Lab,0,0,582.0,582,0
7401314,CVB45.BC,2023-07-24,Reparado / Garantía Lab,0,1,292.0,874,0
7401314,CVB45.BC,2024-08-14,POD Reparado,0,0,387.0,1261,0
7401314,CVB45.BC,2024-10-18,POD Reparado,1,1,65.0,1326,0
7401315,CVB45.BC,2022-08-09,Reparado,0,0,0.0,0,1
7401315,CVB45.BC,2022-08-18,Reparado / Garantía Lab,1,1,9.0,9,0
7401315,CVB45.BC,2024-06-19,POD Reparado,0,0,671.0,680,0
7401316,CVB45.BC,2022-01-27,Reparado,0,0,0.0,0,0
7401316,CVB45.BC,2022-08-22,Reparado / Garantía Lab,0,1,207.0,207,0
7401316,CVB45.BC,2022-11-28,Reparado / Garantía Lab,1,2,98.0,305,1
7401316,CVB45.BC,2022-12-02,Reparado / Garantía Lab,2,3,4.0,309,0
7401316,CVB45.BC,2023-03-23,Reparado / Garantía Lab,2,3,111.0,420,0
7401317,CVB45.BC,2020-10-11,Reparado,0,0,0.0,0,0
7401317,CVB45.BC,2021-05-11,Reparado / Garantía Lab,0,1,212.0,212,1
7401317,CVB45.BC,2021-05-19,Reparado / Garantía Lab,1,2,8.0,220,0
7401319,CVB45.BC,2020-12-03,Reparado,0,0,0.0,0,0
7401319,CVB45.BC,2021-01-13,Reparado / Garantía Lab,1,1,41.0,41,0
7401319,CVB45.BC,2024-04-04,Reparado / Garantía Lab,0,0,1177.0,1218,0
7401320,CVB45.BC,2021-02-09,Reparado,0,0,0.0,0,0
7401320,CVB45.BC,2022-08-31,POD Reparado,0,0,568.0,568,0
7401320,CVB45.BC,2022-10-25,Reparado / Garantía Lab,1,1,55.0,623,1
7401320,CVB45.BC,2022-11-03,Reparado / Garantía Lab,2,2,9.0,632,1
7401320,CVB45.BC,2022-11-08,Reparado / Garantía Lab,3,3,5.0,637,0
7401320,CVB45.BC,2022-12-13,Reparado / Garantía Lab,4,4,35.0,672,0
7401320,CVB45.BC,2023-02-21,Reparado / Garantía Lab,5,5,70.0,742,0
7401320,CVB45.BC,2023-03-29,Reparado / Garantía Lab,5,6,36.0,778,1
7401320,CVB45.BC,2023-04-06,Reparado / Garantía Lab,6,7,8.0,786,1
7401320,CVB45.BC,2023-04-12,Reparado,7,8,6.0,792,1
7401320,CVB45.BC,2023-04-18,Reparado / Garantía Lab,8,9,6.0,798,0
7401322,CVB45.BC,2021-10-15,POD Reparado,0,0,0.0,0,0
7401323,CVB45.BC,2021-02-02,Reparado,0,0,0.0,0,0
7401323,CVB45.BC,2022-11-08,Reparado / Garantía Lab,0,0,644.0,644,0
7401323,CVB45.BC,2023-05-15,Reparado / Garantía Lab,0,1,188.0,832,0
7401323,CVB45.BC,2025-04-30,Reparado / Garantía Lab,0,0,716.0,1548,1
7401323,CVB45.BC,2025-05-05,Reparado / Garantía Lab,1,1,5.0,1553,1
7401323,CVB45.BC,2025-05-07,Reparado / Garantía Lab,2,2,2.0,1555,1
7401323,CVB45.BC,2025-05-09,Reparado / Garantía Lab,3,3,2.0,1557,1
7401323,CVB45.BC,2025-06-04,POD Reparado,4,4,26.0,1583,0
7401324,CVB45.BC,2021-02-02,Reparado,0,0,0.0,0,0
7401324,CVB45.BC,2022-09-02,Reparado / Garantía Lab,0,0,577.0,577,0
7401324,CVB45.BC,2023-03-29,Reparado / Garantía Lab,0,1,208.0,785,0
7401324,CVB45.BC,2024-02-16,Reparado / Garantía Lab,0,1,324.0,1109,1
7401324,CVB45.BC,2024-03-13,Reparado / Garantía Lab,1,2,26.0,1135,0
7401326,CVB45.BC,2021-12-22,Reparado,0,0,0.0,0,0
7401326,CVB45.BC,2023-01-09,Reparado / Garantía Lab,0,0,383.0,383,0
7401327,CVB45.BC,2025-02-26,Reparado,0,0,0.0,0,0
7401328,CVB45.BC,2021-01-26,Reparado,0,0,0.0,0,0
7401329,CVB45.BC,2021-06-02,Reparado,0,0,0.0,0,0
7401330,CVB45.BC,2024-12-09,Reparado / Garantía Lab,0,0,0.0,0,1
7401330,CVB45.BC,2024-12-12,Reparado / Garantía Lab,1,1,3.0,3,0
7401330,CVB45.BC,2025-06-18,Reparado / Garantía Lab,0,2,188.0,191,0
7401333,CVB45.BC,2020-12-03,Reparado,0,0,0.0,0,0
7401333,CVB45.BC,2023-10-17,Reparado / Garantía Lab,0,0,1048.0,1048,0
7401334,CVB45.BC,2022-07-22,POD Reparado,0,0,0.0,0,0
7401334,CVB45.BC,2022-12-12,Reparado / Garantía Lab,1,1,143.0,143,1
7401334,CVB45.BC,2022-12-29,Reparado / Garantía Lab,2,2,17.0,160,0
7401335,CVB45.BC,2022-12-28,Reparado,0,0,0.0,0,0
7401335,CVB45.BC,2023-06-28,POD Reparado,0,1,182.0,182,0
7401335,CVB45.BC,2024-09-30,Reparado / Garantía Lab,0,0,460.0,642,1
7401335,CVB45.BC,2024-10-03,Reparado / Garantía Lab,1,1,3.0,645,1
7401335,CVB45.BC,2024-10-07,Reparado / Garantía Lab,2,2,4.0,649,1
7401335,CVB45.BC,2024-10-09,Reparado / Garantía Lab,3,3,2.0,651,0
7401336,CVB45.BC,2021-02-04,Reparado,0,0,0.0,0,0
7401336,CVB45.BC,2022-12-12,Reparado / Garantía Lab,0,0,676.0,676,0
7401339,CVB45.BC,2022-12-29,POD Reparado,0,0,0.0,0,0
7401340,CVB45.BC,2021-12-29,Reparado,0,0,0.0,0,0
7401340,CVB45.BC,2025-07-14,POD Reparado,0,0,1293.0,1293,0
7401342,CVB45.BC,2020-06-23,Reparado,0,0,0.0,0,0
7401342,CVB45.BC,2022-06-08,Reparado / Garantía Lab,0,0,715.0,715,1
7401342,CVB45.BC,2022-06-22,Reparado / Garantía Lab,1,1,14.0,729,0
7401343,CVB45.BC,2022-09-05,Reparado,0,0,0.0,0,0
7401343,CVB45.BC,2022-12-13,Reparado / Garantía Lab,1,1,99.0,99,0
7401343,CVB45.BC,2023-01-18,Reparado / Garantía Lab,2,2,36.0,135,0
7401343,CVB45.BC,2025-08-14,Reparado / Garantía Lab,0,0,939.0,1074,0
7401346,CVB45.BC,2021-12-27,Reparado,0,0,0.0,0,0
7401347,CVB45.BC,2021-01-26,Reparado,0,0,0.0,0,1
7401347,CVB45.BC,2021-02-03,Reparado / Garantía Lab,1,1,8.0,8,0
7401347,CVB45.BC,2022-12-19,POD Reparado,0,0,684.0,692,0
7401347,CVB45.BC,2025-06-10,Reparado / Garantía Lab,0,0,904.0,1596,0
7401349,CVB45.BC,2023-11-21,Reparado,0,0,0.0,0,0
7401349,CVB45.BC,2024-06-04,Reparado / Garantía Lab,0,1,196.0,196,0
7401350,CVB45.BC,2021-02-01,Reparado,0,0,0.0,0,0
7401350,CVB45.BC,2021-05-24,Reparado / Garantía Lab,1,1,112.0,112,0
7401350,CVB45.BC,2022-08-16,POD Reparado,0,0,449.0,561,0
7401350,CVB45.BC,2023-03-10,POD Reparado,0,1,206.0,767,0
7401350,CVB45.BC,2025-04-17,Reparado / Garantía Lab,0,0,769.0,1536,0
7401351,CVB45.BC,2021-07-06,Reparado,0,0,0.0,0,0
7401353,CVB45.BC,2021-08-05,Reparado,0,0,0.0,0,0
7401354,CVB45.BC,2024-08-08,Reparado,0,0,0.0,0,0
7401355,CVB45.BC,2021-11-13,Reparado,0,0,0.0,0,0
7401355,CVB45.BC,2022-02-04,Reparado / Garantía Lab,1,1,83.0,83,0
7401355,CVB45.BC,2024-02-21,Reparado / Garantía Lab,0,0,747.0,830,0
7401357,CVB45.BC,2023-11-21,Reparado,0,0,0.0,0,0
7401357,CVB45.BC,2025-01-31,POD Reparado,0,0,437.0,437,0
7401358,CVB45.BC,2021-12-21,Reparado,0,0,0.0,0,0
7401359,CVB45.BC,2021-01-29,Reparado,0,0,0.0,0,0
7401359,CVB45.BC,2022-05-13,Reparado / Garantía Lab,0,0,469.0,469,1
7401359,CVB45.BC,2022-05-18,Reparado / Garantía Lab,1,1,5.0,474,0
7401359,CVB45.BC,2023-01-19,Reparado / Garantía Lab,0,2,246.0,720,0
7401359,CVB45.BC,2024-03-26,POD Reparado,0,0,432.0,1152,1
7401359,CVB45.BC,2024-04-05,Reparado / Garantía Lab,1,1,10.0,1162,0
7401361,CVB45.BC,2022-06-08,Reparado,0,0,0.0,0,0
7401362,CVB45.BC,2022-05-30,POD Reparado,0,0,0.0,0,0
7401363,CVB45.BC,2025-03-14,Reparado / Garantía Lab,0,0,0.0,0,0
7401363,CVB45.BC,2025-04-30,Reparado / Garantía Lab,1,1,47.0,47,1
7401363,CVB45.BC,2025-05-19,Reparado / Garantía Lab,2,2,19.0,66,1
7401363,CVB45.BC,2025-05-23,Reparado / Garantía Lab,3,3,4.0,70,1
7401363,CVB45.BC,2025-06-17,Reparado / Garantía Lab,4,4,25.0,95,0
7401364,CVB45.BC,2024-09-05,Reparado,0,0,0.0,0,0
7401365,CVB45.BC,2022-07-20,Reparado,0,0,0.0,0,0
7401365,CVB45.BC,2024-12-20,POD Reparado,0,0,884.0,884,0
7401365,CVB45.BC,2025-06-26,POD Reparado,0,1,188.0,1072,1
7401365,CVB45.BC,2025-07-04,Reparado / Garantía Lab,1,2,8.0,1080,0
7401366,CVB45.BC,2021-02-04,Reparado,0,0,0.0,0,1
7401366,CVB45.BC,2021-02-09,Reparado / Garantía Lab,1,1,5.0,5,1
7401366,CVB45.BC,2021-02-22,Reparado,2,2,13.0,18,0
7401366,CVB45.BC,2022-12-19,Reparado / Garantía Lab,0,0,665.0,683,0
7401366,CVB45.BC,2023-05-08,POD Reparado,1,1,140.0,823,0
7401367,CVB45.BC,2022-06-22,Reparado,0,0,0.0,0,0
7401367,CVB45.BC,2024-09-16,Reparado / Garantía Lab,0,0,817.0,817,0
7401368,CVB45.BC,2021-01-22,Reparado,0,0,0.0,0,0
7401368,CVB45.BC,2022-09-22,Reparado,0,0,608.0,608,0
7401369,CVB45.BC,2022-10-07,Reparado,0,0,0.0,0,0
7401370,CVB45.BC,2022-09-21,Reparado,0,0,0.0,0,0
7401370,CVB45.BC,2025-07-01,Reparado / Garantía Lab,0,0,1014.0,1014,0
7401371,CVB45.BC,2022-07-29,Reparado,0,0,0.0,0,0
7401371,CVB45.BC,2024-03-13,POD Reparado,0,0,593.0,593,0
7401373,CVB45.BC,2021-12-23,Reparado,0,0,0.0,0,0
7401373,CVB45.BC,2025-08-14,Reparado / Garantía Lab,0,0,1330.0,1330,0
7401374,CVB45.BC,2021-04-28,Reparado,0,0,0.0,0,0
7401378,CVB45.BC,2021-03-02,Reparado,0,0,0.0,0,0
7401381,CVB45.BC,2022-07-04,Reparado,0,0,0.0,0,0
7401381,CVB45.BC,2022-10-25,Reparado / Garantía Lab,1,1,113.0,113,0
7401382,CVB45.BC,2022-11-25,Reparado,0,0,0.0,0,1
7401382,CVB45.BC,2022-11-30,Reparado / Garantía Lab,1,1,5.0,5,1
7401382,CVB45.BC,2022-12-06,Reparado / Garantía Lab,2,2,6.0,11,0
7401382,CVB45.BC,2024-02-16,Reparado / Garantía Lab,0,0,437.0,448,0
7401383,CVB45.BC,2023-09-25,Reparado,0,0,0.0,0,0
7401384,CVB45.BC,2021-03-24,POD,0,0,0.0,0,1
7401384,CVB45.BC,2021-04-13,POD Reparado,1,1,20.0,20,0
7401385,CVB45.BC,2021-02-21,Reparado,0,0,0.0,0,0
7401385,CVB45.BC,2024-12-20,Reparado / Garantía Lab,0,0,1398.0,1398,0
7401386,CVB45.BC,2023-02-17,POD Reparado,0,0,0.0,0,0
7401386,CVB45.BC,2024-12-16,POD Reparado,0,0,668.0,668,0
7401386,CVB45.BC,2025-03-11,POD Reparado,1,1,85.0,753,0
7401387,CVB45.BC,2021-02-09,Reparado,0,0,0.0,0,1
7401387,CVB45.BC,2021-02-15,Reparado / Garantía Lab,1,1,6.0,6,0
7401387,CVB45.BC,2021-03-21,Reparado / Garantía Lab,2,2,34.0,40,0
7401387,CVB45.BC,2021-10-22,POD Reparado,0,3,215.0,255,0
7401387,CVB45.BC,2022-03-16,Reparado / Garantía Lab,1,2,145.0,400,0
7401388,CVB45.BC,2021-01-29,Reparado,0,0,0.0,0,1
7401388,CVB45.BC,2021-02-03,Reparado / Garantía Lab,1,1,5.0,5,0
7401388,CVB45.BC,2024-08-23,POD Reparado,0,0,1297.0,1302,1
7401388,CVB45.BC,2024-08-28,Reparado / Garantía Lab,1,1,5.0,1307,0
7401388,CVB45.BC,2024-12-20,Reparado / Garantía Lab,2,2,114.0,1421,0
7401389,CVB45.BC,2021-03-04,Reparado,0,0,0.0,0,0
7401389,CVB45.BC,2023-11-17,POD Reparado,0,0,988.0,988,0
7401390,CVB45.BC,2023-09-25,Reparado,0,0,0.0,0,0
7401391,CVB45.BC,2021-02-07,Reparado,0,0,0.0,0,0
7401391,CVB45.BC,2022-05-17,POD Reparado,0,0,464.0,464,0
7401391,CVB45.BC,2022-08-25,Reparado / Garantía Lab,1,1,100.0,564,0
7401391,CVB45.BC,2022-10-07,Reparado / Garantía Lab,2,2,43.0,607,1
7401391,CVB45.BC,2022-10-14,Reparado / Garantía Lab,3,3,7.0,614,0
7401393,CVB45.BC,2021-02-02,Reparado,0,0,0.0,0,0
7401393,CVB45.BC,2021-03-29,Reparado / Garantía Lab,1,1,55.0,55,1
7401393,CVB45.BC,2021-04-01,Reparado,2,2,3.0,58,0
7401393,CVB45.BC,2021-12-23,Reparado / Garantía Lab,0,3,266.0,324,0
7401394,CVB45.BC,2021-02-04,Reparado,0,0,0.0,0,0
7401394,CVB45.BC,2025-06-26,POD Reparado,0,0,1603.0,1603,1
7401394,CVB45.BC,2025-07-02,Reparado / Garantía Lab,1,1,6.0,1609,0
7401395,CVB45.BC,2024-09-16,Reparado,0,0,0.0,0,0
7401396,CVB45.BC,2023-12-27,Reparado,0,0,0.0,0,0
7401396,CVB45.BC,2025-07-14,POD Reparado,0,0,565.0,565,0
7401398,CVB45.BC,2022-09-01,Reparado,0,0,0.0,0,0
7401398,CVB45.BC,2025-02-18,Reparado / Garantía Lab,0,0,901.0,901,0
7401399,CVB45.BC,2022-11-17,Reparado,0,0,0.0,0,0
7401401,CVB45.BC,2023-06-09,Reparado,0,0,0.0,0,0
7401402,CVB45.BC,2021-02-04,Reparado,0,0,0.0,0,0
7401402,CVB45.BC,2025-09-02,POD Reparado,0,0,1671.0,1671,0
7401403,CVB45.BC,2022-12-23,Reparado,0,0,0.0,0,0
7401404,CVB45.BC,2021-03-02,Reparado,0,0,0.0,0,0
7401404,CVB45.BC,2022-05-12,Reparado / Garantía Lab,0,0,436.0,436,0
7401404,CVB45.BC,2023-01-26,POD Reparado,0,1,259.0,695,0
7401404,CVB45.BC,2023-08-30,Reparado / Garantía Lab,0,1,216.0,911,0
7401405,CVB45.BC,2021-03-01,Reparado,0,0,0.0,0,0
7401405,CVB45.BC,2022-10-14,Reparado / Garantía Lab,0,0,592.0,592,0
7401405,CVB45.BC,2024-05-15,POD Reparado,0,0,579.0,1171,1
7401405,CVB45.BC,2024-06-04,Reparado / Garantía Lab,1,1,20.0,1191,1
7401405,CVB45.BC,2024-06-14,Reparado / Garantía Lab,2,2,10.0,1201,0
7401405,CVB45.BC,2025-06-18,Reparado / Garantía Lab,0,0,369.0,1570,0
7401406,CVB45.BC,2024-01-22,POD Reparado,0,0,0.0,0,0
7401406,CVB45.BC,2024-04-05,Reparado / Garantía Lab,1,1,74.0,74,1
7401406,CVB45.BC,2024-04-09,Reparado / Garantía Lab,2,2,4.0,78,0
7401406,CVB45.BC,2025-10-29,POD Reparado,0,0,568.0,646,0
7401407,CVB45.BC,2024-01-30,Reparado,0,0,0.0,0,0
7401407,CVB45.BC,2025-08-19,Reparado / Garantía Lab,0,0,567.0,567,0
7401408,CVB45.BC,2020-10-13,Reparado,0,0,0.0,0,0
7401408,CVB45.BC,2022-08-26,Reparado,0,0,682.0,682,0
7401408,CVB45.BC,2025-06-10,Reparado / Garantía Lab,0,0,1019.0,1701,0
7401410,CVB45.BC,2023-05-19,Reparado,0,0,0.0,0,0
7401410,CVB45.BC,2025-02-28,Reparado / Garantía Lab,0,0,651.0,651,1
7401410,CVB45.BC,2025-03-07,Reparado / Garantía Lab,1,1,7.0,658,0
7401411,CVB45.BC,2022-06-08,Reparado,0,0,0.0,0,0
7401412,CVB45.BC,2021-02-02,Reparado,0,0,0.0,0,0
7401412,CVB45.BC,2024-09-03,Reparado,0,0,1309.0,1309,0
7401413,CVB45.BC,2021-02-01,Reparado,0,0,0.0,0,0
7401414,CVB45.BC,2021-06-02,Reparado,0,0,0.0,0,1
7401414,CVB45.BC,2021-06-03,Reparado / Garantía Lab,1,1,1.0,1,0
7401415,CVB45.BC,2021-05-31,POD,0,0,0.0,0,0
7401415,CVB45.BC,2022-05-31,POD Reparado,0,1,365.0,365,0
7401416,CVB45.BC,2022-09-05,Reparado,0,0,0.0,0,0
7401416,CVB45.BC,2024-09-09,POD Reparado,0,0,735.0,735,0
7401418,CVB45.BC,2022-01-21,Reparado,0,0,0.0,0,0
7401419,CVB45.BC,2021-12-23,Reparado,0,0,0.0,0,0
7401419,CVB45.BC,2024-08-14,Reparado / Garantía Lab,0,0,965.0,965,0
7401421,CVB45.BC,2023-01-09,Reparado,0,0,0.0,0,0
7401421,CVB45.BC,2024-05-28,Reparado / Garantía Lab,0,0,505.0,505,0
7401421,CVB45.BC,2024-09-30,Reparado / Garantía Lab,1,1,125.0,630,1
7401421,CVB45.BC,2024-10-04,Reparado / Garantía Lab,2,2,4.0,634,1
7401421,CVB45.BC,2024-10-08,Reparado / Garantía Lab,3,3,4.0,638,0
7401421,CVB45.BC,2025-10-22,Reparado / Garantía Lab,0,0,379.0,1017,0
7401422,CVB45.BC,2021-02-04,Reparado,0,0,0.0,0,0
7401422,CVB45.BC,2024-03-14,Reparado / Garantía Lab,0,0,1134.0,1134,1
7401422,CVB45.BC,2024-04-01,Reparado / Garantía Lab,1,1,18.0,1152,1
7401422,CVB45.BC,2024-04-05,Reparado / Garantía Lab,2,2,4.0,1156,0
7401422,CVB45.BC,2024-05-06,Reparado / Garantía Lab,3,3,31.0,1187,0
7401422,CVB45.BC,2025-05-19,POD Reparado,0,0,378.0,1565,0
7401424,CVB45.BC,2020-11-09,Reparado,0,0,0.0,0,0
7401424,CVB45.BC,2021-12-22,Reparado / Garantía Lab,0,0,408.0,408,0
7401424,CVB45.BC,2024-02-22,POD Reparado,0,0,792.0,1200,0
7401424,CVB45.BC,2024-03-25,Reparado / Garantía Lab,1,1,32.0,1232,0
7401424,CVB45.BC,2024-05-17,Reparado / Garantía Lab,2,2,53.0,1285,0
7401425,CVB45.BC,2025-03-11,POD Reparado,0,0,0.0,0,0
7401427,CVB45.BC,2021-12-22,Reparado,0,0,0.0,0,0
7401428,CVB45.BC,2022-05-30,Reparado,0,0,0.0,0,0
7401428,CVB45.BC,2024-05-07,Reparado / Garantía Lab,0,0,708.0,708,0
7401428,CVB45.BC,2025-01-10,Reparado / Garantía Lab,0,1,248.0,956,0
7401429,CVB45.BC,2023-11-09,POD Reparado,0,0,0.0,0,0
7401430,CVB45.BC,2021-07-19,Reparado,0,0,0.0,0,0
7401430,CVB45.BC,2025-04-17,POD Reparado,0,0,1368.0,1368,1
7401430,CVB45.BC,2025-04-23,Reparado / Garantía Lab,1,1,6.0,1374,0
7401430,CVB45.BC,2025-08-14,Reparado / Garantía Lab,2,2,113.0,1487,0
7401431,CVB45.BC,2021-01-26,Reparado,0,0,0.0,0,0
7401431,CVB45.BC,2025-07-14,POD Reparado,0,0,1630.0,1630,0
7401432,CVB45.BC,2024-02-09,Reparado,0,0,0.0,0,0
7401433,CVB45.BC,2022-09-01,Reparado,0,0,0.0,0,0
7401433,CVB45.BC,2022-11-07,POD Reparado,1,1,67.0,67,0
7401434,CVB45.BC,2021-06-02,POD,0,0,0.0,0,0
7401434,CVB45.BC,2021-06-02,POD Reparado,0,0,0.0,0,0
7401434,CVB45.BC,2022-08-10,Reparado / Garantía Lab,0,0,434.0,434,0
7401434,CVB45.BC,2023-03-16,Reparado / Garantía Lab,0,1,218.0,652,0
7401434,CVB45.BC,2023-10-18,Reparado / Garantía Lab,0,1,216.0,868,0
7401434,CVB45.BC,2024-11-15,POD Reparado,0,0,394.0,1262,0
7401435,CVB45.BC,2021-11-17,Reparado,0,0,0.0,0,0
7401435,CVB45.BC,2025-03-31,Reparado / Garantía Lab,0,0,1230.0,1230,0
7401436,CVB45.BC,2022-01-17,POD Reparado,0,0,0.0,0,0
7401436,CVB45.BC,2022-07-28,Reparado / Garantía Lab,0,1,192.0,192,1
7401436,CVB45.BC,2022-08-10,Reparado / Garantía Lab,1,2,13.0,205,0
7401437,CVB45.BC,2020-11-09,Reparado / Garantía Lab,0,0,0.0,0,0
7401437,CVB45.BC,2021-01-12,Reparado / Garantía Lab,1,1,64.0,64,1
7401437,CVB45.BC,2021-01-18,Reparado / Garantía Lab,2,2,6.0,70,1
7401437,CVB45.BC,2021-01-21,Reparado / Garantía Lab,3,3,3.0,73,0
7401437,CVB45.BC,2022-06-10,Reparado / Garantía Lab,0,0,505.0,578,0
7401438,CVB45.BC,2022-08-30,Reparado,0,0,0.0,0,1
7401438,CVB45.BC,2022-09-08,Reparado / Garantía Lab,1,1,9.0,9,0
7401438,CVB45.BC,2025-02-07,Reparado / Garantía Lab,0,0,883.0,892,1
7401438,CVB45.BC,2025-02-14,Reparado / Garantía Lab,1,1,7.0,899,0
7401439,CVB45.BC,2021-01-26,Reparado,0,0,0.0,0,1
7401439,CVB45.BC,2021-02-03,Reparado / Garantía Lab,1,1,8.0,8,0
7401439,CVB45.BC,2022-08-22,POD Reparado,0,0,565.0,573,0
7401440,CVB45.BC,2021-01-22,Reparado,0,0,0.0,0,0
7401440,CVB45.BC,2021-12-27,Reparado,0,1,339.0,339,1
7401440,CVB45.BC,2022-01-04,Reparado / Garantía Lab,1,2,8.0,347,0
7401440,CVB45.BC,2022-05-23,Reparado / Garantía Lab,2,2,139.0,486,0
7401440,CVB45.BC,2024-06-04,Reparado / Garantía Lab,0,0,743.0,1229,0
7401441,CVB45.BC,2022-08-26,Reparado,0,0,0.0,0,0
7401442,CVB45.BC,2023-06-08,Reparado,0,0,0.0,0,0
7401442,CVB45.BC,2024-06-06,POD Reparado,0,1,364.0,364,0
7401443,CVB45.BC,2021-02-02,Reparado,0,0,0.0,0,0
7401443,CVB45.BC,2022-09-12,POD Reparado,0,0,587.0,587,0
7401443,CVB45.BC,2024-04-22,Reparado / Garantía Lab,0,0,588.0,1175,0
7401443,CVB45.BC,2024-09-03,POD Reparado,1,1,134.0,1309,0
7401443,CVB45.BC,2024-12-16,Reparado / Garantía Lab,1,2,104.0,1413,0
7401443,CVB45.BC,2025-01-31,Reparado / Garantía Lab,2,3,46.0,1459,1
7401443,CVB45.BC,2025-02-05,Reparado / Garantía Lab,3,4,5.0,1464,1
7401443,CVB45.BC,2025-02-17,Reparado / Garantía Lab,4,5,12.0,1476,1
7401443,CVB45.BC,2025-02-21,Reparado / Garantía Lab,5,6,4.0,1480,1
7401443,CVB45.BC,2025-02-26,Reparado / Garantía Lab,6,7,5.0,1485,1
7401443,CVB45.BC,2025-03-03,Reparado / Garantía Lab,6,8,5.0,1490,0
7401443,CVB45.BC,2025-04-07,Reparado / Garantía Lab,7,9,35.0,1525,1
7401443,CVB45.BC,2025-04-10,Reparado,8,10,3.0,1528,0
7401443,CVB45.BC,2025-05-30,Reparado / Garantía Lab,9,10,50.0,1578,1
7401443,CVB45.BC,2025-06-06,Reparado / Garantía Lab,10,11,7.0,1585,1
7401443,CVB45.BC,2025-06-18,Reparado / Garantía Lab,10,12,12.0,1597,0
7401443,CVB45.BC,2025-09-10,Reparado / Garantía Lab,5,12,84.0,1681,1
7401443,CVB45.BC,2025-09-16,Reparado / Garantía Lab,6,13,6.0,1687,1
7401443,CVB45.BC,2025-09-25,Reparado / Garantía Lab,7,14,9.0,1696,1
7401443,CVB45.BC,2025-10-03,Reparado / Garantía Lab,8,15,8.0,1704,1
7401443,CVB45.BC,2025-10-22,Reparado / Garantía Lab,7,16,19.0,1723,0
7401444,CVB45.BC,2021-11-11,POD Reparado,0,0,0.0,0,0
7401444,CVB45.BC,2022-12-12,Reparado / Garantía Lab,0,0,396.0,396,1
7401444,CVB45.BC,2023-01-11,Reparado / Garantía Lab,1,1,30.0,426,0
7401444,CVB45.BC,2024-09-09,POD Reparado,0,0,607.0,1033,0
7401444,CVB45.BC,2025-04-07,Reparado / Garantía Lab,0,1,210.0,1243,1
7401444,CVB45.BC,2025-04-10,Reparado / Garantía Lab,1,2,3.0,1246,0
7401445,CVB45.BC,2021-04-22,POD,0,0,0.0,0,0
7401445,CVB45.BC,2021-04-22,POD Reparado,0,0,0.0,0,0
7401445,CVB45.BC,2022-09-23,Reparado / Garantía Lab,0,0,519.0,519,0
7401445,CVB45.BC,2025-01-21,Reparado / Garantía Lab,0,0,851.0,1370,0
7401445,CVB45.BC,2025-04-07,POD Reparado,1,1,76.0,1446,0
7401446,CVB45.BC,2021-02-19,Reparado,0,0,0.0,0,1
7401446,CVB45.BC,2021-03-17,Reparado / Garantía Lab,1,1,26.0,26,0
7401447,CVB45.BC,2024-08-05,POD Reparado,0,0,0.0,0,0
7401447,CVB45.BC,2025-02-18,Reparado / Garantía Lab,0,1,197.0,197,0
7401447,CVB45.BC,2025-03-27,Reparado / Garantía Lab,1,2,37.0,234,1
7401447,CVB45.BC,2025-04-01,Reparado / Garantía Lab,2,3,5.0,239,1
7401447,CVB45.BC,2025-04-03,Reparado / Garantía Lab,3,4,2.0,241,1
7401447,CVB45.BC,2025-04-09,Reparado / Garantía Lab,4,5,6.0,247,0
7401449,CVB45.BC,2025-10-29,Reparado / Garantía Lab,0,0,0.0,0,1
7401449,CVB45.BC,2025-11-04,Reparado / Garantía Lab,1,1,6.0,6,0
7401450,CVB45.BC,2022-09-30,Reparado,0,0,0.0,0,0
7401450,CVB45.BC,2024-07-03,Reparado / Garantía Lab,0,0,642.0,642,0
7401450,CVB45.BC,2025-06-18,Reparado / Garantía Lab,0,1,350.0,992,1
7401450,CVB45.BC,2025-07-11,Reparado / Garantía Lab,1,1,23.0,1015,0
7401451,CVB45.BC,2021-01-21,Reparado,0,0,0.0,0,0
7401451,CVB45.BC,2023-02-28,POD Reparado,0,0,768.0,768,0
7401451,CVB45.BC,2024-02-19,Reparado / Garantía Lab,0,1,356.0,1124,1
7401451,CVB45.BC,2024-03-06,Reparado / Garantía Lab,1,1,16.0,1140,1
7401451,CVB45.BC,2024-03-11,Reparado / Garantía Lab,2,2,5.0,1145,0
7401451,CVB45.BC,2024-04-11,Reparado / Garantía Lab,3,3,31.0,1176,0
7401451,CVB45.BC,2025-06-26,POD Reparado,0,0,441.0,1617,0
7401453,CVB45.BC,2024-02-08,Reparado / Garantía Lab,0,0,0.0,0,1
7401453,CVB45.BC,2024-02-20,Reparado / Garantía Lab,1,1,12.0,12,0
7401454,CVB45.BC,2021-01-06,Reparado,0,0,0.0,0,1
7401454,CVB45.BC,2021-01-26,Reparado,1,1,20.0,20,0
7401454,CVB45.BC,2022-03-13,Reparado / Garantía Lab,0,0,411.0,431,1
7401454,CVB45.BC,2022-03-31,Reparado / Garantía Lab,1,1,18.0,449,0
7401455,CVB45.BC,2023-01-09,Reparado,0,0,0.0,0,0
7401455,CVB45.BC,2024-09-16,Reparado / Garantía Lab,0,0,616.0,616,0
7401455,CVB45.BC,2025-03-14,Reparado / Garantía Lab,1,1,179.0,795,1
7401455,CVB45.BC,2025-03-24,Reparado / Garantía Lab,1,2,10.0,805,1
7401455,CVB45.BC,2025-03-26,Reparado / Garantía Lab,2,3,2.0,807,0
7401457,CVB45.BC,2021-07-22,Reparado,0,0,0.0,0,0
7401457,CVB45.BC,2022-08-03,Reparado / Garantía Lab,0,0,377.0,377,0
7401457,CVB45.BC,2023-02-28,Reparado / Garantía Lab,0,1,209.0,586,1
7401457,CVB45.BC,2023-03-22,Reparado / Garantía Lab,1,2,22.0,608,1
7401457,CVB45.BC,2023-04-05,Reparado / Garantía Lab,2,3,14.0,622,0
7401459,CVB45.BC,2021-01-28,Reparado,0,0,0.0,0,0
7401460,CVB45.BC,2021-08-02,POD,0,0,0.0,0,0
7401460,CVB45.BC,2021-08-02,POD Reparado,0,0,0.0,0,0
7401460,CVB45.BC,2022-09-26,Reparado / Garantía Lab,0,0,420.0,420,0
7401461,CVB45.BC,2021-01-14,Reparado,0,0,0.0,0,0
7401461,CVB45.BC,2022-02-18,POD Reparado,0,0,400.0,400,0
7401462,CVB45.BC,2022-10-20,Reparado,0,0,0.0,0,0
7401462,CVB45.BC,2025-03-27,POD Reparado,0,0,889.0,889,0
7401462,CVB45.BC,2025-05-12,Reparado / Garantía Lab,1,1,46.0,935,0
7401463,CVB45.BC,2021-12-22,Reparado,0,0,0.0,0,0
7401463,CVB45.BC,2025-01-21,Reparado / Garantía Lab,0,0,1126.0,1126,0
7401464,CVB45.BC,2022-09-30,Reparado,0,0,0.0,0,1
7401464,CVB45.BC,2022-10-05,Reparado / Garantía Lab,1,1,5.0,5,0
7401467,CVB45.BC,2021-08-30,Reparado,0,0,0.0,0,0
7401467,CVB45.BC,2025-01-10,POD Reparado,0,0,1229.0,1229,0
7401468,CVB45.BC,2022-12-02,Reparado,0,0,0.0,0,0
7401469,CVB45.BC,2022-05-10,Reparado,0,0,0.0,0,0
7401469,CVB45.BC,2025-05-12,POD Reparado,0,0,1098.0,1098,0
7401473,CVB45.BC,2023-03-21,POD Reparado,0,0,0.0,0,0
7401474,CVB45.BC,2025-01-31,Reparado,0,0,0.0,0,0
7401475,CVB45.BC,2022-08-03,Reparado,0,0,0.0,0,0
7401475,CVB45.BC,2022-09-23,Reparado / Garantía Lab,1,1,51.0,51,1
7401475,CVB45.BC,2022-09-28,Reparado / Garantía Lab,2,2,5.0,56,0
7401475,CVB45.BC,2023-05-26,Reparado / Garantía Lab,0,3,240.0,296,1
7401475,CVB45.BC,2023-06-14,Reparado,1,4,19.0,315,0
7401475,CVB45.BC,2023-08-30,Reparado / Garantía Lab,2,4,77.0,392,1
7401475,CVB45.BC,2023-09-21,Reparado / Garantía Lab,3,5,22.0,414,0
7401475,CVB45.BC,2024-03-15,Reparado / Garantía Lab,1,4,176.0,590,0
7401475,CVB45.BC,2024-04-23,Reparado / Garantía Lab,1,5,39.0,629,1
7401475,CVB45.BC,2024-05-16,Reparado / Garantía Lab,2,6,23.0,652,1
7401475,CVB45.BC,2024-05-22,Reparado / Garantía Lab,3,7,6.0,658,0
7401475,CVB45.BC,2024-08-26,Reparado / Garantía Lab,4,6,96.0,754,0
7401475,CVB45.BC,2025-04-28,Reparado / Garantía Lab,0,3,245.0,999,0
7401476,CVB45.BC,2021-12-20,Reparado,0,0,0.0,0,0
7401476,CVB45.BC,2022-08-23,Reparado / Garantía Lab,0,1,246.0,246,0
7401476,CVB45.BC,2023-03-29,Reparado / Garantía Lab,0,1,218.0,464,0
7401477,CVB45.BC,2025-11-26,Reparado / Garantía Lab,0,0,0.0,0,0
7401480,CVB45.BC,2022-09-28,POD Reparado,0,0,0.0,0,1
7401480,CVB45.BC,2022-10-17,Reparado / Garantía Lab,1,1,19.0,19,0
7401480,CVB45.BC,2025-03-27,POD Reparado,0,0,892.0,911,0
7401481,CVB45.BC,2022-08-31,Reparado,0,0,0.0,0,0
7401483,CVB45.BC,2021-01-22,Reparado,0,0,0.0,0,1
7401483,CVB45.BC,2021-02-03,Reparado / Garantía Lab,1,1,12.0,12,0
7401483,CVB45.BC,2024-10-18,Reparado / Garantía Lab,0,0,1353.0,1365,0
7401483,CVB45.BC,2024-12-16,Reparado / Garantía Lab,1,1,59.0,1424,1
7401483,CVB45.BC,2024-12-19,Reparado / Garantía Lab,2,2,3.0,1427,0
7401483,CVB45.BC,2025-03-27,Reparado,3,3,98.0,1525,0
7401484,CVB45.BC,2022-01-26,Reparado,0,0,0.0,0,0
7401484,CVB45.BC,2024-02-16,Reparado / Garantía Lab,0,0,751.0,751,1
7401484,CVB45.BC,2024-03-06,Reparado / Garantía Lab,1,1,19.0,770,1
7401484,CVB45.BC,2024-03-08,Reparado / Garantía Lab,2,2,2.0,772,0
7401484,CVB45.BC,2024-11-15,POD Reparado,0,3,252.0,1024,0
7401485,CVB45.BC,2020-12-03,Reparado,0,0,0.0,0,0
7401485,CVB45.BC,2023-01-09,Reparado / Garantía Lab,0,0,767.0,767,0
7401485,CVB45.BC,2024-10-08,Reparado / Garantía Lab,0,0,638.0,1405,0
7401485,CVB45.BC,2025-09-02,Reparado / Garantía Lab,0,1,329.0,1734,1
7401485,CVB45.BC,2025-09-08,Reparado / Garantía Lab,1,2,6.0,1740,1
7401485,CVB45.BC,2025-09-23,Reparado / Garantía Lab,2,3,15.0,1755,1
7401485,CVB45.BC,2025-10-07,Reparado / Garantía Lab,3,4,14.0,1769,0
7401486,CVB45.BC,2021-12-28,Reparado,0,0,0.0,0,1
7401486,CVB45.BC,2022-01-21,Reparado / Garantía Lab,1,1,24.0,24,0
7401486,CVB45.BC,2022-04-05,Reparado / Garantía Lab,2,2,74.0,98,1
7401486,CVB45.BC,2022-04-08,Reparado / Garantía Lab,3,3,3.0,101,0
7401486,CVB45.BC,2023-03-30,Reparado / Garantía Lab,0,2,356.0,457,0
7401486,CVB45.BC,2023-08-29,Reparado / Garantía Lab,1,1,152.0,609,0
7401486,CVB45.BC,2024-01-26,Reparado / Garantía Lab,1,2,150.0,759,0
7401486,CVB45.BC,2024-02-29,Reparado / Garantía Lab,1,3,34.0,793,1
7401486,CVB45.BC,2024-03-05,Reparado / Garantía Lab,2,4,5.0,798,0
7401487,CVB45.BC,2024-07-08,Reparado,0,0,0.0,0,0
7401488,CVB45.BC,2021-05-14,Reparado,0,0,0.0,0,0
7401488,CVB45.BC,2021-12-10,Reparado / Garantía Lab,0,1,210.0,210,0
7401490,CVB45.BC,2021-02-02,Reparado,0,0,0.0,0,0
7401490,CVB45.BC,2021-05-05,Reparado,1,1,92.0,92,0
7401490,CVB45.BC,2025-05-19,POD Reparado,0,0,1475.0,1567,0
7401491,CVB45.BC,2022-10-04,Reparado,0,0,0.0,0,0
7401492,CVB45.BC,2022-08-09,Reparado,0,0,0.0,0,0
7401492,CVB45.BC,2023-11-21,POD Reparado,0,0,469.0,469,0
7401493,CVB45.BC,2021-12-10,Reparado,0,0,0.0,0,0
7401495,CVB45.BC,2022-06-17,Reparado,0,0,0.0,0,0
7401496,CVB45.BC,2021-07-20,Reparado,0,0,0.0,0,0
7401498,CVB45.BC,2021-02-26,Reparado,0,0,0.0,0,0
7401498,CVB45.BC,2022-09-27,POD Reparado,0,0,578.0,578,0
7401498,CVB45.BC,2025-06-24,Reparado / Garantía Lab,0,0,1001.0,1579,0
7401499,CVB45.BC,2021-03-02,Reparado,0,0,0.0,0,0
7401500,CVB45.BC,2023-04-14,POD Reparado,0,0,0.0,0,0
7401500,CVB45.BC,2024-09-16,POD Reparado,0,0,521.0,521,0
7401500,CVB45.BC,2025-03-11,POD Reparado,1,1,176.0,697,0
7401501,CVB45.BC,2022-12-01,Reparado,0,0,0.0,0,0
7401501,CVB45.BC,2023-06-19,POD Reparado,0,1,200.0,200,0
7401501,CVB45.BC,2023-08-10,Reparado / Garantía Lab,1,2,52.0,252,1
7401501,CVB45.BC,2023-08-11,Reparado / Garantía Lab,2,3,1.0,253,0
7401501,CVB45.BC,2023-10-12,Reparado / Garantía Lab,3,4,62.0,315,0
7401501,CVB45.BC,2025-08-14,Reparado / Garantía Lab,0,0,672.0,987,0
7401502,CVB45.BC,2021-02-02,Reparado,0,0,0.0,0,0
7401502,CVB45.BC,2022-02-02,POD Reparado,0,1,365.0,365,0
7401503,CVB45.BC,2022-12-20,Reparado,0,0,0.0,0,0
7401503,CVB45.BC,2024-07-04,Reparado / Garantía Lab,0,0,562.0,562,0
7401504,CVB45.BC,2021-01-21,Reparado,0,0,0.0,0,0
7401504,CVB45.BC,2022-05-19,Reparado,0,0,483.0,483,0
7401504,CVB45.BC,2025-03-27,Reparado / Garantía Lab,0,0,1043.0,1526,0
7401505,CVB45.BC,2022-05-20,POD Reparado,0,0,0.0,0,0
7401505,CVB45.BC,2025-04-17,Reparado / Garantía Lab,0,0,1063.0,1063,0
7401506,CVB45.BC,2021-03-17,POD,0,0,0.0,0,0
7401506,CVB45.BC,2021-03-17,POD Reparado,0,0,0.0,0,0
7401506,CVB45.BC,2023-01-11,Reparado / Garantía Lab,0,0,665.0,665,1
7401506,CVB45.BC,2023-01-17,Reparado / Garantía Lab,1,1,6.0,671,1
7401506,CVB45.BC,2023-01-20,Reparado / Garantía Lab,2,2,3.0,674,1
7401506,CVB45.BC,2023-01-24,Reparado / Garantía Lab,3,3,4.0,678,0
7401507,CVB45.BC,2025-04-07,POD Reparado,0,0,0.0,0,0
7401508,CVB45.BC,2023-04-06,POD Reparado,0,0,0.0,0,0
7401508,CVB45.BC,2025-09-25,POD Reparado,0,0,903.0,903,1
7401508,CVB45.BC,2025-10-10,Reparado / Garantía Lab,1,1,15.0,918,1
7401508,CVB45.BC,2025-10-14,Reparado,2,2,4.0,922,1
7401508,CVB45.BC,2025-10-16,Reparado / Garantía Lab,3,3,2.0,924,1
7401508,CVB45.BC,2025-10-20,Reparado / Garantía Lab,4,4,4.0,928,1
7401508,CVB45.BC,2025-10-28,Reparado / Garantía Lab,5,5,8.0,936,1
7401508,CVB45.BC,2025-11-06,Reparado / Garantía Lab,6,6,9.0,945,1
7401508,CVB45.BC,2025-11-20,Reparado / Garantía Lab,7,7,14.0,959,0
7401511,CVB45.BC,2022-01-10,Reparado,0,0,0.0,0,1
7401511,CVB45.BC,2022-01-14,Reparado / Garantía Lab,1,1,4.0,4,0
7401511,CVB45.BC,2022-11-28,Reparado / Garantía Lab,0,2,318.0,322,0
7401511,CVB45.BC,2025-06-04,Reparado / Garantía Lab,0,0,919.0,1241,0
7401512,CVB45.BC,2022-05-30,Reparado,0,0,0.0,0,0
7401512,CVB45.BC,2022-10-17,Reparado / Garantía Lab,1,1,140.0,140,0
7401512,CVB45.BC,2023-03-23,Reparado / Garantía Lab,1,2,157.0,297,0
7401513,CVB45.BC,2025-03-27,POD Reparado,0,0,0.0,0,0
7401513,CVB45.BC,2025-06-04,POD Reparado,1,1,69.0,69,0
7401513,CVB45.BC,2025-08-20,Reparado / Garantía Lab,2,2,77.0,146,0
7401515,CVB45.BC,2022-12-15,Reparado,0,0,0.0,0,0
7401516,CVB45.BC,2022-10-12,Reparado,0,0,0.0,0,1
7401516,CVB45.BC,2022-11-03,Reparado / Garantía Lab,1,1,22.0,22,0
7401516,CVB45.BC,2023-07-03,POD Reparado,0,2,242.0,264,0
7401517,CVB45.BC,2022-01-21,Reparado / Garantía Lab,0,0,0.0,0,0
7401517,CVB45.BC,2023-04-18,Reparado / Garantía Lab,0,0,452.0,452,0
7401518,CVB45.BC,2022-05-18,Reparado,0,0,0.0,0,0
7401518,CVB45.BC,2025-07-14,POD Reparado,0,0,1153.0,1153,0
7401519,CVB45.BC,2020-12-22,POD,0,0,0.0,0,0
7401519,CVB45.BC,2020-12-22,POD Reparado,0,0,0.0,0,0
7401562,CVB45.BC,2023-11-07,Reparado,0,0,0.0,0,0
7401562,CVB45.BC,2025-01-21,Reparado / Garantía Lab,0,0,441.0,441,0
7401564,CVB45.BC,2022-07-13,Reparado,0,0,0.0,0,0
7401565,CVB45.BC,2023-03-14,Reparado,0,0,0.0,0,0
7401566,CVB45.BC,2025-11-25,Reparado / Garantía Lab,0,0,0.0,0,0
7401568,CVB45.BC,2025-11-25,Reparado / Garantía Lab,0,0,0.0,0,0
7401569,CVB45.BC,2021-05-20,Reparado,0,0,0.0,0,0
7401569,CVB45.BC,2023-08-21,Reparado / Garantía Lab,0,0,823.0,823,1
7401569,CVB45.BC,2023-08-30,Reparado / Garantía Lab,1,1,9.0,832,0
7401570,CVB45.BC,2021-07-22,Reparado,0,0,0.0,0,0
7401571,CVB45.BC,2022-12-03,Reparado,0,0,0.0,0,0
7401574,CVB45.BC,2025-10-09,Reparado,0,0,0.0,0,0
7401574,CVB45.BC,2025-11-17,Reparado / Garantía Lab,1,1,39.0,39,0
7401575,CVB45.BC,2025-05-23,Reparado,0,0,0.0,0,1
7401575,CVB45.BC,2025-05-28,Reparado / Garantía Lab,1,1,5.0,5,0
7401576,CVB45.BC,2023-08-31,Reparado,0,0,0.0,0,0
7401576,CVB45.BC,2025-11-25,Reparado / Garantía Lab,0,0,817.0,817,0
7401577,CVB45.BC,2022-11-28,Reparado,0,0,0.0,0,0
7401578,CVB45.BC,2020-11-17,Reparado,0,0,0.0,0,0
7401578,CVB45.BC,2023-01-07,Reparado / Garantía Lab,0,0,781.0,781,0
7401579,CVB45.BC,2021-07-22,Reparado,0,0,0.0,0,0
7401580,CVB45.BC,2024-09-11,POD Reparado,0,0,0.0,0,0
7401580,CVB45.BC,2025-09-08,Reparado / Garantía Lab,0,1,362.0,362,0
7401581,CVB45.BC,2022-10-22,Reparado,0,0,0.0,0,1
7401581,CVB45.BC,2022-11-15,Reparado / Garantía Lab,1,1,24.0,24,0
7401582,CVB45.BC,2025-07-29,Reparado,0,0,0.0,0,0
7401583,CVB45.BC,2022-11-05,Reparado,0,0,0.0,0,0
7401583,CVB45.BC,2025-11-25,Reparado / Garantía Lab,0,0,1116.0,1116,0
7401584,CVB45.BC,2021-08-05,Reparado,0,0,0.0,0,1
7401584,CVB45.BC,2021-08-10,Reparado / Garantía Lab,1,1,5.0,5,0
7401584,CVB45.BC,2021-10-27,Reparado / Garantía Lab,2,2,78.0,83,0
7401584,CVB45.BC,2022-11-23,Reparado / Garantía Lab,0,0,392.0,475,0
7401584,CVB45.BC,2023-09-07,Reparado / Garantía Lab,0,1,288.0,763,0
7401584,CVB45.BC,2023-10-17,Reparado / Garantía Lab,1,2,40.0,803,1
7401584,CVB45.BC,2023-10-24,Reparado / Garantía Lab,2,3,7.0,810,0
7401584,CVB45.BC,2024-05-25,Reparado / Garantía Lab,0,3,214.0,1024,1
7401584,CVB45.BC,2024-06-15,Reparado / Garantía Lab,1,4,21.0,1045,0
7401584,CVB45.BC,2024-09-02,Reparado / Garantía Lab,2,5,79.0,1124,0
7401584,CVB45.BC,2024-12-09,Reparado / Garantía Lab,2,3,98.0,1222,0
7401585,CVB45.BC,2025-06-23,Reparado,0,0,0.0,0,0
7401586,CVB45.BC,2022-11-29,Reparado,0,0,0.0,0,0
7401586,CVB45.BC,2025-04-14,Reparado / Garantía Lab,0,0,867.0,867,0
7401587,CVB45.BC,2024-03-19,Reparado,0,0,0.0,0,0
7401588,CVB45.BC,2021-11-12,Reparado,0,0,0.0,0,1
7401588,CVB45.BC,2021-12-03,Reparado / Garantía Lab,1,1,21.0,21,0
7401588,CVB45.BC,2023-09-06,Reparado / Garantía Lab,0,0,642.0,663,0
7401588,CVB45.BC,2024-04-22,Reparado / Garantía Lab,0,1,229.0,892,0
7401589,CVB45.BC,2024-11-13,Reparado,0,0,0.0,0,1
7401589,CVB45.BC,2024-11-18,Reparado / Garantía Lab,1,1,5.0,5,0
7401589,CVB45.BC,2024-12-19,Reparado / Garantía Lab,2,2,31.0,36,1
7401589,CVB45.BC,2024-12-24,Reparado / Garantía Lab,3,3,5.0,41,0
7401590,CVB45.BC,2021-03-31,Reparado,0,0,0.0,0,0
7401590,CVB45.BC,2025-05-12,Reparado / Garantía Lab,0,0,1503.0,1503,1
7401590,CVB45.BC,2025-05-14,Reparado / Garantía Lab,1,1,2.0,1505,0
7401591,CVB45.BC,2020-11-13,Reparado,0,0,0.0,0,1
7401591,CVB45.BC,2020-12-04,Reparado,1,1,21.0,21,0
7401591,CVB45.BC,2023-02-15,Reparado / Garantía Lab,0,0,803.0,824,0
7401591,CVB45.BC,2023-07-02,Reparado,1,1,137.0,961,0
7401591,CVB45.BC,2023-11-14,Reparado / Garantía Lab,1,2,135.0,1096,0
7401591,CVB45.BC,2025-03-17,Reparado / Garantía Lab,0,0,489.0,1585,0
7401591,CVB45.BC,2025-06-30,Reparado / Garantía Lab,1,1,105.0,1690,0
7401593,CVB45.BC,2022-11-23,Reparado,0,0,0.0,0,0
7401595,CVB45.BC,2021-05-26,Reparado,0,0,0.0,0,0
7401595,CVB45.BC,2021-09-22,Reparado / Garantía Lab,1,1,119.0,119,1
7401595,CVB45.BC,2021-10-07,Reparado / Garantía Lab,2,2,15.0,134,0
7401595,CVB45.BC,2024-07-05,Reparado / Garantía Lab,0,0,1002.0,1136,0
7401597,CVB45.BC,2025-09-08,Reparado,0,0,0.0,0,0
7401598,CVB45.BC,2021-09-13,Reparado,0,0,0.0,0,0
7401598,CVB45.BC,2022-11-20,Reparado / Garantía Lab,0,0,433.0,433,1
7401598,CVB45.BC,2022-12-06,Reparado / Garantía Lab,1,1,16.0,449,0
7401599,CVB45.BC,2021-12-24,Reparado,0,0,0.0,0,0
7401599,CVB45.BC,2024-05-10,Reparado / Garantía Lab,0,0,868.0,868,0
7401600,CVB45.BC,2021-09-29,Reparado,0,0,0.0,0,0
7401601,CVB45.BC,2021-07-30,Reparado,0,0,0.0,0,0
7401603,CVB45.BC,2025-09-01,Reparado,0,0,0.0,0,0
7401604,CVB45.BC,2024-11-19,Reparado,0,0,0.0,0,0
7401605,CVB45.BC,2023-05-30,Reparado,0,0,0.0,0,0
7401607,CVB45.BC,2023-08-25,Reparado / Garantía Lab,0,0,0.0,0,1
7401607,CVB45.BC,2023-09-15,Reparado / Garantía Lab,1,1,21.0,21,0
7401607,CVB45.BC,2024-08-20,Reparado / Garantía Lab,0,2,340.0,361,0
7401608,CVB45.BC,2025-01-13,Reparado,0,0,0.0,0,0
7401611,CVB45.BC,2021-04-05,Reparado,0,0,0.0,0,0
7401611,CVB45.BC,2021-05-23,Reparado / Garantía Lab,1,1,48.0,48,1
7401611,CVB45.BC,2021-05-27,Reparado / Garantía Lab,2,2,4.0,52,0
7401611,CVB45.BC,2022-04-22,Reparado / Garantía Lab,0,2,330.0,382,0
7401611,CVB45.BC,2022-10-05,Reparado / Garantía Lab,1,1,166.0,548,0
7401611,CVB45.BC,2023-12-14,Reparado / Garantía Lab,0,0,435.0,983,0
7401611,CVB45.BC,2025-02-28,Reparado / Garantía Lab,0,0,442.0,1425,1
7401611,CVB45.BC,2025-03-04,Reparado / Garantía Lab,1,1,4.0,1429,0
7401611,CVB45.BC,2025-05-02,Reparado / Garantía Lab,2,2,59.0,1488,0
7401611,CVB45.BC,2025-07-22,Reparado / Garantía Lab,3,3,81.0,1569,0
7401611,CVB45.BC,2025-09-24,Reparado / Garantía Lab,2,4,64.0,1633,1
7401611,CVB45.BC,2025-10-16,Reparado / Garantía Lab,3,5,22.0,1655,0
7401612,CVB45.BC,2022-12-05,Reparado,0,0,0.0,0,0
7401616,CVB45.BC,2025-11-13,Reparado,0,0,0.0,0,0
7401619,CVB45.BC,2021-03-02,Reparado,0,0,0.0,0,0
7401619,CVB45.BC,2023-09-12,Reparado / Garantía Lab,0,0,924.0,924,0
7401620,CVB45.BC,2023-04-22,Reparado,0,0,0.0,0,0
7401625,CVB45.BC,2023-07-28,Reparado / Garantía Lab,0,0,0.0,0,0
7401625,CVB45.BC,2024-01-08,Reparado / Garantía Lab,1,1,164.0,164,0
7401626,CVB45.BC,2022-10-07,Reparado,0,0,0.0,0,0
7401627,CVB45.BC,2022-12-16,Reparado,0,0,0.0,0,0
7401628,CVB45.BC,2024-08-16,Reparado,0,0,0.0,0,0
7401629,CVB45.BC,2024-03-05,Reparado,0,0,0.0,0,0
7401631,CVB45.BC,2021-02-10,Reparado,0,0,0.0,0,1
7401631,CVB45.BC,2021-02-18,Reparado,1,1,8.0,8,0
7401631,CVB45.BC,2021-04-29,Reparado / Garantía Lab,2,2,70.0,78,0
7401631,CVB45.BC,2025-08-25,Reparado / Garantía Lab,0,0,1579.0,1657,0
7401632,CVB45.BC,2020-11-25,Reparado,0,0,0.0,0,0
7401632,CVB45.BC,2022-11-22,Reparado / Garantía Lab,0,0,727.0,727,0
7401633,CVB45.BC,2020-11-17,Reparado,0,0,0.0,0,0
7401633,CVB45.BC,2021-12-22,Reparado / Garantía Lab,0,0,400.0,400,0
7401633,CVB45.BC,2025-06-30,Reparado / Garantía Lab,0,0,1286.0,1686,0
7401634,CVB45.BC,2025-03-17,Reparado,0,0,0.0,0,0
7401636,CVB45.BC,2023-11-07,Reparado,0,0,0.0,0,0
7401636,CVB45.BC,2025-09-17,Reparado / Garantía Lab,0,0,680.0,680,0
7401639,CVB45.BC,2024-11-22,Reparado,0,0,0.0,0,0
7401640,CVB45.BC,2021-05-05,Reparado,0,0,0.0,0,0
7401640,CVB45.BC,2021-11-10,Reparado / Garantía Lab,0,1,189.0,189,0
7401640,CVB45.BC,2025-08-04,Reparado / Garantía Lab,0,0,1363.0,1552,0
7401641,CVB45.BC,2025-11-11,Reparado,0,0,0.0,0,0
7401642,CVB45.BC,2025-04-14,Reparado,0,0,0.0,0,0
7401643,CVB45.BC,2020-09-10,Reparado,0,0,0.0,0,0
7401643,CVB45.BC,2025-07-31,Reparado / Garantía Lab,0,0,1785.0,1785,0
7401644,CVB45.BC,2023-10-17,Reparado,0,0,0.0,0,0
7401645,CVB45.BC,2025-03-17,Reparado,0,0,0.0,0,0
7401646,CVB45.BC,2021-02-15,Reparado,0,0,0.0,0,0
7401646,CVB45.BC,2024-09-03,Reparado / Garantía Lab,0,0,1296.0,1296,0
7401649,CVB45.BC,2025-08-25,Reparado,0,0,0.0,0,0
7401650,CVB45.BC,2024-08-30,Reparado,0,0,0.0,0,0
7401650,CVB45.BC,2025-09-22,Reparado / Garantía Lab,0,0,388.0,388,0
7401651,CVB45.BC,2024-07-24,Reparado / Garantía Lab,0,0,0.0,0,1
7401651,CVB45.BC,2024-07-29,Reparado / Garantía Lab,1,1,5.0,5,0
7401656,CVB45.BC,2023-10-27,Reparado,0,0,0.0,0,0
7401657,CVB45.BC,2022-10-17,Reparado,0,0,0.0,0,0
7401659,CVB45.BC,2021-03-02,Reparado,0,0,0.0,0,0
7401659,CVB45.BC,2022-09-27,Reparado / Garantía Lab,0,0,574.0,574,0
7401659,CVB45.BC,2024-12-04,Reparado / Garantía Lab,0,0,799.0,1373,0
7401660,CVB45.BC,2023-12-30,Reparado,0,0,0.0,0,0
7401661,CVB45.BC,2023-10-17,Reparado,0,0,0.0,0,0
7401662,CVB45.BC,2023-07-14,Reparado,0,0,0.0,0,0
7401662,CVB45.BC,2025-01-15,Reparado,0,0,551.0,551,0
7401664,CVB45.BC,2021-12-23,Reparado,0,0,0.0,0,0
7401664,CVB45.BC,2024-05-16,Reparado / Garantía Lab,0,0,875.0,875,0
7401664,CVB45.BC,2024-08-27,Reparado / Garantía Lab,1,1,103.0,978,0
7401665,CVB45.BC,2022-12-12,Reparado,0,0,0.0,0,0
7401666,CVB45.BC,2023-10-12,Reparado,0,0,0.0,0,0
7401667,CVB45.BC,2023-01-09,Reparado,0,0,0.0,0,0
7401670,CVB45.BC,2021-05-24,Reparado,0,0,0.0,0,0
7401670,CVB45.BC,2021-08-21,Reparado / Garantía Lab,1,1,89.0,89,0
7401670,CVB45.BC,2025-11-25,Reparado / Garantía Lab,0,0,1557.0,1646,0
7401671,CVB45.BC,2024-08-08,Reparado,0,0,0.0,0,1
7401671,CVB45.BC,2024-09-02,Reparado / Garantía Lab,1,1,25.0,25,0
7401671,CVB45.BC,2025-07-15,Reparado / Garantía Lab,0,2,316.0,341,0
7401671,CVB45.BC,2025-09-08,Reparado / Garantía Lab,1,1,55.0,396,0
7401672,CVB45.BC,2025-11-17,Reparado,0,0,0.0,0,0
7401673,CVB45.BC,2023-11-02,Reparado,0,0,0.0,0,0
7401674,CVB45.BC,2024-09-09,Reparado,0,0,0.0,0,0
7401675,CVB45.BC,2021-04-14,Reparado,0,0,0.0,0,0
7401675,CVB45.BC,2021-12-02,Reparado / Garantía Lab,0,1,232.0,232,0
7401675,CVB45.BC,2022-04-16,Reparado / Garantía Lab,1,1,135.0,367,0
7401676,CVB45.BC,2021-08-02,Reparado,0,0,0.0,0,0
7401676,CVB45.BC,2021-10-06,Reparado / Garantía Lab,1,1,65.0,65,0
7401676,CVB45.BC,2023-12-20,Reparado / Garantía Lab,0,0,805.0,870,0
7401678,CVB45.BC,2020-12-30,Reparado,0,0,0.0,0,0
7401678,CVB45.BC,2024-03-20,Reparado / Garantía Lab,0,0,1176.0,1176,0
7401683,CVB45.BC,2020-12-01,Reparado,0,0,0.0,0,0
7401683,CVB45.BC,2024-09-05,Reparado / Garantía Lab,0,0,1374.0,1374,1
7401683,CVB45.BC,2024-09-16,Reparado / Garantía Lab,1,1,11.0,1385,1
7401683,CVB45.BC,2024-09-23,Reparado / Garantía Lab,2,2,7.0,1392,0
7401684,CVB45.BC,2023-10-25,Reparado,0,0,0.0,0,0
7401684,CVB45.BC,2024-08-23,Reparado / Garantía Lab,0,1,303.0,303,0
7401685,CVB45.BC,2022-05-27,Reparado,0,0,0.0,0,0
7401685,CVB45.BC,2023-01-13,Reparado / Garantía Lab,0,1,231.0,231,0
7401686,CVB45.BC,2020-12-30,Reparado,0,0,0.0,0,0
7401686,CVB45.BC,2021-03-11,Reparado / Garantía Lab,1,1,71.0,71,0
7401688,CVB45.BC,2025-03-27,Reparado / Garantía Lab,0,0,0.0,0,0
7401688,CVB45.BC,2025-05-15,Reparado / Garantía Lab,1,1,49.0,49,1
7401688,CVB45.BC,2025-05-20,Reparado / Garantía Lab,2,2,5.0,54,0
7401688,CVB45.BC,2025-09-23,Reparado / Garantía Lab,3,3,126.0,180,0
7401691,CVB45.BC,2022-06-16,Reparado,0,0,0.0,0,0
7401692,CVB45.BC,2025-10-14,Reparado,0,0,0.0,0,0
7401693,CVB45.BC,2022-10-24,Reparado,0,0,0.0,0,0
7401693,CVB45.BC,2022-11-25,Reparado / Garantía Lab,1,1,32.0,32,0
7401693,CVB45.BC,2024-07-15,Reparado / Garantía Lab,0,0,598.0,630,0
7401693,CVB45.BC,2024-11-08,Reparado / Garantía Lab,1,1,116.0,746,0
7401694,CVB45.BC,2022-10-22,Reparado,0,0,0.0,0,0
7401694,CVB45.BC,2022-11-23,Reparado / Garantía Lab,1,1,32.0,32,0
7401695,CVB45.BC,2022-10-22,Reparado,0,0,0.0,0,0
7401695,CVB45.BC,2022-11-23,Reparado / Garantía Lab,1,1,32.0,32,1
7401695,CVB45.BC,2022-11-30,Reparado / Garantía Lab,2,2,7.0,39,1
7401695,CVB45.BC,2022-12-06,Reparado / Garantía Lab,3,3,6.0,45,0
7401695,CVB45.BC,2025-08-08,Reparado / Garantía Lab,0,0,976.0,1021,0
7401698,CVB45.BC,2023-07-21,Reparado,0,0,0.0,0,0
7401698,CVB45.BC,2025-11-10,Reparado / Garantía Lab,0,0,843.0,843,0
7401699,CVB45.BC,2021-08-06,Reparado,0,0,0.0,0,0
7401700,CVB45.BC,2023-10-17,Reparado,0,0,0.0,0,0
7401701,CVB45.BC,2022-06-07,Reparado,0,0,0.0,0,0
7401702,CVB45.BC,2024-09-04,Reparado,0,0,0.0,0,1
7401702,CVB45.BC,2024-09-09,Reparado / Garantía Lab,1,1,5.0,5,1
7401702,CVB45.BC,2024-09-12,Reparado / Garantía Lab,2,2,3.0,8,1
7401702,CVB45.BC,2024-09-16,Reparado / Garantía Lab,3,3,4.0,12,0
7401702,CVB45.BC,2025-10-27,Reparado / Garantía Lab,0,0,406.0,418,1
7401702,CVB45.BC,2025-10-29,Reparado / Garantía Lab,1,1,2.0,420,1
7401702,CVB45.BC,2025-11-19,Reparado / Garantía Lab,2,2,21.0,441,0
7401703,CVB45.BC,2023-07-03,Reparado,0,0,0.0,0,0
7401703,CVB45.BC,2025-08-05,Reparado / Garantía Lab,0,0,764.0,764,0
7401705,CVB45.BC,2023-11-04,Reparado,0,0,0.0,0,0
7401706,CVB45.BC,2024-10-21,Reparado,0,0,0.0,0,0
7401706,CVB45.BC,2025-09-16,Reparado / Garantía Lab,0,1,330.0,330,0
7401707,CVB45.BC,2022-11-10,Reparado,0,0,0.0,0,1
7401707,CVB45.BC,2022-11-23,Reparado / Garantía Lab,1,1,13.0,13,0
7401708,CVB45.BC,2021-12-15,Reparado,0,0,0.0,0,0
7401708,CVB45.BC,2022-06-16,Reparado / Garantía Lab,0,1,183.0,183,0
7401708,CVB45.BC,2023-02-16,Reparado / Garantía Lab,0,1,245.0,428,0
7401709,CVB45.BC,2022-09-08,Reparado,0,0,0.0,0,0
7401709,CVB45.BC,2025-04-14,Reparado / Garantía Lab,0,0,949.0,949,1
7401709,CVB45.BC,2025-04-29,Reparado / Garantía Lab,1,1,15.0,964,1
7401709,CVB45.BC,2025-05-02,Reparado / Garantía Lab,2,2,3.0,967,0
7401709,CVB45.BC,2025-10-15,Reparado / Garantía Lab,2,3,166.0,1133,0
7401711,CVB45.BC,2021-11-17,Reparado,0,0,0.0,0,0
7401712,CVB45.BC,2020-10-20,Reparado,0,0,0.0,0,0
7401712,CVB45.BC,2021-11-10,Reparado / Garantía Lab,0,0,386.0,386,0
7401712,CVB45.BC,2025-08-22,Reparado / Garantía Lab,0,0,1381.0,1767,0
7401714,CVB45.BC,2021-12-18,Reparado,0,0,0.0,0,0
7401714,CVB45.BC,2022-01-28,Reparado / Garantía Lab,1,1,41.0,41,0
7401714,CVB45.BC,2022-04-05,Reparado / Garantía Lab,2,2,67.0,108,0
7401714,CVB45.BC,2025-10-20,Reparado / Garantía Lab,0,0,1294.0,1402,0
7401715,CVB45.BC,2022-01-07,Reparado,0,0,0.0,0,0
7401715,CVB45.BC,2023-06-03,Reparado / Garantía Lab,0,0,512.0,512,0
7401716,CVB45.BC,2021-08-21,Reparado,0,0,0.0,0,1
7401716,CVB45.BC,2021-09-14,Reparado,1,1,24.0,24,0
7401717,CVB45.BC,2021-04-07,Reparado,0,0,0.0,0,1
7401717,CVB45.BC,2021-04-20,Reparado / Garantía Lab,1,1,13.0,13,0
7401718,CVB45.BC,2022-02-15,Reparado,0,0,0.0,0,0
7401718,CVB45.BC,2022-07-19,Reparado / Garantía Lab,1,1,154.0,154,0
7401718,CVB45.BC,2022-12-12,Reparado / Garantía Lab,1,2,146.0,300,0
7401719,CVB45.BC,2021-05-24,Reparado,0,0,0.0,0,0
7401719,CVB45.BC,2024-03-06,Reparado / Garantía Lab,0,0,1017.0,1017,1
7401719,CVB45.BC,2024-03-12,Reparado / Garantía Lab,1,1,6.0,1023,0
7401721,CVB45.BC,2024-08-23,POD Reparado,0,0,0.0,0,0
7401722,CVB45.BC,2025-08-06,Reparado / Garantía Lab,0,0,0.0,0,1
7401722,CVB45.BC,2025-08-11,Reparado / Garantía Lab,1,1,5.0,5,0
7401722,CVB45.BC,2025-10-13,Reparado / Garantía Lab,2,2,63.0,68,0
7401724,CVB45.BC,2022-04-01,Reparado,0,0,0.0,0,0
7401724,CVB45.BC,2025-04-15,Reparado / Garantía Lab,0,0,1110.0,1110,0
7401725,CVB45.BC,2022-11-10,Reparado,0,0,0.0,0,0
7401725,CVB45.BC,2024-09-05,Reparado / Garantía Lab,0,0,665.0,665,0
7401727,CVB45.BC,2025-02-06,Reparado,0,0,0.0,0,0
7401728,CVB45.BC,2021-01-21,Reparado,0,0,0.0,0,0
7401731,CVB45.BC,2023-03-18,Reparado,0,0,0.0,0,0
7401732,CVB45.BC,2022-12-03,Reparado,0,0,0.0,0,1
7401732,CVB45.BC,2022-12-12,Reparado / Garantía Lab,1,1,9.0,9,0
7401733,CVB45.BC,2020-11-13,Reparado,0,0,0.0,0,0
7401733,CVB45.BC,2020-12-22,Reparado / Garantía Lab,1,1,39.0,39,1
7401733,CVB45.BC,2021-01-18,Reparado / Garantía Lab,2,2,27.0,66,1
7401733,CVB45.BC,2021-01-25,Reparado / Garantía Lab,3,3,7.0,73,0
7401733,CVB45.BC,2021-02-26,Reparado / Garantía Lab,4,4,32.0,105,1
7401733,CVB45.BC,2021-03-05,Reparado / Garantía Lab,5,5,7.0,112,1
7401733,CVB45.BC,2021-03-10,Reparado / Garantía Lab,6,6,5.0,117,1
7401733,CVB45.BC,2021-03-16,Reparado / Garantía Lab,7,7,6.0,123,1
7401733,CVB45.BC,2021-03-25,Reparado / Garantía Lab,8,8,9.0,132,0
7401733,CVB45.BC,2021-08-27,Reparado / Garantía Lab,4,9,155.0,287,0
7401733,CVB45.BC,2022-03-09,Reparado / Garantía Lab,0,4,194.0,481,1
7401733,CVB45.BC,2022-03-15,Reparado / Garantía Lab,1,4,6.0,487,1
7401733,CVB45.BC,2022-03-16,Reparado / Garantía Lab,2,5,1.0,488,1
7401733,CVB45.BC,2022-03-20,Reparado / Garantía Lab,3,5,4.0,492,0
7401733,CVB45.BC,2022-06-03,Reparado / Garantía Lab,4,5,75.0,567,0
7401733,CVB45.BC,2022-07-18,Reparado / Garantía Lab,5,6,45.0,612,0
7401735,CVB45.BC,2023-10-11,Reparado,0,0,0.0,0,0
7401735,CVB45.BC,2025-04-29,Reparado / Garantía Lab,0,0,566.0,566,0
7401736,CVB45.BC,2021-11-12,Reparado,0,0,0.0,0,0
7401736,CVB45.BC,2022-03-30,Reparado / Garantía Lab,1,1,138.0,138,0
7401736,CVB45.BC,2024-09-11,Reparado / Garantía Lab,0,0,896.0,1034,0
7401736,CVB45.BC,2025-07-28,Reparado / Garantía Lab,0,1,320.0,1354,0
7401737,CVB45.BC,2021-06-29,Reparado,0,0,0.0,0,0
7401737,CVB45.BC,2021-08-11,Reparado / Garantía Lab,1,1,43.0,43,0
7401737,CVB45.BC,2021-12-22,Reparado / Garantía Lab,2,2,133.0,176,0
7401738,CVB45.BC,2022-12-23,POD Reparado,0,0,0.0,0,0
7401739,CVB45.BC,2022-10-22,Reparado,0,0,0.0,0,0
7401739,CVB45.BC,2022-11-23,Reparado / Garantía Lab,1,1,32.0,32,0
7401740,CVB45.BC,2023-10-13,Reparado,0,0,0.0,0,0
7401741,CVB45.BC,2021-02-24,Reparado,0,0,0.0,0,0
7401742,CVB45.BC,2023-10-20,Reparado,0,0,0.0,0,0
7401743,CVB45.BC,2023-10-18,Reparado,0,0,0.0,0,0
7401744,CVB45.BC,2024-12-06,Reparado,0,0,0.0,0,0
7401746,CVB45.BC,2022-01-24,Reparado,0,0,0.0,0,0
7401746,CVB45.BC,2022-06-13,Reparado / Garantía Lab,1,1,140.0,140,0
7401746,CVB45.BC,2023-11-08,Reparado / Garantía Lab,0,0,513.0,653,0
7401749,CVB45.BC,2025-10-27,Reparado / Garantía Lab,0,0,0.0,0,1
7401749,CVB45.BC,2025-11-03,Reparado / Garantía Lab,1,1,7.0,7,0
7401750,CVB45.BC,2021-05-09,Reparado,0,0,0.0,0,0
7401750,CVB45.BC,2023-02-22,Reparado / Garantía Lab,0,0,654.0,654,0
7401751,CVB45.BC,2025-08-22,Reparado,0,0,0.0,0,0
7401751,CVB45.BC,2025-10-16,Reparado / Garantía Lab,1,1,55.0,55,1
7401751,CVB45.BC,2025-10-20,Reparado / Garantía Lab,2,2,4.0,59,0
7401753,CVB45.BC,2023-10-17,Reparado,0,0,0.0,0,0
7401755,CVB45.BC,2023-05-14,Reparado,0,0,0.0,0,1
7401755,CVB45.BC,2023-05-19,Reparado / Garantía Lab,1,1,5.0,5,0
7401756,CVB45.BC,2025-08-25,Reparado,0,0,0.0,0,0
7401757,CVB45.BC,2020-12-15,Reparado,0,0,0.0,0,1
7401757,CVB45.BC,2020-12-23,Reparado / Garantía Lab,1,1,8.0,8,0
7401757,CVB45.BC,2021-03-12,Reparado / Garantía Lab,2,2,79.0,87,0
7401757,CVB45.BC,2021-12-14,Reparado / Garantía Lab,0,3,277.0,364,0
7401757,CVB45.BC,2024-12-09,Reparado / Garantía Lab,0,0,1091.0,1455,1
7401757,CVB45.BC,2024-12-12,Reparado / Garantía Lab,1,1,3.0,1458,0
7401758,CVB45.BC,2025-11-25,Reparado / Garantía Lab,0,0,0.0,0,0
7401759,CVB45.BC,2022-11-03,Reparado,0,0,0.0,0,1
7401759,CVB45.BC,2022-11-15,Reparado / Garantía Lab,1,1,12.0,12,0
7401759,CVB45.BC,2024-05-17,Reparado / Garantía Lab,0,0,549.0,561,0
7401760,CVB45.BC,2021-05-20,Reparado,0,0,0.0,0,0
7401760,CVB45.BC,2025-12-04,Proceso,0,0,1659.0,1659,0
7401762,CVB45.BC,2020-11-13,Reparado,0,0,0.0,0,0
7401762,CVB45.BC,2022-03-28,Reparado / Garantía Lab,0,0,500.0,500,1
7401762,CVB45.BC,2022-04-11,Reparado / Garantía Lab,1,1,14.0,514,0
7401762,CVB45.BC,2023-11-26,Reparado / Garantía Lab,0,0,594.0,1108,0
7401762,CVB45.BC,2024-05-30,Reparado / Garantía Lab,0,1,186.0,1294,0
7401762,CVB45.BC,2025-09-02,Reparado / Garantía Lab,0,0,460.0,1754,0
7401763,CVB45.BC,2021-09-24,Reparado,0,0,0.0,0,0
7401764,CVB45.BC,2021-05-07,Reparado,0,0,0.0,0,0
7401766,CVB45.BC,2021-02-03,Reparado,0,0,0.0,0,0
7401766,CVB45.BC,2023-10-14,Reparado / Garantía Lab,0,0,983.0,983,0
7401766,CVB45.BC,2024-05-09,Reparado / Garantía Lab,0,1,208.0,1191,0
7401766,CVB45.BC,2025-07-04,Reparado / Garantía Lab,0,0,421.0,1612,0
7401766,CVB45.BC,2025-08-25,Reparado / Garantía Lab,1,1,52.0,1664,1
7401766,CVB45.BC,2025-08-28,Reparado / Garantía Lab,2,2,3.0,1667,1
7401766,CVB45.BC,2025-09-02,Reparado / Garantía Lab,3,3,5.0,1672,1
7401766,CVB45.BC,2025-09-08,Reparado / Garantía Lab,4,4,6.0,1678,0
7401768,CVB45.BC,2024-04-04,Reparado,0,0,0.0,0,0
7401769,CVB45.BC,2020-12-30,Reparado,0,0,0.0,0,0
7401769,CVB45.BC,2024-10-10,Reparado / Garantía Lab,0,0,1380.0,1380,0
7401770,CVB45.BC,2023-03-03,Reparado,0,0,0.0,0,0
7401771,CVB45.BC,2023-11-07,Reparado,0,0,0.0,0,0
7401771,CVB45.BC,2024-09-17,Reparado / Garantía Lab,0,1,315.0,315,0
7401772,CVB45.BC,2021-11-21,Reparado,0,0,0.0,0,0
7401773,CVB45.BC,2022-12-03,Reparado,0,0,0.0,0,0
7401774,CVB45.BC,2023-05-30,Reparado,0,0,0.0,0,0
7401774,CVB45.BC,2024-05-04,Reparado / Garantía Lab,0,1,340.0,340,1
7401774,CVB45.BC,2024-05-16,Reparado / Garantía Lab,1,2,12.0,352,0
7401774,CVB45.BC,2025-08-22,Reparado / Garantía Lab,0,0,463.0,815,0
7401775,CVB45.BC,2021-12-01,Reparado,0,0,0.0,0,0
7401777,CVB45.BC,2023-04-11,Reparado,0,0,0.0,0,0
7401780,CVB45.BC,2023-05-24,Reparado,0,0,0.0,0,1
7401780,CVB45.BC,2023-05-31,Reparado / Garantía Lab,1,1,7.0,7,0
7401780,CVB45.BC,2023-10-23,Reparado / Garantía Lab,2,2,145.0,152,0
7401781,CVB45.BC,2022-10-25,Reparado,0,0,0.0,0,0
7401782,CVB45.BC,2024-08-12,Reparado,0,0,0.0,0,0
7401782,CVB45.BC,2024-10-21,Reparado / Garantía Lab,1,1,70.0,70,0
7401783,CVB45.BC,2025-05-08,Reparado,0,0,0.0,0,0
7401784,CVB45.BC,2021-11-05,Reparado,0,0,0.0,0,0
7401785,CVB45.BC,2022-09-12,Reparado,0,0,0.0,0,0
7401785,CVB45.BC,2023-10-03,Reparado / Garantía Lab,0,0,386.0,386,0
7401785,CVB45.BC,2024-08-14,Reparado / Garantía Lab,0,1,316.0,702,1
7401785,CVB45.BC,2024-08-19,Reparado / Garantía Lab,1,2,5.0,707,0
7401786,CVB45.BC,2022-11-16,Reparado,0,0,0.0,0,0
7401786,CVB45.BC,2025-07-02,Reparado / Garantía Lab,0,0,959.0,959,0
7401787,CVB45.BC,2022-12-03,Reparado,0,0,0.0,0,0
7401787,CVB45.BC,2023-10-05,Reparado / Garantía Lab,0,1,306.0,306,0
7401788,CVB45.BC,2023-10-14,Reparado,0,0,0.0,0,0
7401789,CVB45.BC,2023-05-31,Reparado,0,0,0.0,0,0
7401790,CVB45.BC,2023-06-06,Reparado,0,0,0.0,0,0
7401790,CVB45.BC,2025-01-22,Reparado / Garantía Lab,0,0,596.0,596,0
7401790,CVB45.BC,2025-07-09,Reparado,1,1,168.0,764,0
7401791,CVB45.BC,2022-11-22,Reparado,0,0,0.0,0,0
7401791,CVB45.BC,2024-09-27,Reparado / Garantía Lab,0,0,675.0,675,0
7401792,CVB45.BC,2024-03-03,Reparado,0,0,0.0,0,0
7401792,CVB45.BC,2025-05-23,Reparado,0,0,446.0,446,0
7401794,CVB45.BC,2021-02-22,Reparado,0,0,0.0,0,0
7401794,CVB45.BC,2023-11-08,Reparado / Garantía Lab,0,0,989.0,989,0
7401796,CVB45.BC,2023-10-17,Reparado,0,0,0.0,0,0
7401796,CVB45.BC,2025-08-08,Reparado / Garantía Lab,0,0,661.0,661,1
7401796,CVB45.BC,2025-08-26,Reparado / Garantía Lab,1,1,18.0,679,1
7401796,CVB45.BC,2025-09-12,Reparado / Garantía Lab,2,2,17.0,696,0
7401796,CVB45.BC,2025-11-07,Reparado / Garantía Lab,3,3,56.0,752,1
7401796,CVB45.BC,2025-11-12,Reparado / Garantía Lab,4,4,5.0,757,0
7401797,CVB45.BC,2022-08-16,Reparado,0,0,0.0,0,0
7401797,CVB45.BC,2023-08-29,Reparado / Garantía Lab,0,0,378.0,378,0
7401797,CVB45.BC,2025-09-08,Reparado / Garantía Lab,0,0,741.0,1119,0
7401798,CVB45.BC,2023-10-27,Reparado,0,0,0.0,0,0
7401799,CVB45.BC,2021-10-26,Reparado,0,0,0.0,0,0
7401799,CVB45.BC,2023-10-21,Reparado / Garantía Lab,0,0,725.0,725,0
7401804,CVB45.BC,2021-03-02,Reparado,0,0,0.0,0,0
7401804,CVB45.BC,2021-05-22,Reparado / Garantía Lab,1,1,81.0,81,0
7401806,CVB45.BC,2022-06-02,Reparado,0,0,0.0,0,0
7401806,CVB45.BC,2023-01-29,Reparado / Garantía Lab,0,1,241.0,241,0
7401808,CVB45.BC,2023-05-24,Reparado,0,0,0.0,0,0
7401808,CVB45.BC,2025-08-05,Reparado / Garantía Lab,0,0,804.0,804,0
7401809,CVB45.BC,2023-07-25,Reparado,0,0,0.0,0,0
7401809,CVB45.BC,2024-08-07,Reparado / Garantía Lab,0,0,379.0,379,1
7401809,CVB45.BC,2024-08-13,Reparado / Garantía Lab,1,1,6.0,385,0
7401810,CVB45.BC,2023-05-30,Reparado,0,0,0.0,0,0
7401811,CVB45.BC,2024-10-01,Reparado,0,0,0.0,0,0
7401812,CVB45.BC,2025-07-10,Reparado,0,0,0.0,0,0
7401814,CVB45.BC,2021-05-14,Reparado,0,0,0.0,0,0
7401814,CVB45.BC,2021-12-29,Reparado / Garantía Lab,0,1,229.0,229,1
7401814,CVB45.BC,2022-01-08,Reparado / Garantía Lab,1,2,10.0,239,0
7401814,CVB45.BC,2022-02-09,Reparado / Garantía Lab,2,3,32.0,271,1
7401814,CVB45.BC,2022-02-16,Reparado / Garantía Lab,3,4,7.0,278,1
7401814,CVB45.BC,2022-02-18,Reparado / Garantía Lab,4,5,2.0,280,0
7401814,CVB45.BC,2022-10-07,Reparado / Garantía Lab,0,5,231.0,511,0
7401814,CVB45.BC,2022-11-08,Reparado / Garantía Lab,1,6,32.0,543,0
7401814,CVB45.BC,2024-05-10,Reparado / Garantía Lab,0,0,549.0,1092,0
7401814,CVB45.BC,2024-08-06,Reparado / Garantía Lab,1,1,88.0,1180,1
7401814,CVB45.BC,2024-08-08,Reparado / Garantía Lab,2,2,2.0,1182,0
7401815,CVB45.BC,2023-06-25,Reparado,0,0,0.0,0,0
7401816,CVB45.BC,2025-08-07,Reparado,0,0,0.0,0,1
7401816,CVB45.BC,2025-09-05,Reparado / Garantía Lab,1,1,29.0,29,1
7401816,CVB45.BC,2025-10-02,Reparado / Garantía Lab,2,2,27.0,56,0
7401817,CVB45.BC,2021-12-18,Reparado,0,0,0.0,0,0
7401818,CVB45.BC,2022-11-19,Reparado,0,0,0.0,0,0
7401820,CVB45.BC,2023-08-18,Reparado,0,0,0.0,0,0
7401820,CVB45.BC,2025-01-29,Reparado / Garantía Lab,0,0,530.0,530,1
7401820,CVB45.BC,2025-02-03,Reparado / Garantía Lab,1,1,5.0,535,1
7401820,CVB45.BC,2025-02-12,Reparado / Garantía Lab,2,2,9.0,544,1
7401820,CVB45.BC,2025-03-13,Reparado / Garantía Lab,3,3,29.0,573,0
7401820,CVB45.BC,2025-05-20,Reparado / Garantía Lab,4,4,68.0,641,0
7401820,CVB45.BC,2025-06-25,Reparado / Garantía Lab,5,5,36.0,677,0
7401821,CVB45.BC,2025-08-08,Reparado,0,0,0.0,0,0
7401821,CVB45.BC,2025-11-25,Reparado / Garantía Lab,1,1,109.0,109,0
7401824,CVB45.BC,2022-10-03,Reparado,0,0,0.0,0,1
7401824,CVB45.BC,2022-10-07,Reparado / Garantía Lab,1,1,4.0,4,0
7401825,CVB45.BC,2021-02-17,Reparado,0,0,0.0,0,0
7401825,CVB45.BC,2023-09-25,Reparado / Garantía Lab,0,0,950.0,950,0
7401825,CVB45.BC,2024-08-30,Reparado / Garantía Lab,0,1,340.0,1290,0
7401826,CVB45.BC,2021-12-31,Reparado,0,0,0.0,0,0
7401826,CVB45.BC,2022-02-14,Reparado / Garantía Lab,1,1,45.0,45,0
7401826,CVB45.BC,2024-09-25,Reparado / Garantía Lab,0,0,954.0,999,0
7401827,CVB45.BC,2023-08-29,Reparado,0,0,0.0,0,0
7401828,CVB45.BC,2021-08-02,POD Reparado,0,0,0.0,0,0
7401828,CVB45.BC,2022-05-31,Reparado,0,1,302.0,302,0
7401828,CVB45.BC,2025-03-07,Reparado / Garantía Lab,0,0,1011.0,1313,0
7401831,CVB45.BC,2023-11-04,Reparado,0,0,0.0,0,0
7401833,CVB45.BC,2022-08-12,Reparado,0,0,0.0,0,0
7401833,CVB45.BC,2022-11-15,Reparado / Garantía Lab,1,1,95.0,95,0
7401834,CVB45.BC,2022-04-06,Reparado,0,0,0.0,0,0
7401835,CVB45.BC,2022-11-21,Reparado,0,0,0.0,0,0
7401836,CVB45.BC,2025-07-30,Reparado,0,0,0.0,0,1
7401836,CVB45.BC,2025-08-04,Reparado / Garantía Lab,1,1,5.0,5,0
7401837,CVB45.BC,2022-07-12,Reparado,0,0,0.0,0,0
7401837,CVB45.BC,2025-01-14,Reparado / Garantía Lab,0,0,917.0,917,1
7401837,CVB45.BC,2025-01-20,Reparado / Garantía Lab,1,1,6.0,923,1
7401837,CVB45.BC,2025-01-22,Reparado / Garantía Lab,2,2,2.0,925,1
7401837,CVB45.BC,2025-02-06,Reparado / Garantía Lab,3,3,15.0,940,0
7401837,CVB45.BC,2025-05-02,Reparado / Garantía Lab,4,4,85.0,1025,1
7401837,CVB45.BC,2025-05-06,Reparado / Garantía Lab,5,5,4.0,1029,1
7401837,CVB45.BC,2025-05-08,Reparado / Garantía Lab,6,6,2.0,1031,1
7401837,CVB45.BC,2025-05-13,Reparado / Garantía Lab,7,7,5.0,1036,0
7401837,CVB45.BC,2025-08-14,POD Reparado,4,8,93.0,1129,0
7401838,CVB45.BC,2022-06-01,Reparado,0,0,0.0,0,0
7401840,CVB45.BC,2023-11-07,Reparado,0,0,0.0,0,0
7401841,CVB45.BC,2021-04-13,Reparado,0,0,0.0,0,0
7401841,CVB45.BC,2025-07-18,Reparado / Garantía Lab,0,0,1557.0,1557,0
7401843,CVB45.BC,2023-10-26,Reparado,0,0,0.0,0,0
7401844,CVB45.BC,2024-06-24,Reparado,0,0,0.0,0,1
7401844,CVB45.BC,2024-07-02,Reparado / Garantía Lab,1,1,8.0,8,0
7401846,CVB45.BC,2023-09-23,Reparado,0,0,0.0,0,0
7401847,CVB45.BC,2021-09-30,Reparado,0,0,0.0,0,0
7401847,CVB45.BC,2025-02-12,Reparado / Garantía Lab,0,0,1231.0,1231,1
7401847,CVB45.BC,2025-02-17,Reparado / Garantía Lab,1,1,5.0,1236,0
7401849,CVB45.BC,2021-07-15,Reparado,0,0,0.0,0,1
7401849,CVB45.BC,2021-08-04,Reparado / Garantía Lab,1,1,20.0,20,0
7401849,CVB45.BC,2025-11-26,Reparado / Garantía Lab,0,0,1575.0,1595,0
7401850,CVB45.BC,2023-09-01,Reparado / Garantía Lab,0,0,0.0,0,1
7401850,CVB45.BC,2023-09-12,Reparado / Garantía Lab,1,1,11.0,11,0
7401851,CVB45.BC,2023-05-27,Reparado,0,0,0.0,0,0
7401851,CVB45.BC,2024-09-05,Reparado / Garantía Lab,0,0,467.0,467,0
7401852,CVB45.BC,2022-10-22,Reparado,0,0,0.0,0,0
7401852,CVB45.BC,2025-08-26,Reparado / Garantía Lab,0,0,1039.0,1039,0
7401852,CVB45.BC,2025-10-14,Reparado,1,1,49.0,1088,0
7401855,CVB45.BC,2024-04-06,Reparado,0,0,0.0,0,0
7401855,CVB45.BC,2024-06-25,Reparado / Garantía Lab,1,1,80.0,80,1
7401855,CVB45.BC,2024-07-02,Reparado / Garantía Lab,2,2,7.0,87,0
7401855,CVB45.BC,2025-11-25,Reparado / Garantía Lab,0,0,511.0,598,0
7401856,CVB45.BC,2022-11-19,Reparado,0,0,0.0,0,0
7401857,CVB45.BC,2022-07-15,Reparado,0,0,0.0,0,1
7401857,CVB45.BC,2022-07-22,Reparado / Garantía Lab,1,1,7.0,7,1
7401857,CVB45.BC,2022-08-18,Reparado / Garantía Lab,2,2,27.0,34,1
7401857,CVB45.BC,2022-09-06,Reparado / Garantía Lab,3,3,19.0,53,1
7401857,CVB45.BC,2022-09-20,POD Reparado,4,4,14.0,67,0
7401857,CVB45.BC,2022-11-08,Reparado / Garantía Lab,5,5,49.0,116,1
7401857,CVB45.BC,2022-11-23,Reparado / Garantía Lab,6,6,15.0,131,0
7401857,CVB45.BC,2023-03-14,Reparado / Garantía Lab,3,7,111.0,242,1
7401857,CVB45.BC,2023-03-23,Reparado / Garantía Lab,3,8,9.0,251,1
7401857,CVB45.BC,2023-03-29,Reparado / Garantía Lab,4,9,6.0,257,1
7401857,CVB45.BC,2023-04-03,Reparado / Garantía Lab,5,10,5.0,262,1
7401857,CVB45.BC,2023-04-06,Reparado / Garantía Lab,6,11,3.0,265,0
7401859,CVB45.BC,2021-06-04,Reparado,0,0,0.0,0,0
7401859,CVB45.BC,2024-03-01,POD Reparado,0,0,1001.0,1001,0
7401860,CVB45.BC,2023-05-24,Reparado,0,0,0.0,0,0
7401861,CVB45.BC,2022-10-22,Reparado,0,0,0.0,0,0
7401861,CVB45.BC,2022-11-25,Reparado / Garantía Lab,1,1,34.0,34,0
7401861,CVB45.BC,2025-10-20,Reparado / Garantía Lab,0,0,1060.0,1094,0
7401862,CVB45.BC,2023-11-24,Reparado,0,0,0.0,0,0
7401862,CVB45.BC,2025-07-29,Reparado / Garantía Lab,0,0,613.0,613,0
7401862,CVB45.BC,2025-09-15,Reparado / Garantía Lab,1,1,48.0,661,0
7401863,CVB45.BC,2021-12-18,Reparado,0,0,0.0,0,0
7401864,CVB45.BC,2021-02-04,Reparado,0,0,0.0,0,0
7401865,CVB45.BC,2020-12-20,Reparado,0,0,0.0,0,0
7401865,CVB45.BC,2021-12-22,Reparado / Garantía Lab,0,0,367.0,367,0
7401867,CVB45.BC,2021-01-27,Reparado,0,0,0.0,0,1
7401867,CVB45.BC,2021-02-09,Reparado / Garantía Lab,1,1,13.0,13,1
7401867,CVB45.BC,2021-02-12,Reparado / Garantía Lab,2,2,3.0,16,1
7401867,CVB45.BC,2021-03-05,Reparado / Garantía Lab,3,3,21.0,37,0
7401867,CVB45.BC,2021-11-04,Reparado / Garantía Lab,0,4,244.0,281,0
7401867,CVB45.BC,2023-07-05,Reparado / Garantía Lab,0,0,608.0,889,0
7401870,CVB45.BC,2021-08-12,Reparado,0,0,0.0,0,0
7401871,CVB45.BC,2025-02-12,Reparado,0,0,0.0,0,0
7401873,CVB45.BC,2023-11-30,POD Reparado,0,0,0.0,0,0
7401874,CVB45.BC,2021-04-30,Reparado,0,0,0.0,0,0
7401874,CVB45.BC,2025-09-05,Reparado / Garantía Lab,0,0,1589.0,1589,0
7401875,CVB45.BC,2021-07-21,Reparado,0,0,0.0,0,0
7401876,CVB45.BC,2023-09-01,Reparado,0,0,0.0,0,0
7401878,CVB45.BC,2023-10-21,Reparado,0,0,0.0,0,0
7401879,CVB45.BC,2023-05-19,Reparado,0,0,0.0,0,0
7401879,CVB45.BC,2025-05-20,Reparado / Garantía Lab,0,0,732.0,732,0
7401881,CVB45.BC,2022-02-17,Reparado,0,0,0.0,0,1
7401881,CVB45.BC,2022-03-04,Reparado / Garantía Lab,1,1,15.0,15,1
7401881,CVB45.BC,2022-03-11,Reparado / Garantía Lab,2,2,7.0,22,1
7401881,CVB45.BC,2022-03-14,Reparado / Garantía Lab,3,3,3.0,25,1
7401881,CVB45.BC,2022-03-21,Reparado / Garantía Lab,4,4,7.0,32,0
7401882,CVB45.BC,2022-07-12,Reparado,0,0,0.0,0,0
7401885,CVB45.BC,2021-06-25,Reparado,0,0,0.0,0,0
7401885,CVB45.BC,2022-10-20,Reparado / Garantía Lab,0,0,482.0,482,0
7401886,CVB45.BC,2023-09-09,Reparado,0,0,0.0,0,0
7401886,CVB45.BC,2025-11-25,Reparado / Garantía Lab,0,0,808.0,808,0
7401887,CVB45.BC,2021-07-13,Reparado,0,0,0.0,0,1
7401887,CVB45.BC,2021-08-04,Reparado / Garantía Lab,1,1,22.0,22,0
7401887,CVB45.BC,2024-02-16,Reparado / Garantía Lab,0,0,926.0,948,0
7401887,CVB45.BC,2024-05-13,Reparado / Garantía Lab,1,1,87.0,1035,0
7401888,CVB45.BC,2023-03-17,Reparado,0,0,0.0,0,0
7401889,CVB45.BC,2023-06-14,Reparado,0,0,0.0,0,0
7401890,CVB45.BC,2024-08-29,Reparado,0,0,0.0,0,0
7401891,CVB45.BC,2020-10-11,Reparado,0,0,0.0,0,0
7401892,CVB45.BC,2023-04-02,Reparado,0,0,0.0,0,1
7401892,CVB45.BC,2023-04-24,Reparado / Garantía Lab,1,1,22.0,22,0
7401893,CVB45.BC,2021-08-12,Reparado,0,0,0.0,0,0
7401895,CVB45.BC,2025-09-30,Reparado,0,0,0.0,0,0
7401897,CVB45.BC,2021-07-12,Reparado,0,0,0.0,0,0
7401897,CVB45.BC,2021-10-17,Reparado,1,1,97.0,97,0
7401899,CVB45.BC,2021-08-06,Reparado,0,0,0.0,0,0
7401900,CVB45.BC,2020-12-16,Reparado,0,0,0.0,0,0
7401900,CVB45.BC,2022-11-19,Reparado / Garantía Lab,0,0,703.0,703,0
7401900,CVB45.BC,2024-08-13,Reparado / Garantía Lab,0,0,633.0,1336,0
7401901,CVB45.BC,2021-10-07,Reparado,0,0,0.0,0,0
7401904,CVB45.BC,2021-08-04,Reparado,0,0,0.0,0,0
7401904,CVB45.BC,2025-09-23,Reparado / Garantía Lab,0,0,1511.0,1511,1
7401904,CVB45.BC,2025-10-07,Reparado / Garantía Lab,1,1,14.0,1525,1
7401904,CVB45.BC,2025-10-10,Reparado / Garantía Lab,2,2,3.0,1528,0
7401905,CVB45.BC,2021-06-11,Reparado,0,0,0.0,0,0
7401905,CVB45.BC,2022-06-22,Reparado / Garantía Lab,0,0,376.0,376,0
7401906,CVB45.BC,2025-07-18,Reparado,0,0,0.0,0,0
7401907,CVB45.BC,2023-05-17,Reparado,0,0,0.0,0,0
7401908,CVB45.BC,2023-10-17,Reparado,0,0,0.0,0,0
7401909,CVB45.BC,2022-07-05,Reparado,0,0,0.0,0,0
7401909,CVB45.BC,2022-11-23,Reparado / Garantía Lab,1,1,141.0,141,0
7401910,CVB45.BC,2025-10-20,Reparado,0,0,0.0,0,0
7401911,CVB45.BC,2023-10-24,Reparado,0,0,0.0,0,0
7401912,CVB45.BC,2022-07-03,Reparado,0,0,0.0,0,0
7401913,CVB45.BC,2021-05-24,Reparado,0,0,0.0,0,0
7401913,CVB45.BC,2024-09-11,Reparado / Garantía Lab,0,0,1206.0,1206,0
7401913,CVB45.BC,2025-10-14,Reparado,0,0,398.0,1604,0
7401915,CVB45.BC,2021-12-16,Reparado,0,0,0.0,0,0
7401916,CVB45.BC,2021-12-21,Reparado,0,0,0.0,0,0
7401917,CVB45.BC,2025-08-19,Reparado / Garantía Lab,0,0,0.0,0,1
7401917,CVB45.BC,2025-08-29,Reparado / Garantía Lab,1,1,10.0,10,1
7401917,CVB45.BC,2025-09-24,Reparado / Garantía Lab,2,2,26.0,36,1
7401917,CVB45.BC,2025-10-07,Reparado / Garantía Lab,3,3,13.0,49,0
7401917,CVB45.BC,2025-11-18,Reparado / Garantía Lab,4,4,42.0,91,1
7401917,CVB45.BC,2025-12-04,Proceso,5,5,16.0,107,0
7401919,CVB45.BC,2022-12-13,Reparado,0,0,0.0,0,0
7401919,CVB45.BC,2024-07-04,Reparado / Garantía Lab,0,0,569.0,569,0
7401919,CVB45.BC,2025-08-08,Reparado / Garantía Lab,0,0,400.0,969,0
7401920,CVB45.BC,2024-04-01,Reparado,0,0,0.0,0,0
7401920,CVB45.BC,2024-08-20,Reparado / Garantía Lab,1,1,141.0,141,0
7401921,CVB45.BC,2023-09-04,Reparado / Garantía Lab,0,0,0.0,0,0
7401921,CVB45.BC,2024-01-17,Reparado / Garantía Lab,1,1,135.0,135,0
7401922,CVB45.BC,2025-09-09,Reparado / Garantía Lab,0,0,0.0,0,1
7401922,CVB45.BC,2025-09-12,Reparado / Garantía Lab,1,1,3.0,3,0
7401922,CVB45.BC,2025-10-16,Proceso,2,2,34.0,37,0
7401923,CVB45.BC,2021-09-30,Reparado,0,0,0.0,0,0
7401923,CVB45.BC,2025-09-05,Reparado / Garantía Lab,0,0,1436.0,1436,0
7401924,CVB45.BC,2022-11-21,Reparado,0,0,0.0,0,0
7401925,CVB45.BC,2025-11-04,Reparado / Garantía Lab,0,0,0.0,0,1
7401925,CVB45.BC,2025-11-06,Reparado / Garantía Lab,1,1,2.0,2,0
7401926,CVB45.BC,2024-01-21,Reparado,0,0,0.0,0,0
7401929,CVB45.BC,2022-07-05,Reparado,0,0,0.0,0,0
7401929,CVB45.BC,2024-12-09,Reparado / Garantía Lab,0,0,888.0,888,0
7401930,CVB45.BC,2023-10-21,Reparado,0,0,0.0,0,0
7401933,CVB45.BC,2023-05-27,Reparado,0,0,0.0,0,0
7401933,CVB45.BC,2024-08-23,Reparado / Garantía Lab,0,0,454.0,454,0
7401933,CVB45.BC,2025-02-07,Reparado / Garantía Lab,1,1,168.0,622,0
7401935,CVB45.BC,2025-01-09,Reparado,0,0,0.0,0,0
7401936,CVB45.BC,2022-09-04,Reparado,0,0,0.0,0,0
7401940,CVB45.BC,2022-07-27,Reparado,0,0,0.0,0,0
7401940,CVB45.BC,2023-02-15,Reparado / Garantía Lab,0,1,203.0,203,0
7401941,CVB45.BC,2023-08-21,Reparado,0,0,0.0,0,0
7401943,CVB45.BC,2021-11-10,Reparado,0,0,0.0,0,0
7401943,CVB45.BC,2025-09-08,Reparado / Garantía Lab,0,0,1398.0,1398,0
7401947,CVB45.BC,2023-05-30,Reparado,0,0,0.0,0,0
7401949,CVB45.BC,2021-06-19,POD,0,0,0.0,0,0
7401949,CVB45.BC,2021-06-19,POD Reparado,0,0,0.0,0,0
7401950,CVB45.BC,2024-03-18,Reparado,0,0,0.0,0,0
7401953,CVB45.BC,2021-06-10,Reparado,0,0,0.0,0,0
7401954,CVB45.BC,2021-11-03,Reparado,0,0,0.0,0,0
7401954,CVB45.BC,2022-09-26,Reparado / Garantía Lab,0,1,327.0,327,1
7401954,CVB45.BC,2022-09-28,Reparado / Garantía Lab,1,2,2.0,329,1
7401954,CVB45.BC,2022-10-03,Reparado / Garantía Lab,2,3,5.0,334,1
7401954,CVB45.BC,2022-10-05,Reparado / Garantía Lab,3,4,2.0,336,0
7401954,CVB45.BC,2022-11-16,Reparado / Garantía Lab,4,4,42.0,378,0
7401955,CVB45.BC,2025-09-11,Reparado,0,0,0.0,0,0
7401956,CVB45.BC,2021-05-12,Reparado,0,0,0.0,0,0
7401956,CVB45.BC,2021-06-30,Reparado / Garantía Lab,1,1,49.0,49,0
7401956,CVB45.BC,2022-10-18,Reparado / Garantía Lab,0,0,475.0,524,0
7401956,CVB45.BC,2024-09-17,Reparado,0,0,700.0,1224,0
7401956,CVB45.BC,2024-10-24,Reparado / Garantía Lab,1,1,37.0,1261,1
7401956,CVB45.BC,2024-11-15,Reparado / Garantía Lab,2,2,22.0,1283,1
7401956,CVB45.BC,2024-11-21,Reparado / Garantía Lab,3,3,6.0,1289,0
7401956,CVB45.BC,2025-06-17,Reparado / Garantía Lab,0,4,208.0,1497,0
7401957,CVB45.BC,2021-02-16,Reparado,0,0,0.0,0,0
7401958,CVB45.BC,2023-08-30,Reparado,0,0,0.0,0,0
7401958,CVB45.BC,2025-07-08,Reparado / Garantía Lab,0,0,678.0,678,0
7401958,CVB45.BC,2025-08-08,Reparado / Garantía Lab,1,1,31.0,709,1
7401958,CVB45.BC,2025-08-21,Reparado / Garantía Lab,2,2,13.0,722,0
7401959,CVB45.BC,2021-11-20,Reparado,0,0,0.0,0,0
7401960,CVB45.BC,2022-03-29,Reparado,0,0,0.0,0,0
7401961,CVB45.BC,2021-02-12,Reparado,0,0,0.0,0,0
7401961,CVB45.BC,2025-10-02,Reparado / Garantía Lab,0,0,1693.0,1693,1
7401961,CVB45.BC,2025-10-07,Reparado / Garantía Lab,1,1,5.0,1698,0
7401962,CVB45.BC,2021-02-03,Reparado,0,0,0.0,0,0
7401962,CVB45.BC,2021-08-06,Reparado / Garantía Lab,0,1,184.0,184,0
7401962,CVB45.BC,2022-04-19,Reparado / Garantía Lab,0,1,256.0,440,0
7401962,CVB45.BC,2022-06-27,Reparado / Garantía Lab,1,2,69.0,509,0
7401962,CVB45.BC,2022-12-05,Reparado / Garantía Lab,1,2,161.0,670,0
7401962,CVB45.BC,2024-01-17,Reparado / Garantía Lab,0,0,408.0,1078,0
7401962,CVB45.BC,2024-03-21,Reparado / Garantía Lab,1,1,64.0,1142,1
7401962,CVB45.BC,2024-04-01,Reparado / Garantía Lab,2,2,11.0,1153,0
7401963,CVB45.BC,2022-10-18,Reparado,0,0,0.0,0,0
7401965,CVB45.BC,2025-05-27,Reparado,0,0,0.0,0,0
7401965,CVB45.BC,2025-07-18,Reparado / Garantía Lab,1,1,52.0,52,1
7401965,CVB45.BC,2025-08-04,Reparado / Garantía Lab,2,2,17.0,69,1
7401965,CVB45.BC,2025-08-07,Reparado / Garantía Lab,3,3,3.0,72,0
7401966,CVB45.BC,2021-02-12,Reparado,0,0,0.0,0,0
7401966,CVB45.BC,2021-03-29,Reparado / Garantía Lab,1,1,45.0,45,0
7401966,CVB45.BC,2021-11-15,Reparado / Garantía Lab,0,2,231.0,276,0
7401968,CVB45.BC,2022-08-31,POD Reparado,0,0,0.0,0,0
7401969,CVB45.BC,2022-06-10,Reparado,0,0,0.0,0,0
7401971,CVB45.BC,2021-09-30,Reparado,0,0,0.0,0,0
7401972,CVB45.BC,2023-08-29,Reparado,0,0,0.0,0,0
7401973,CVB45.BC,2022-08-09,Reparado,0,0,0.0,0,0
7401973,CVB45.BC,2025-11-26,Reparado / Garantía Lab,0,0,1205.0,1205,0
7401974,CVB45.BC,2025-07-25,POD Reparado,0,0,0.0,0,0
7401975,CVB45.BC,2023-02-02,Reparado,0,0,0.0,0,0
7401976,CVB45.BC,2024-11-15,Reparado,0,0,0.0,0,0
7401977,CVB45.BC,2024-08-30,Reparado,0,0,0.0,0,0
7401978,CVB45.BC,2023-07-05,Reparado,0,0,0.0,0,0
7401979,CVB45.BC,2024-08-13,Reparado,0,0,0.0,0,0
7401980,CVB45.BC,2023-10-09,Reparado,0,0,0.0,0,0
7401982,CVB45.BC,2024-02-06,Reparado,0,0,0.0,0,0
7401984,CVB45.BC,2021-06-29,Reparado,0,0,0.0,0,0
7401987,CVB45.BC,2021-03-24,POD,0,0,0.0,0,0
7401987,CVB45.BC,2021-03-24,POD Reparado,0,0,0.0,0,0
7401987,CVB45.BC,2022-06-20,Reparado / Garantía Lab,0,0,453.0,453,0
7401987,CVB45.BC,2022-07-25,Reparado,1,1,35.0,488,0
7401987,CVB45.BC,2022-09-22,Reparado / Garantía Lab,2,2,59.0,547,0
7401987,CVB45.BC,2023-10-18,POD Reparado,0,0,391.0,938,0
7401987,CVB45.BC,2024-06-01,Reparado / Garantía Lab,0,1,227.0,1165,1
7401987,CVB45.BC,2024-07-01,Reparado / Garantía Lab,1,2,30.0,1195,0
7401987,CVB45.BC,2025-05-14,Reparado / Garantía Lab,0,2,317.0,1512,1
7401987,CVB45.BC,2025-05-16,Reparado / Garantía Lab,1,3,2.0,1514,0
7401987,CVB45.BC,2025-06-26,Reparado / Garantía Lab,2,3,41.0,1555,1
7401987,CVB45.BC,2025-06-30,Reparado / Garantía Lab,3,4,4.0,1559,1
7401987,CVB45.BC,2025-07-03,Reparado / Garantía Lab,4,4,3.0,1562,1
7401987,CVB45.BC,2025-07-21,Reparado / Garantía Lab,5,5,18.0,1580,0
7401988,CVB45.BC,2025-08-07,Reparado,0,0,0.0,0,0
7401989,CVB45.BC,2022-12-03,Reparado,0,0,0.0,0,1
7401989,CVB45.BC,2022-12-12,Reparado / Garantía Lab,1,1,9.0,9,0
7401990,CVB45.BC,2022-12-23,Reparado,0,0,0.0,0,0
7401991,CVB45.BC,2022-07-29,Reparado,0,0,0.0,0,0
7401991,CVB45.BC,2023-10-17,Reparado / Garantía Lab,0,0,445.0,445,0
7401992,CVB45.BC,2021-02-04,Reparado,0,0,0.0,0,0
7401992,CVB45.BC,2025-06-11,Reparado / Garantía Lab,0,0,1588.0,1588,0
7401993,CVB45.BC,2023-05-22,Reparado,0,0,0.0,0,0
7401997,CVB45.BC,2021-10-07,Reparado,0,0,0.0,0,0
7401997,CVB45.BC,2023-12-06,Reparado / Garantía Lab,0,0,790.0,790,0
7401998,CVB45.BC,2023-04-10,Reparado,0,0,0.0,0,0
7401998,CVB45.BC,2025-11-13,Reparado / Garantía Lab,0,0,948.0,948,0
7401999,CVB45.BC,2021-03-03,Reparado,0,0,0.0,0,0
7402000,CVB45.BC,2021-11-25,Reparado,0,0,0.0,0,0
7402001,CVB45.BC,2024-11-19,Reparado,0,0,0.0,0,0
7402002,CVB45.BC,2023-12-05,Reparado,0,0,0.0,0,0
7402003,CVB45.BC,2023-02-06,Reparado,0,0,0.0,0,0
7402004,CVB45.BC,2022-02-24,Reparado,0,0,0.0,0,0
7402004,CVB45.BC,2023-11-07,Reparado / Garantía Lab,0,0,621.0,621,0
7402004,CVB45.BC,2025-09-30,Reparado / Garantía Lab,0,0,693.0,1314,0
7402005,CVB45.BC,2021-12-29,Reparado,0,0,0.0,0,0
7402006,CVB45.BC,2023-09-27,Reparado,0,0,0.0,0,0
7402007,CVB45.BC,2021-02-17,Reparado,0,0,0.0,0,0
7402007,CVB45.BC,2025-11-13,Reparado / Garantía Lab,0,0,1730.0,1730,0
7402008,CVB45.BC,2022-12-29,Reparado,0,0,0.0,0,0
7402009,CVB45.BC,2023-09-23,Reparado,0,0,0.0,0,0
7402011,CVB45.BC,2022-11-04,Reparado,0,0,0.0,0,1
7402011,CVB45.BC,2022-11-25,Reparado / Garantía Lab,1,1,21.0,21,0
7402012,CVB45.BC,2021-11-20,Reparado,0,0,0.0,0,0
7402012,CVB45.BC,2021-12-22,Reparado / Garantía Lab,1,1,32.0,32,1
7402012,CVB45.BC,2021-12-28,Reparado / Garantía Lab,2,2,6.0,38,1
7402012,CVB45.BC,2022-01-03,Reparado / Garantía Lab,3,3,6.0,44,0
7402012,CVB45.BC,2022-06-30,Reparado / Garantía Lab,1,4,178.0,222,0
7402012,CVB45.BC,2025-01-15,Reparado / Garantía Lab,0,0,930.0,1152,0
7402012,CVB45.BC,2025-09-09,Reparado / Garantía Lab,0,1,237.0,1389,0
7402013,CVB45.BC,2023-07-13,Reparado,0,0,0.0,0,0
7402017,CVB45.BC,2022-05-16,Reparado,0,0,0.0,0,0
7402018,CVB45.BC,2022-09-20,Reparado,0,0,0.0,0,0
7402021,CVB45.BC,2022-11-24,Reparado,0,0,0.0,0,0
7402022,CVB45.BC,2021-10-07,Reparado,0,0,0.0,0,0
7402022,CVB45.BC,2021-12-17,Reparado / Garantía Lab,1,1,71.0,71,0
7402022,CVB45.BC,2022-03-06,Reparado / Garantía Lab,2,2,79.0,150,1
7402022,CVB45.BC,2022-03-15,Reparado / Garantía Lab,3,3,9.0,159,0
7402022,CVB45.BC,2025-05-26,POD Reparado,0,0,1168.0,1327,0
7402023,CVB45.BC,2023-06-01,Reparado,0,0,0.0,0,0
7402023,CVB45.BC,2024-07-22,Reparado / Garantía Lab,0,0,417.0,417,0
7402024,CVB45.BC,2025-08-26,Reparado,0,0,0.0,0,0
7402025,CVB45.BC,2023-12-15,Reparado,0,0,0.0,0,0
7402026,CVB45.BC,2021-10-01,Reparado,0,0,0.0,0,0
7402026,CVB45.BC,2025-08-25,Reparado / Garantía Lab,0,0,1424.0,1424,0
7402027,CVB45.BC,2022-11-10,Reparado,0,0,0.0,0,0
7402027,CVB45.BC,2024-08-08,POD Reparado,0,0,637.0,637,0
7402027,CVB45.BC,2025-11-25,Reparado / Garantía Lab,0,0,474.0,1111,0
7402028,CVB45.BC,2021-06-25,Reparado,0,0,0.0,0,0
7402029,CVB45.BC,2021-06-14,Reparado,0,0,0.0,0,0
7402029,CVB45.BC,2025-04-09,Reparado / Garantía Lab,0,0,1395.0,1395,0
7402030,CVB45.BC,2022-09-29,Reparado,0,0,0.0,0,0
7402030,CVB45.BC,2025-03-07,Reparado / Garantía Lab,0,0,890.0,890,0
7402031,CVB45.BC,2022-11-21,Reparado,0,0,0.0,0,0
7402033,CVB45.BC,2025-01-08,Reparado,0,0,0.0,0,0
7402034,CVB45.BC,2024-08-23,Reparado,0,0,0.0,0,0
7402035,CVB45.BC,2022-07-26,Reparado,0,0,0.0,0,0
7402035,CVB45.BC,2022-11-22,Reparado / Garantía Lab,1,1,119.0,119,0
7402036,CVB45.BC,2022-10-04,Reparado,0,0,0.0,0,0
7402037,CVB45.BC,2022-08-30,Reparado,0,0,0.0,0,0
7402037,CVB45.BC,2023-05-24,Reparado / Garantía Lab,0,1,267.0,267,0
7402039,CVB45.BC,2022-11-21,Reparado,0,0,0.0,0,0
7402039,CVB45.BC,2025-09-09,Reparado / Garantía Lab,0,0,1023.0,1023,0
7402040,CVB45.BC,2025-03-17,Reparado,0,0,0.0,0,0
7402041,CVB45.BC,2022-08-12,Reparado,0,0,0.0,0,1
7402041,CVB45.BC,2022-08-19,Reparado / Garantía Lab,1,1,7.0,7,0
7402041,CVB45.BC,2023-09-13,Reparado / Garantía Lab,0,0,390.0,397,0
7402041,CVB45.BC,2024-08-27,Reparado / Garantía Lab,0,1,349.0,746,0
7402042,CVB45.BC,2021-02-12,Reparado,0,0,0.0,0,0
7402042,CVB45.BC,2022-01-09,Reparado / Garantía Lab,0,1,331.0,331,0
7402044,CVB45.BC,2024-06-27,Reparado,0,0,0.0,0,0
7402046,CVB45.BC,2022-11-21,Reparado,0,0,0.0,0,0
7402047,CVB45.BC,2023-10-01,Reparado,0,0,0.0,0,0
7402047,CVB45.BC,2025-05-15,Reparado / Garantía Lab,0,0,592.0,592,1
7402047,CVB45.BC,2025-05-27,Reparado,1,1,12.0,604,1
7402047,CVB45.BC,2025-05-30,Reparado / Garantía Lab,2,2,3.0,607,0
7402048,CVB45.BC,2022-11-28,Reparado,0,0,0.0,0,0
7402049,CVB45.BC,2022-11-16,Reparado,0,0,0.0,0,0
7402050,CVB45.BC,2023-07-04,Reparado,0,0,0.0,0,0
7402050,CVB45.BC,2024-10-10,POD Reparado,0,0,464.0,464,0
7402051,CVB45.BC,2022-11-03,Reparado,0,0,0.0,0,0
7402052,CVB45.BC,2022-12-16,Reparado,0,0,0.0,0,0
7402053,CVB45.BC,2022-12-13,Reparado,0,0,0.0,0,0
7402054,CVB45.BC,2021-02-16,Reparado,0,0,0.0,0,0
7402054,CVB45.BC,2023-06-28,Reparado,0,0,862.0,862,0
7402055,CVB45.BC,2023-04-12,Reparado,0,0,0.0,0,0
7402055,CVB45.BC,2025-08-28,Reparado / Garantía Lab,0,0,869.0,869,0
7402057,CVB45.BC,2023-06-02,Reparado,0,0,0.0,0,0
7402058,CVB45.BC,2021-05-18,Reparado,0,0,0.0,0,0
7402059,CVB45.BC,2021-04-13,Reparado,0,0,0.0,0,0
7402061,CVB45.BC,2021-10-05,Reparado,0,0,0.0,0,0
7402062,CVB45.BC,2025-08-25,Reparado,0,0,0.0,0,0
7402063,CVB45.BC,2021-10-08,Reparado,0,0,0.0,0,1
7402063,CVB45.BC,2021-10-18,Reparado / Garantía Lab,1,1,10.0,10,0
7402064,CVB45.BC,2025-04-29,Reparado,0,0,0.0,0,0
7402066,CVB45.BC,2022-11-05,Reparado,0,0,0.0,0,0
7402067,CVB45.BC,2025-02-21,Reparado,0,0,0.0,0,0
7402068,CVB45.BC,2022-08-02,Reparado,0,0,0.0,0,0
7402068,CVB45.BC,2022-11-08,Reparado / Garantía Lab,1,1,98.0,98,0
7402070,CVB45.BC,2023-07-13,Reparado,0,0,0.0,0,0
7402070,CVB45.BC,2025-11-25,Reparado / Garantía Lab,0,0,866.0,866,0
7402071,CVB45.BC,2022-07-01,Reparado,0,0,0.0,0,0
7402071,CVB45.BC,2025-09-02,Reparado / Garantía Lab,0,0,1159.0,1159,0
7402072,CVB45.BC,2023-10-05,Reparado,0,0,0.0,0,0
7402072,CVB45.BC,2025-11-17,Reparado / Garantía Lab,0,0,774.0,774,0
7402073,CVB45.BC,2025-09-11,Reparado,0,0,0.0,0,0
7402073,CVB45.BC,2025-11-07,Reparado / Garantía Lab,1,1,57.0,57,0
7402074,CVB45.BC,2022-02-26,POD Reparado,0,0,0.0,0,0
7402074,CVB45.BC,2023-09-19,Reparado / Garantía Lab,0,0,570.0,570,0
7402075,CVB45.BC,2022-11-05,Reparado,0,0,0.0,0,0
7402076,CVB45.BC,2022-09-06,Reparado,0,0,0.0,0,0
7402077,CVB45.BC,2022-11-06,Reparado,0,0,0.0,0,0
7402077,CVB45.BC,2024-08-22,Reparado / Garantía Lab,0,0,655.0,655,0
7402077,CVB45.BC,2025-08-25,Reparado / Garantía Lab,0,0,368.0,1023,0
7402080,CVB45.BC,2021-10-09,Reparado,0,0,0.0,0,0
7402081,CVB45.BC,2025-10-15,Reparado,0,0,0.0,0,0
7402082,CVB45.BC,2022-08-29,Reparado,0,0,0.0,0,0
7402082,CVB45.BC,2024-11-15,POD Reparado,0,0,809.0,809,0
7402083,CVB45.BC,2025-07-14,Reparado,0,0,0.0,0,0
7402084,CVB45.BC,2022-06-27,Reparado,0,0,0.0,0,1
7402084,CVB45.BC,2022-07-11,Reparado / Garantía Lab,1,1,14.0,14,0
7402084,CVB45.BC,2023-11-01,Reparado / Garantía Lab,0,0,478.0,492,0
7402085,CVB45.BC,2024-08-07,Reparado,0,0,0.0,0,0
7402085,CVB45.BC,2025-09-26,Reparado / Garantía Lab,0,0,415.0,415,0
7402086,CVB45.BC,2021-02-16,Reparado,0,0,0.0,0,0
7402087,CVB45.BC,2021-10-14,Reparado,0,0,0.0,0,0
7402088,CVB45.BC,2025-09-04,Reparado,0,0,0.0,0,0
7402090,CVB45.BC,2021-08-13,Reparado,0,0,0.0,0,0
7402090,CVB45.BC,2025-06-30,Reparado / Garantía Lab,0,0,1417.0,1417,0
7402090,CVB45.BC,2025-10-02,Reparado / Garantía Lab,1,1,94.0,1511,0
7402092,CVB45.BC,2021-10-26,Reparado,0,0,0.0,0,0
7402093,CVB45.BC,2024-04-01,Reparado,0,0,0.0,0,0
7402094,CVB45.BC,2023-08-28,Reparado,0,0,0.0,0,0
7402095,CVB45.BC,2022-12-04,Reparado,0,0,0.0,0,0
7402095,CVB45.BC,2025-11-28,Reparado / Garantía Lab,0,0,1090.0,1090,1
7402095,CVB45.BC,2025-12-04,Proceso,1,1,6.0,1096,0
7402098,CVB45.BC,2021-11-04,Reparado,0,0,0.0,0,0
7402098,CVB45.BC,2021-12-07,Reparado / Garantía Lab,1,1,33.0,33,1
7402098,CVB45.BC,2021-12-21,Reparado / Garantía Lab,2,2,14.0,47,0
7402098,CVB45.BC,2023-05-29,Reparado / Garantía Lab,0,0,524.0,571,0
7402099,CVB45.BC,2023-12-14,Reparado / Garantía Lab,0,0,0.0,0,1
7402099,CVB45.BC,2023-12-19,Reparado / Garantía Lab,1,1,5.0,5,0
7402100,CVB45.BC,2024-04-16,Reparado,0,0,0.0,0,0
7402100,CVB45.BC,2025-01-20,Reparado / Garantía Lab,0,1,279.0,279,0
7402101,CVB45.BC,2022-06-13,Reparado,0,0,0.0,0,0
7402102,CVB45.BC,2024-12-31,Reparado,0,0,0.0,0,0
7402103,CVB45.BC,2021-11-12,Reparado,0,0,0.0,0,0
7402104,CVB45.BC,2024-03-04,Reparado,0,0,0.0,0,0
7402104,CVB45.BC,2024-07-11,Reparado / Garantía Lab,1,1,129.0,129,0
7402104,CVB45.BC,2024-08-21,Reparado / Garantía Lab,2,2,41.0,170,0
7402104,CVB45.BC,2025-09-25,Reparado / Garantía Lab,0,0,400.0,570,1
7402104,CVB45.BC,2025-10-02,Reparado / Garantía Lab,1,1,7.0,577,0
7402106,CVB45.BC,2025-11-13,Reparado,0,0,0.0,0,0
7402107,CVB45.BC,2023-06-27,Reparado,0,0,0.0,0,0
7402108,CVB45.BC,2023-10-11,Reparado,0,0,0.0,0,0
7402108,CVB45.BC,2024-06-14,Reparado / Garantía Lab,0,1,247.0,247,0
7402109,CVB45.BC,2022-11-05,Reparado,0,0,0.0,0,0
7402110,CVB45.BC,2024-04-26,Reparado,0,0,0.0,0,0
7402111,CVB45.BC,2024-01-29,Reparado,0,0,0.0,0,0
7402114,CVB45.BC,2021-11-12,Reparado,0,0,0.0,0,0
7402115,CVB45.BC,2023-09-05,Reparado,0,0,0.0,0,0
7402115,CVB45.BC,2025-10-15,Reparado / Garantía Lab,0,0,771.0,771,0
7402116,CVB45.BC,2025-06-06,Reparado,0,0,0.0,0,0
7402118,CVB45.BC,2022-11-29,Reparado,0,0,0.0,0,0
7402118,CVB45.BC,2025-10-27,Reparado / Garantía Lab,0,0,1063.0,1063,0
7402119,CVB45.BC,2022-11-20,Reparado,0,0,0.0,0,0
7402121,CVB45.BC,2023-01-13,Reparado,0,0,0.0,0,0
7402122,CVB45.BC,2022-11-24,Reparado,0,0,0.0,0,0
7402124,CVB45.BC,2023-10-21,Reparado,0,0,0.0,0,0
7402128,CVB45.BC,2022-11-10,Reparado,0,0,0.0,0,1
7402128,CVB45.BC,2022-11-23,Reparado / Garantía Lab,1,1,13.0,13,0
7402128,CVB45.BC,2023-07-30,POD Reparado,0,2,249.0,262,0
7402128,CVB45.BC,2025-09-23,Reparado / Garantía Lab,0,0,786.0,1048,0
7402129,CVB45.BC,2025-09-30,Reparado,0,0,0.0,0,0
7402131,CVB45.BC,2022-11-09,Reparado,0,0,0.0,0,0
7402131,CVB45.BC,2025-03-03,Reparado / Garantía Lab,0,0,845.0,845,0
7402131,CVB45.BC,2025-11-26,Reparado / Garantía Lab,0,1,268.0,1113,0
7402132,CVB45.BC,2021-07-27,Reparado,0,0,0.0,0,0
7402133,CVB45.BC,2021-02-10,Reparado,0,0,0.0,0,0
7402133,CVB45.BC,2022-10-21,Reparado / Garantía Lab,0,0,618.0,618,0
7402134,CVB45.BC,2021-11-17,Reparado,0,0,0.0,0,0
7402135,CVB45.BC,2025-05-12,Reparado,0,0,0.0,0,0
7402135,CVB45.BC,2025-06-12,Reparado / Garantía Lab,1,1,31.0,31,1
7402135,CVB45.BC,2025-06-17,Reparado / Garantía Lab,2,2,5.0,36,0
7402136,CVB45.BC,2021-07-27,Reparado,0,0,0.0,0,0
7402136,CVB45.BC,2023-01-18,Reparado / Garantía Lab,0,0,540.0,540,0
7402137,CVB45.BC,2021-02-25,Reparado,0,0,0.0,0,0
7402137,CVB45.BC,2023-10-11,Reparado / Garantía Lab,0,0,958.0,958,0
7402137,CVB45.BC,2025-10-20,Reparado / Garantía Lab,0,0,740.0,1698,0
7402140,CVB45.BC,2024-11-08,Reparado,0,0,0.0,0,0
7402140,CVB45.BC,2025-05-09,Reparado / Garantía Lab,0,1,182.0,182,1
7402140,CVB45.BC,2025-05-13,Reparado / Garantía Lab,1,2,4.0,186,0
7402141,CVB45.BC,2025-09-24,Reparado,0,0,0.0,0,0
7402142,CVB45.BC,2021-09-29,Reparado,0,0,0.0,0,0
7402142,CVB45.BC,2023-04-05,Reparado / Garantía Lab,0,0,553.0,553,0
7402142,CVB45.BC,2025-01-29,Reparado / Garantía Lab,0,0,665.0,1218,0
7402142,CVB45.BC,2025-09-05,Reparado / Garantía Lab,0,1,219.0,1437,1
7402142,CVB45.BC,2025-09-26,Reparado / Garantía Lab,1,2,21.0,1458,1
7402142,CVB45.BC,2025-09-30,Reparado / Garantía Lab,2,3,4.0,1462,0
7402143,CVB45.BC,2021-12-27,Reparado,0,0,0.0,0,0
7402145,CVB45.BC,2025-10-02,Reparado,0,0,0.0,0,1
7402145,CVB45.BC,2025-10-08,Reparado / Garantía Lab,1,1,6.0,6,0
7402146,CVB45.BC,2025-06-23,Reparado,0,0,0.0,0,0
7402150,CVB45.BC,2025-10-20,Reparado,0,0,0.0,0,0
7402151,CVB45.BC,2022-11-03,Reparado,0,0,0.0,0,0
7402152,CVB45.BC,2024-08-29,Reparado,0,0,0.0,0,0
7402152,CVB45.BC,2025-11-17,Reparado / Garantía Lab,0,0,445.0,445,0
7402155,CVB45.BC,2022-12-28,Reparado,0,0,0.0,0,0
7402155,CVB45.BC,2025-09-15,Reparado / Garantía Lab,0,0,992.0,992,0
7402156,CVB45.BC,2024-05-18,Reparado,0,0,0.0,0,0
7402156,CVB45.BC,2025-11-07,Reparado / Garantía Lab,0,0,538.0,538,0
7402157,CVB45.BC,2024-09-03,Reparado,0,0,0.0,0,0
7402158,CVB45.BC,2023-09-12,Reparado,0,0,0.0,0,0
7402159,CVB45.BC,2021-03-24,POD,0,0,0.0,0,0
7402159,CVB45.BC,2021-03-24,POD Reparado,0,0,0.0,0,0
7402159,CVB45.BC,2023-08-22,Reparado / Garantía Lab,0,0,881.0,881,0
7402160,CVB45.BC,2022-11-21,Reparado,0,0,0.0,0,0
7402162,CVB45.BC,2024-06-19,Reparado,0,0,0.0,0,0
7402165,CVB45.BC,2021-04-30,Reparado,0,0,0.0,0,0
7402165,CVB45.BC,2021-06-01,Reparado / Garantía Lab,1,1,32.0,32,0
7402165,CVB45.BC,2025-11-25,Reparado / Garantía Lab,0,0,1638.0,1670,1
7402165,CVB45.BC,2025-12-04,Proceso,1,1,9.0,1679,0
7402166,CVB45.BC,2023-07-23,Reparado / Garantía Lab,0,0,0.0,0,0
7402166,CVB45.BC,2023-09-25,Reparado / Garantía Lab,1,1,64.0,64,0
7402168,CVB45.BC,2024-03-27,Reparado,0,0,0.0,0,0
7402168,CVB45.BC,2024-10-03,Reparado / Garantía Lab,0,1,190.0,190,0
7402168,CVB45.BC,2025-08-21,Reparado / Garantía Lab,0,1,322.0,512,0
7402170,CVB45.BC,2022-12-16,Reparado,0,0,0.0,0,0
7402172,CVB45.BC,2020-11-13,Reparado,0,0,0.0,0,1
7402172,CVB45.BC,2020-11-20,Reparado / Garantía Lab,1,1,7.0,7,0
7402175,CVB45.BC,2024-06-27,Reparado,0,0,0.0,0,0
7402177,CVB45.BC,2022-10-22,Reparado,0,0,0.0,0,0
7402178,CVB45.BC,2023-10-17,Reparado,0,0,0.0,0,0
7402179,CVB45.BC,2022-12-03,Reparado,0,0,0.0,0,0
7402180,CVB45.BC,2022-11-10,Reparado,0,0,0.0,0,0
7402180,CVB45.BC,2023-01-14,Reparado / Garantía Lab,1,1,65.0,65,0
7402182,CVB45.BC,2021-11-13,Reparado,0,0,0.0,0,0
7402183,CVB45.BC,2023-10-14,Reparado,0,0,0.0,0,0
7402183,CVB45.BC,2025-11-26,Reparado / Garantía Lab,0,0,774.0,774,0
7402184,CVB45.BC,2025-06-11,Reparado,0,0,0.0,0,1
7402184,CVB45.BC,2025-06-27,Reparado / Garantía Lab,1,1,16.0,16,1
7402184,CVB45.BC,2025-07-01,Reparado / Garantía Lab,2,2,4.0,20,0
7402185,CVB45.BC,2022-10-26,Reparado,0,0,0.0,0,0
7402186,CVB45.BC,2023-12-01,POD Reparado,0,0,0.0,0,0
7402186,CVB45.BC,2025-05-15,POD Reparado,0,0,531.0,531,0
7402188,CVB45.BC,2024-01-29,Reparado,0,0,0.0,0,0
7402189,CVB45.BC,2021-05-13,Reparado,0,0,0.0,0,0
7402189,CVB45.BC,2021-10-12,Reparado / Garantía Lab,1,1,152.0,152,0
7402190,CVB45.BC,2021-05-27,Reparado,0,0,0.0,0,0
7402190,CVB45.BC,2023-01-05,Reparado / Garantía Lab,0,0,588.0,588,0
7402190,CVB45.BC,2025-01-02,Reparado / Garantía Lab,0,0,728.0,1316,0
7402191,CVB45.BC,2021-11-25,Reparado,0,0,0.0,0,0
7402191,CVB45.BC,2025-02-12,Reparado / Garantía Lab,0,0,1175.0,1175,0
7402191,CVB45.BC,2025-10-27,Reparado / Garantía Lab,0,1,257.0,1432,0
7402192,CVB45.BC,2021-07-04,Reparado,0,0,0.0,0,0
7402192,CVB45.BC,2022-04-24,Reparado / Garantía Lab,0,1,294.0,294,0
7402192,CVB45.BC,2024-09-05,Reparado / Garantía Lab,0,0,865.0,1159,0
7402194,CVB45.BC,2021-12-14,Reparado,0,0,0.0,0,0
7402194,CVB45.BC,2023-09-27,Reparado / Garantía Lab,0,0,652.0,652,0
7402195,CVB45.BC,2025-08-06,Reparado,0,0,0.0,0,0
7402196,CVB45.BC,2024-09-05,Reparado,0,0,0.0,0,0
7402197,CVB45.BC,2025-10-27,Reparado,0,0,0.0,0,0
7402198,CVB45.BC,2022-04-01,Reparado,0,0,0.0,0,0
7402198,CVB45.BC,2022-07-12,Reparado / Garantía Lab,1,1,102.0,102,0
7402199,CVB45.BC,2024-05-09,Reparado,0,0,0.0,0,0
7402200,CVB45.BC,2023-10-13,Reparado,0,0,0.0,0,0
7402200,CVB45.BC,2024-11-26,Reparado / Garantía Lab,0,0,410.0,410,0
7402201,CVB45.BC,2023-10-17,Reparado,0,0,0.0,0,0
7402201,CVB45.BC,2025-08-25,Reparado / Garantía Lab,0,0,678.0,678,0
7402204,CVB45.BC,2022-06-22,Reparado,0,0,0.0,0,0
7402205,CVB45.BC,2025-01-13,Reparado,0,0,0.0,0,0
7402206,CVB45.BC,2022-04-08,Reparado,0,0,0.0,0,0
7402206,CVB45.BC,2025-03-07,Reparado / Garantía Lab,0,0,1064.0,1064,0
7402206,CVB45.BC,2025-04-15,Reparado / Garantía Lab,1,1,39.0,1103,1
7402206,CVB45.BC,2025-05-06,Reparado / Garantía Lab,2,2,21.0,1124,0
7402208,CVB45.BC,2022-04-30,Reparado,0,0,0.0,0,1
7402208,CVB45.BC,2022-05-06,Reparado / Garantía Lab,1,1,6.0,6,0
7402208,CVB45.BC,2022-07-05,Reparado / Garantía Lab,2,2,60.0,66,0
7402209,CVB45.BC,2021-04-11,Reparado,0,0,0.0,0,0
7402209,CVB45.BC,2022-10-23,Reparado / Garantía Lab,0,0,560.0,560,0
7402209,CVB45.BC,2022-11-23,Reparado / Garantía Lab,1,1,31.0,591,0
7402209,CVB45.BC,2025-11-13,Reparado / Garantía Lab,0,0,1086.0,1677,0
7402210,CVB45.BC,2025-07-24,POD Reparado,0,0,0.0,0,0
7402210,CVB45.BC,2025-09-11,Reparado / Garantía Lab,1,1,49.0,49,1
7402210,CVB45.BC,2025-09-30,Reparado / Garantía Lab,2,2,19.0,68,1
7402210,CVB45.BC,2025-10-09,Reparado / Garantía Lab,3,3,9.0,77,1
7402210,CVB45.BC,2025-10-14,Reparado,4,4,5.0,82,1
7402210,CVB45.BC,2025-11-13,Reparado / Garantía Lab,5,5,30.0,112,0
7402211,CVB45.BC,2021-06-09,Reparado,0,0,0.0,0,0
7402211,CVB45.BC,2022-11-12,Reparado / Garantía Lab,0,0,521.0,521,0
7402212,CVB45.BC,2021-11-17,Reparado,0,0,0.0,0,0
7402213,CVB45.BC,2022-09-22,Reparado,0,0,0.0,0,0
7402213,CVB45.BC,2023-11-02,Reparado / Garantía Lab,0,0,406.0,406,0
7402213,CVB45.BC,2025-06-11,Reparado / Garantía Lab,0,0,587.0,993,0
7402214,CVB45.BC,2023-04-01,Reparado,0,0,0.0,0,0
7402214,CVB45.BC,2025-09-02,Reparado / Garantía Lab,0,0,885.0,885,0
7402215,CVB45.BC,2021-02-24,Reparado,0,0,0.0,0,0
7402217,CVB45.BC,2023-06-19,Reparado,0,0,0.0,0,0
7402218,CVB45.BC,2024-05-03,Reparado,0,0,0.0,0,0
7402219,CVB45.BC,2022-12-13,Reparado,0,0,0.0,0,0
7402220,CVB45.BC,2021-05-15,Reparado,0,0,0.0,0,1
7402220,CVB45.BC,2021-05-24,Reparado / Garantía Lab,1,1,9.0,9,0
7402220,CVB45.BC,2021-07-20,Reparado / Garantía Lab,2,2,57.0,66,1
7402220,CVB45.BC,2021-07-30,Reparado / Garantía Lab,3,3,10.0,76,0
7402220,CVB45.BC,2021-12-14,Reparado / Garantía Lab,2,4,137.0,213,0
7402220,CVB45.BC,2023-10-15,Reparado / Garantía Lab,0,0,670.0,883,0
7402223,CVB45.BC,2022-12-03,Reparado,0,0,0.0,0,0
7402224,CVB45.BC,2021-09-30,Reparado,0,0,0.0,0,0
7402225,CVB45.BC,2021-04-10,Reparado,0,0,0.0,0,0
7402225,CVB45.BC,2025-05-27,Reparado,0,0,1508.0,1508,0
7402225,CVB45.BC,2025-07-18,Reparado / Garantía Lab,1,1,52.0,1560,0
7402226,CVB45.BC,2024-02-27,Reparado,0,0,0.0,0,0
7402227,CVB45.BC,2024-09-24,Reparado,0,0,0.0,0,0
7402230,CVB45.BC,2021-02-24,Reparado,0,0,0.0,0,0
7402230,CVB45.BC,2022-03-28,Reparado / Garantía Lab,0,0,397.0,397,0
7402230,CVB45.BC,2025-02-12,Reparado / Garantía Lab,0,0,1052.0,1449,0
7402232,CVB45.BC,2021-11-04,Reparado,0,0,0.0,0,0
7402232,CVB45.BC,2022-11-19,Reparado / Garantía Lab,0,0,380.0,380,0
7402233,CVB45.BC,2024-03-20,Reparado,0,0,0.0,0,0
7402234,CVB45.BC,2024-08-12,POD Reparado,0,0,0.0,0,0
7402235,CVB45.BC,2021-08-18,Reparado,0,0,0.0,0,1
7402235,CVB45.BC,2021-09-15,Reparado / Garantía Lab,1,1,28.0,28,0
7402236,CVB45.BC,2023-09-05,Reparado,0,0,0.0,0,0
7402237,CVB45.BC,2021-07-24,Reparado,0,0,0.0,0,0
7402237,CVB45.BC,2022-01-06,Reparado / Garantía Lab,1,1,166.0,166,0
7402238,CVB45.BC,2023-12-05,Reparado,0,0,0.0,0,0
7402239,CVB45.BC,2021-11-17,Reparado,0,0,0.0,0,0
7402242,CVB45.BC,2022-10-13,Reparado,0,0,0.0,0,0
7402242,CVB45.BC,2025-09-30,Reparado / Garantía Lab,0,0,1083.0,1083,0
7402244,CVB45.BC,2021-08-07,Reparado,0,0,0.0,0,0
7402245,CVB45.BC,2023-09-10,Reparado,0,0,0.0,0,0
7402247,CVB45.BC,2021-03-12,Reparado / Garantía Lab,0,0,0.0,0,0
7402247,CVB45.BC,2022-07-23,Reparado / Garantía Lab,0,0,498.0,498,0
7402247,CVB45.BC,2022-11-25,Reparado / Garantía Lab,1,1,125.0,623,0
7402248,CVB45.BC,2022-07-15,Reparado,0,0,0.0,0,0
7402249,CVB45.BC,2023-06-16,Reparado,0,0,0.0,0,0
7402249,CVB45.BC,2025-08-20,Reparado / Garantía Lab,0,0,796.0,796,0
7402251,CVB45.BC,2021-07-02,Reparado,0,0,0.0,0,0
7402255,CVB45.BC,2023-12-01,POD Reparado,0,0,0.0,0,0
7402256,CVB45.BC,2024-04-11,Reparado / Garantía Lab,0,0,0.0,0,1
7402256,CVB45.BC,2024-04-17,Reparado / Garantía Lab,1,1,6.0,6,1
7402256,CVB45.BC,2024-04-22,Reparado / Garantía Lab,2,2,5.0,11,0
7402258,CVB45.BC,2022-03-24,Reparado,0,0,0.0,0,0
7402260,CVB45.BC,2024-09-03,Reparado,0,0,0.0,0,0
7402261,CVB45.BC,2025-06-06,Reparado,0,0,0.0,0,0
7402261,CVB45.BC,2025-07-30,Reparado / Garantía Lab,1,1,54.0,54,0
7402261,CVB45.BC,2025-09-11,Reparado / Garantía Lab,2,2,43.0,97,1
7402261,CVB45.BC,2025-09-16,Reparado / Garantía Lab,3,3,5.0,102,0
7402262,CVB45.BC,2022-04-12,Reparado,0,0,0.0,0,0
7402262,CVB45.BC,2022-07-28,Reparado / Garantía Lab,1,1,107.0,107,1
7402262,CVB45.BC,2022-08-05,Reparado / Garantía Lab,2,2,8.0,115,1
7402262,CVB45.BC,2022-08-11,Reparado / Garantía Lab,3,3,6.0,121,0
7402263,CVB45.BC,2021-12-22,Reparado,0,0,0.0,0,0
7402263,CVB45.BC,2024-08-07,Reparado / Garantía Lab,0,0,959.0,959,1
7402263,CVB45.BC,2024-08-09,Reparado / Garantía Lab,1,1,2.0,961,0
7402266,CVB45.BC,2022-09-20,Reparado,0,0,0.0,0,0
7402266,CVB45.BC,2025-02-12,Reparado / Garantía Lab,0,0,876.0,876,0
7402268,CVB45.BC,2021-10-19,Reparado,0,0,0.0,0,0
7402270,CVB45.BC,2020-09-23,Reparado,0,0,0.0,0,0
7402271,CVB45.BC,2022-09-13,Reparado,0,0,0.0,0,0
7402271,CVB45.BC,2024-07-29,Reparado / Garantía Lab,0,0,685.0,685,0
7402271,CVB45.BC,2025-10-22,Reparado / Garantía Lab,0,0,450.0,1135,0
7402272,CVB45.BC,2024-07-04,Reparado,0,0,0.0,0,0
7402272,CVB45.BC,2025-12-04,Proceso,0,0,518.0,518,0
7402274,CVB45.BC,2021-02-12,Reparado,0,0,0.0,0,0
7402274,CVB45.BC,2021-04-01,Reparado,1,1,48.0,48,0
7402274,CVB45.BC,2022-10-22,Reparado / Garantía Lab,0,0,569.0,617,1
7402274,CVB45.BC,2022-11-11,Reparado / Garantía Lab,1,1,20.0,637,0
7402275,CVB45.BC,2023-10-25,Reparado,0,0,0.0,0,0
7402275,CVB45.BC,2024-08-13,Reparado / Garantía Lab,0,1,293.0,293,0
7402275,CVB45.BC,2025-03-04,Reparado / Garantía Lab,0,1,203.0,496,1
7402275,CVB45.BC,2025-03-06,Reparado / Garantía Lab,1,2,2.0,498,0
7402276,CVB45.BC,2023-10-17,Reparado,0,0,0.0,0,0
7402276,CVB45.BC,2024-07-03,Reparado / Garantía Lab,0,1,260.0,260,0
7402276,CVB45.BC,2025-08-14,Reparado / Garantía Lab,0,0,407.0,667,0
7402277,CVB45.BC,2023-11-01,Reparado,0,0,0.0,0,0
7402277,CVB45.BC,2024-06-26,POD Reparado,0,1,238.0,238,0
7402277,CVB45.BC,2024-08-21,Reparado / Garantía Lab,1,2,56.0,294,0
7402278,CVB45.BC,2025-11-21,Reparado / Garantía Lab,0,0,0.0,0,1
7402278,CVB45.BC,2025-11-26,Reparado / Garantía Lab,1,1,5.0,5,0
7402280,CVB45.BC,2023-10-25,Reparado,0,0,0.0,0,0
7402280,CVB45.BC,2025-10-27,Reparado / Garantía Lab,0,0,733.0,733,0
7402281,CVB45.BC,2023-07-29,Reparado,0,0,0.0,0,0
7402281,CVB45.BC,2025-08-06,Reparado / Garantía Lab,0,0,739.0,739,1
7402281,CVB45.BC,2025-08-19,Reparado / Garantía Lab,1,1,13.0,752,1
7402281,CVB45.BC,2025-08-22,Reparado / Garantía Lab,2,2,3.0,755,0
7402283,CVB45.BC,2022-12-16,Reparado,0,0,0.0,0,0
7402283,CVB45.BC,2024-11-04,Reparado / Garantía Lab,0,0,689.0,689,0
7402284,CVB45.BC,2021-08-18,Reparado,0,0,0.0,0,0
7402284,CVB45.BC,2023-09-23,Reparado / Garantía Lab,0,0,766.0,766,0
7402285,CVB45.BC,2021-08-11,Reparado,0,0,0.0,0,1
7402285,CVB45.BC,2021-08-30,Reparado / Garantía Lab,1,1,19.0,19,0
7402285,CVB45.BC,2023-05-28,Reparado / Garantía Lab,0,0,636.0,655,0
7402286,CVB45.BC,2022-10-28,POD Reparado,0,0,0.0,0,0
7402286,CVB45.BC,2024-10-22,Reparado / Garantía Lab,0,0,725.0,725,0
7402288,CVB45.BC,2021-07-07,Reparado,0,0,0.0,0,0
7402288,CVB45.BC,2021-08-31,Reparado / Garantía Lab,1,1,55.0,55,0
7402288,CVB45.BC,2022-02-10,Reparado / Garantía Lab,1,2,163.0,218,0
7402288,CVB45.BC,2023-08-10,Reparado / Garantía Lab,0,0,546.0,764,1
7402288,CVB45.BC,2023-09-04,Reparado / Garantía Lab,1,1,25.0,789,0
7402288,CVB45.BC,2023-10-12,Reparado / Garantía Lab,2,2,38.0,827,1
7402288,CVB45.BC,2023-10-18,Reparado / Garantía Lab,3,3,6.0,833,0
7402288,CVB45.BC,2024-05-23,Reparado / Garantía Lab,0,4,218.0,1051,0
7402288,CVB45.BC,2024-07-02,Reparado / Garantía Lab,1,5,40.0,1091,1
7402288,CVB45.BC,2024-07-19,Reparado / Garantía Lab,2,6,17.0,1108,0
7402288,CVB45.BC,2024-10-02,Reparado / Garantía Lab,3,5,75.0,1183,0
7402288,CVB45.BC,2025-08-19,Reparado / Garantía Lab,0,1,321.0,1504,0
7402289,CVB45.BC,2024-08-19,Reparado,0,0,0.0,0,0
7402292,CVB45.BC,2024-06-23,Reparado,0,0,0.0,0,0
7402293,CVB45.BC,2025-09-05,Reparado / Garantía Lab,0,0,0.0,0,1
7402293,CVB45.BC,2025-09-11,Reparado / Garantía Lab,1,1,6.0,6,0
7402294,CVB45.BC,2022-10-25,POD Reparado,0,0,0.0,0,0
7402294,CVB45.BC,2023-07-24,Reparado / Garantía Lab,0,1,272.0,272,0
7402294,CVB45.BC,2025-08-08,Reparado / Garantía Lab,0,0,746.0,1018,0
7402295,CVB45.BC,2021-08-03,Reparado,0,0,0.0,0,0
7402295,CVB45.BC,2022-11-30,Reparado / Garantía Lab,0,0,484.0,484,1
7402295,CVB45.BC,2022-12-12,Reparado / Garantía Lab,1,1,12.0,496,0
7402297,CVB45.BC,2021-02-10,Reparado,0,0,0.0,0,0
7402297,CVB45.BC,2022-07-15,Reparado / Garantía Lab,0,0,520.0,520,1
7402297,CVB45.BC,2022-08-11,Reparado / Garantía Lab,1,1,27.0,547,0
7402298,CVB45.BC,2021-11-12,Reparado,0,0,0.0,0,0
7402298,CVB45.BC,2023-05-16,Reparado / Garantía Lab,0,0,550.0,550,0
7402300,CVB45.BC,2023-10-13,Reparado,0,0,0.0,0,0
7402301,CVB45.BC,2021-07-02,Reparado,0,0,0.0,0,0
7402301,CVB45.BC,2024-08-08,Reparado / Garantía Lab,0,0,1133.0,1133,0
7402302,CVB45.BC,2021-08-09,Reparado,0,0,0.0,0,0
7402302,CVB45.BC,2023-05-06,Reparado / Garantía Lab,0,0,635.0,635,0
7402302,CVB45.BC,2025-01-13,Reparado / Garantía Lab,0,0,618.0,1253,0
7402303,CVB45.BC,2021-02-09,Reparado,0,0,0.0,0,1
7402303,CVB45.BC,2021-03-03,Reparado,1,1,22.0,22,0
7402303,CVB45.BC,2022-05-31,Reparado / Garantía Lab,0,0,454.0,476,0
7402305,CVB45.BC,2023-06-09,Reparado,0,0,0.0,0,0
7402306,CVB45.BC,2022-09-30,Reparado,0,0,0.0,0,0
7402306,CVB45.BC,2025-08-08,Reparado / Garantía Lab,0,0,1043.0,1043,1
7402306,CVB45.BC,2025-08-13,Reparado / Garantía Lab,1,1,5.0,1048,0
7402306,CVB45.BC,2025-11-03,Reparado / Garantía Lab,2,2,82.0,1130,1
7402306,CVB45.BC,2025-11-06,Reparado / Garantía Lab,3,3,3.0,1133,0
7402307,CVB45.BC,2022-02-17,Reparado,0,0,0.0,0,0
7402307,CVB45.BC,2022-05-30,Reparado / Garantía Lab,1,1,102.0,102,0
7402307,CVB45.BC,2022-07-05,Reparado / Garantía Lab,2,2,36.0,138,0
7402307,CVB45.BC,2023-06-23,Reparado / Garantía Lab,0,1,353.0,491,0
7402307,CVB45.BC,2025-11-17,Reparado / Garantía Lab,0,0,878.0,1369,0
7402309,CVB45.BC,2022-09-23,Reparado,0,0,0.0,0,0
7402310,CVB45.BC,2022-08-08,Reparado,0,0,0.0,0,0
7402310,CVB45.BC,2023-11-17,Reparado / Garantía Lab,0,0,466.0,466,1
7402310,CVB45.BC,2023-11-21,Reparado / Garantía Lab,1,1,4.0,470,0
7402311,CVB45.BC,2023-06-08,Reparado,0,0,0.0,0,0
7402311,CVB45.BC,2025-10-20,Reparado / Garantía Lab,0,0,865.0,865,1
7402311,CVB45.BC,2025-11-07,Reparado / Garantía Lab,1,1,18.0,883,0
7402312,CVB45.BC,2021-02-01,Reparado,0,0,0.0,0,0
7402312,CVB45.BC,2021-07-03,Reparado,1,1,152.0,152,0
7402314,CVB45.BC,2024-07-12,Reparado,0,0,0.0,0,0
7402315,CVB45.BC,2025-08-26,Reparado,0,0,0.0,0,0
7402316,CVB45.BC,2025-05-30,Reparado / Garantía Lab,0,0,0.0,0,1
7402316,CVB45.BC,2025-06-05,Reparado / Garantía Lab,1,1,6.0,6,0
7402319,CVB45.BC,2022-05-11,Reparado,0,0,0.0,0,0
7402319,CVB45.BC,2022-09-23,Reparado / Garantía Lab,1,1,135.0,135,0
7402319,CVB45.BC,2023-11-07,Reparado / Garantía Lab,0,0,410.0,545,0
7402319,CVB45.BC,2025-01-29,Reparado / Garantía Lab,0,0,449.0,994,0
7402319,CVB45.BC,2025-11-25,Reparado / Garantía Lab,0,1,300.0,1294,0
7402320,CVB45.BC,2022-08-10,Reparado,0,0,0.0,0,0
7402320,CVB45.BC,2023-08-30,Reparado / Garantía Lab,0,0,385.0,385,0
7402320,CVB45.BC,2024-10-02,Reparado / Garantía Lab,0,0,399.0,784,0
7402321,CVB45.BC,2024-09-05,Reparado,0,0,0.0,0,0
7402322,CVB45.BC,2022-12-17,Reparado,0,0,0.0,0,0
7402323,CVB45.BC,2024-11-27,Reparado,0,0,0.0,0,0
7402326,CVB45.BC,2023-11-02,Reparado,0,0,0.0,0,0
7402326,CVB45.BC,2024-12-18,Reparado / Garantía Lab,0,0,412.0,412,0
7402327,CVB45.BC,2021-12-18,Reparado,0,0,0.0,0,0
7402328,CVB45.BC,2023-01-14,POD Reparado,0,0,0.0,0,0
7402329,CVB45.BC,2021-07-15,Reparado,0,0,0.0,0,0
7402330,CVB45.BC,2022-05-23,Reparado,0,0,0.0,0,1
7402330,CVB45.BC,2022-06-16,Reparado / Garantía Lab,1,1,24.0,24,0
7402330,CVB45.BC,2022-07-22,Reparado / Garantía Lab,2,2,36.0,60,0
7402330,CVB45.BC,2024-09-16,Reparado / Garantía Lab,0,0,787.0,847,0
7402330,CVB45.BC,2025-05-09,Reparado / Garantía Lab,0,1,235.0,1082,1
7402330,CVB45.BC,2025-05-13,Reparado / Garantía Lab,1,2,4.0,1086,0
7402331,CVB45.BC,2022-12-19,Reparado,0,0,0.0,0,0
7402331,CVB45.BC,2023-05-03,Reparado / Garantía Lab,1,1,135.0,135,0
7402331,CVB45.BC,2023-06-08,Reparado / Garantía Lab,2,2,36.0,171,1
7402331,CVB45.BC,2023-06-22,Reparado / Garantía Lab,2,3,14.0,185,0
7402331,CVB45.BC,2023-08-03,Reparado / Garantía Lab,3,4,42.0,227,1
7402331,CVB45.BC,2023-08-14,Reparado / Garantía Lab,4,5,11.0,238,1
7402331,CVB45.BC,2023-09-09,Reparado / Garantía Lab,5,6,26.0,264,1
7402331,CVB45.BC,2023-09-25,Reparado / Garantía Lab,6,7,16.0,280,1
7402331,CVB45.BC,2023-10-02,Reparado / Garantía Lab,7,8,7.0,287,0
7402331,CVB45.BC,2024-07-09,Reparado / Garantía Lab,0,5,281.0,568,0
7402332,CVB45.BC,2020-11-17,Reparado,0,0,0.0,0,0
7402332,CVB45.BC,2020-12-18,Reparado / Garantía Lab,1,1,31.0,31,0
7402333,CVB45.BC,2023-10-18,Reparado,0,0,0.0,0,0
7402335,CVB45.BC,2021-06-12,Reparado,0,0,0.0,0,0
7402335,CVB45.BC,2023-08-31,Reparado / Garantía Lab,0,0,810.0,810,0
7402336,CVB45.BC,2021-09-17,Reparado,0,0,0.0,0,0
7402336,CVB45.BC,2022-04-20,Reparado / Garantía Lab,0,1,215.0,215,0
7402336,CVB45.BC,2023-09-13,Reparado / Garantía Lab,0,0,511.0,726,0
7402337,CVB45.BC,2023-07-21,Reparado,0,0,0.0,0,0
7402338,CVB45.BC,2021-09-21,Reparado,0,0,0.0,0,0
7402339,CVB45.BC,2020-01-13,Reparado,0,0,0.0,0,0
7402339,CVB45.BC,2023-06-08,Reparado / Garantía Lab,0,0,1242.0,1242,0
7402339,CVB45.BC,2025-09-09,Reparado / Garantía Lab,0,0,824.0,2066,0
7402340,CVB45.BC,2023-09-26,Reparado,0,0,0.0,0,0
7402341,CVB45.BC,2021-04-20,Reparado,0,0,0.0,0,0
7402343,CVB45.BC,2022-12-03,Reparado,0,0,0.0,0,0
7402343,CVB45.BC,2025-02-17,Reparado / Garantía Lab,0,0,807.0,807,1
7402343,CVB45.BC,2025-02-26,Reparado / Garantía Lab,1,1,9.0,816,0
7402343,CVB45.BC,2025-10-02,Reparado / Garantía Lab,0,2,218.0,1034,0
7402345,CVB45.BC,2023-10-21,Reparado,0,0,0.0,0,0
7402345,CVB45.BC,2025-01-21,Reparado / Garantía Lab,0,0,458.0,458,1
7402345,CVB45.BC,2025-02-13,Reparado / Garantía Lab,1,1,23.0,481,1
7402345,CVB45.BC,2025-02-17,Reparado / Garantía Lab,2,2,4.0,485,0
7402346,CVB45.BC,2020-10-20,Reparado,0,0,0.0,0,0
7402346,CVB45.BC,2021-12-22,Reparado / Garantía Lab,0,0,428.0,428,0
7402347,CVB45.BC,2021-01-21,Reparado,0,0,0.0,0,0
7402347,CVB45.BC,2022-08-10,Reparado,0,0,566.0,566,0
7402348,CVB45.BC,2022-08-24,Reparado,0,0,0.0,0,0
7402349,CVB45.BC,2021-01-01,Reparado,0,0,0.0,0,0
7402349,CVB45.BC,2023-06-15,Reparado / Garantía Lab,0,0,895.0,895,0
7402350,CVB45.BC,2025-11-25,Reparado / Garantía Lab,0,0,0.0,0,0
7402351,CVB45.BC,2025-10-02,Reparado,0,0,0.0,0,0
7402352,CVB45.BC,2021-10-10,Reparado,0,0,0.0,0,0
7402355,CVB45.BC,2021-02-22,Reparado,0,0,0.0,0,0
7402355,CVB45.BC,2022-12-07,Reparado / Garantía Lab,0,0,653.0,653,0
7402355,CVB45.BC,2024-11-28,Reparado / Garantía Lab,0,0,722.0,1375,0
7402357,CVB45.BC,2025-09-25,Reparado / Garantía Lab,0,0,0.0,0,1
7402357,CVB45.BC,2025-10-01,Reparado / Garantía Lab,1,1,6.0,6,0
7402358,CVB45.BC,2021-10-07,Reparado,0,0,0.0,0,0
7402358,CVB45.BC,2024-11-27,Reparado / Garantía Lab,0,0,1147.0,1147,0
7402359,CVB45.BC,2022-12-07,Reparado,0,0,0.0,0,0
7402359,CVB45.BC,2024-05-08,Reparado / Garantía Lab,0,0,518.0,518,0
7402361,CVB45.BC,2023-12-02,POD Reparado,0,0,0.0,0,0
7402361,CVB45.BC,2024-08-12,Reparado / Garantía Lab,0,1,254.0,254,0
7402362,CVB45.BC,2025-09-08,Reparado,0,0,0.0,0,0
7402363,CVB45.BC,2021-01-29,Reparado,0,0,0.0,0,0
7402363,CVB45.BC,2021-03-01,Reparado / Garantía Lab,1,1,31.0,31,1
7402363,CVB45.BC,2021-03-26,Reparado / Garantía Lab,2,2,25.0,56,0
7402363,CVB45.BC,2022-08-03,Reparado / Garantía Lab,0,0,495.0,551,1
7402363,CVB45.BC,2022-08-18,Reparado / Garantía Lab,1,1,15.0,566,0
7402363,CVB45.BC,2023-11-16,Reparado / Garantía Lab,0,0,455.0,1021,1
7402363,CVB45.BC,2023-11-25,Reparado / Garantía Lab,1,1,9.0,1030,0
7402364,CVB45.BC,2023-10-31,Reparado,0,0,0.0,0,0
7402365,CVB45.BC,2025-09-08,Reparado,0,0,0.0,0,0
7402366,CVB45.BC,2020-12-11,Reparado,0,0,0.0,0,0
7402366,CVB45.BC,2025-08-25,Reparado / Garantía Lab,0,0,1718.0,1718,0
7402367,CVB45.BC,2022-03-29,Reparado,0,0,0.0,0,0
7402368,CVB45.BC,2021-02-22,Reparado,0,0,0.0,0,0
7402368,CVB45.BC,2023-10-04,Reparado / Garantía Lab,0,0,954.0,954,0
7402369,CVB45.BC,2021-06-25,Reparado,0,0,0.0,0,0
7402370,CVB45.BC,2022-11-21,Reparado,0,0,0.0,0,0
7402370,CVB45.BC,2025-09-23,POD Reparado,0,0,1037.0,1037,0
7402371,CVB45.BC,2024-10-16,Reparado,0,0,0.0,0,0
7402372,CVB45.BC,2021-06-17,Reparado,0,0,0.0,0,0
7402372,CVB45.BC,2022-11-15,Reparado / Garantía Lab,0,0,516.0,516,1
7402372,CVB45.BC,2022-11-23,Reparado / Garantía Lab,1,1,8.0,524,0
7402372,CVB45.BC,2025-07-15,Reparado / Garantía Lab,0,0,965.0,1489,0
7402373,CVB45.BC,2023-05-16,Reparado,0,0,0.0,0,0
7402373,CVB45.BC,2025-09-11,Reparado / Garantía Lab,0,0,849.0,849,0
7402374,CVB45.BC,2020-12-03,Reparado,0,0,0.0,0,0
7402374,CVB45.BC,2023-06-23,Reparado / Garantía Lab,0,0,932.0,932,0
7402375,CVB45.BC,2025-07-18,Reparado,0,0,0.0,0,0
7402376,CVB45.BC,2024-05-14,Reparado,0,0,0.0,0,0
7402377,CVB45.BC,2021-10-02,Reparado,0,0,0.0,0,0
7402377,CVB45.BC,2022-03-15,Reparado / Garantía Lab,1,1,164.0,164,0
7402378,CVB45.BC,2021-05-20,Reparado,0,0,0.0,0,0
7402379,CVB45.BC,2023-08-09,Reparado,0,0,0.0,0,0
7402381,CVB45.BC,2021-08-14,Reparado,0,0,0.0,0,0
7402381,CVB45.BC,2024-08-07,Reparado / Garantía Lab,0,0,1089.0,1089,0
7402382,CVB45.BC,2022-11-03,Reparado,0,0,0.0,0,0
7402383,CVB45.BC,2025-01-23,POD Reparado,0,0,0.0,0,1
7402383,CVB45.BC,2025-02-12,Reparado / Garantía Lab,1,1,20.0,20,0
7402384,CVB45.BC,2025-11-17,Reparado,0,0,0.0,0,0
7402385,CVB45.BC,2023-10-17,Reparado,0,0,0.0,0,0
7402385,CVB45.BC,2025-08-11,Reparado / Garantía Lab,0,0,664.0,664,0
7402386,CVB45.BC,2021-05-12,Reparado,0,0,0.0,0,0
7402387,CVB45.BC,2021-12-24,Reparado,0,0,0.0,0,0
7402388,CVB45.BC,2024-09-17,Reparado,0,0,0.0,0,0
7402389,CVB45.BC,2021-10-16,Reparado,0,0,0.0,0,0
7402389,CVB45.BC,2024-12-11,Reparado / Garantía Lab,0,0,1152.0,1152,0
7402390,CVB45.BC,2021-05-25,POD,0,0,0.0,0,0
7402390,CVB45.BC,2021-05-25,POD Reparado,0,0,0.0,0,0
7402391,CVB45.BC,2021-10-01,Reparado,0,0,0.0,0,0
7402392,CVB45.BC,2021-12-24,Reparado,0,0,0.0,0,0
7402394,CVB45.BC,2021-09-29,Reparado,0,0,0.0,0,0
7402394,CVB45.BC,2022-11-08,Reparado / Garantía Lab,0,0,405.0,405,0
7402395,CVB45.BC,2021-05-27,Reparado,0,0,0.0,0,0
7402395,CVB45.BC,2021-07-27,Reparado / Garantía Lab,1,1,61.0,61,0
7402396,CVB45.BC,2021-09-14,Reparado,0,0,0.0,0,0
7402398,CVB45.BC,2024-05-07,Reparado,0,0,0.0,0,0
7402398,CVB45.BC,2025-06-26,Reparado / Garantía Lab,0,0,415.0,415,0
7402399,CVB45.BC,2023-10-31,Reparado,0,0,0.0,0,0
7402401,CVB45.BC,2020-12-30,Reparado,0,0,0.0,0,0
7402401,CVB45.BC,2025-07-18,Reparado / Garantía Lab,0,0,1661.0,1661,0
7402401,CVB45.BC,2025-08-26,Reparado / Garantía Lab,1,1,39.0,1700,0
7402402,CVB45.BC,2023-09-12,Reparado,0,0,0.0,0,0
7402403,CVB45.BC,2025-10-28,Reparado,0,0,0.0,0,0
7402404,CVB45.BC,2023-05-18,Reparado,0,0,0.0,0,0
7402407,CVB45.BC,2022-09-29,Reparado,0,0,0.0,0,0
7402408,CVB45.BC,2025-02-07,Reparado / Garantía Lab,0,0,0.0,0,1
7402408,CVB45.BC,2025-02-14,Reparado / Garantía Lab,1,1,7.0,7,0
7402408,CVB45.BC,2025-04-22,Reparado / Garantía Lab,2,2,67.0,74,1
7402408,CVB45.BC,2025-05-13,Reparado / Garantía Lab,3,3,21.0,95,0
7402408,CVB45.BC,2025-06-30,Reparado / Garantía Lab,4,4,48.0,143,0
7402409,CVB45.BC,2021-06-25,Reparado,0,0,0.0,0,0
7402410,CVB45.BC,2023-05-24,Reparado,0,0,0.0,0,0
7402411,CVB45.BC,2025-11-17,Reparado / Garantía Lab,0,0,0.0,0,1
7402411,CVB45.BC,2025-11-19,Reparado / Garantía Lab,1,1,2.0,2,0
7402412,CVB45.BC,2025-08-18,Reparado,0,0,0.0,0,0
7402413,CVB45.BC,2023-07-05,Reparado,0,0,0.0,0,0
7402414,CVB45.BC,2021-02-17,Reparado,0,0,0.0,0,0
7402414,CVB45.BC,2022-01-28,Reparado / Garantía Lab,0,1,345.0,345,0
7402415,CVB45.BC,2022-03-24,Reparado,0,0,0.0,0,0
7402415,CVB45.BC,2025-10-07,Reparado / Garantía Lab,0,0,1293.0,1293,0
7402416,CVB45.BC,2023-10-20,Reparado,0,0,0.0,0,0
7402416,CVB45.BC,2025-10-20,Reparado / Garantía Lab,0,0,731.0,731,0
7402417,CVB45.BC,2020-12-30,Reparado,0,0,0.0,0,1
7402417,CVB45.BC,2021-01-22,Reparado,1,1,23.0,23,0
7402417,CVB45.BC,2025-10-14,Reparado,0,0,1726.0,1749,0
7402418,CVB45.BC,2023-05-31,Reparado,0,0,0.0,0,0
7402418,CVB45.BC,2025-09-11,Reparado / Garantía Lab,0,0,834.0,834,1
7402418,CVB45.BC,2025-09-16,Reparado / Garantía Lab,1,1,5.0,839,0
7402420,CVB45.BC,2023-03-01,Reparado,0,0,0.0,0,0
7402420,CVB45.BC,2024-01-09,Reparado / Garantía Lab,0,1,314.0,314,0
7402421,CVB45.BC,2021-08-27,Reparado,0,0,0.0,0,0
7402422,CVB45.BC,2021-02-04,Reparado,0,0,0.0,0,0
7402423,CVB45.BC,2022-12-17,Reparado,0,0,0.0,0,0
7402424,CVB45.BC,2021-09-15,Reparado,0,0,0.0,0,0
7402424,CVB45.BC,2023-01-08,Reparado / Garantía Lab,0,0,480.0,480,0
7402424,CVB45.BC,2025-06-12,Reparado / Garantía Lab,0,0,886.0,1366,0
7402425,CVB45.BC,2025-03-17,Reparado,0,0,0.0,0,0
7402425,CVB45.BC,2025-10-20,Reparado / Garantía Lab,0,1,217.0,217,0
7402426,CVB45.BC,2021-05-25,Reparado,0,0,0.0,0,0
7402426,CVB45.BC,2022-05-05,Reparado / Garantía Lab,0,1,345.0,345,0
7402427,CVB45.BC,2024-05-04,Reparado,0,0,0.0,0,0
7402427,CVB45.BC,2025-10-27,Reparado / Garantía Lab,0,0,541.0,541,0
7402429,CVB45.BC,2020-10-29,Reparado,0,0,0.0,0,0
7402429,CVB45.BC,2023-09-22,Reparado / Garantía Lab,0,0,1058.0,1058,0
7402429,CVB45.BC,2024-03-21,Reparado / Garantía Lab,0,1,181.0,1239,0
7402430,CVB45.BC,2025-09-11,Reparado,0,0,0.0,0,0
7402432,CVB45.BC,2022-07-19,Reparado,0,0,0.0,0,0
7402433,CVB45.BC,2022-06-17,Reparado,0,0,0.0,0,0
7402433,CVB45.BC,2024-12-11,Reparado / Garantía Lab,0,0,908.0,908,1
7402433,CVB45.BC,2024-12-16,Reparado / Garantía Lab,1,1,5.0,913,1
7402433,CVB45.BC,2024-12-19,Reparado / Garantía Lab,2,2,3.0,916,0
7402433,CVB45.BC,2025-01-23,Reparado / Garantía Lab,3,3,35.0,951,1
7402433,CVB45.BC,2025-02-06,Reparado / Garantía Lab,4,4,14.0,965,0
7402433,CVB45.BC,2025-04-03,Reparado / Garantía Lab,5,5,56.0,1021,1
7402433,CVB45.BC,2025-04-21,Reparado / Garantía Lab,6,6,18.0,1039,0
7402433,CVB45.BC,2025-06-24,Reparado / Garantía Lab,4,7,64.0,1103,0
7402434,CVB45.BC,2022-10-22,Reparado,0,0,0.0,0,0
7402434,CVB45.BC,2022-11-25,Reparado / Garantía Lab,1,1,34.0,34,0
7402435,CVB45.BC,2021-10-02,Reparado,0,0,0.0,0,0
7402436,CVB45.BC,2025-07-21,Reparado,0,0,0.0,0,0
7402437,CVB45.BC,2023-06-03,Reparado,0,0,0.0,0,0
7402438,CVB45.BC,2023-10-07,Reparado,0,0,0.0,0,0
7402439,CVB45.BC,2021-12-18,Reparado,0,0,0.0,0,0
7402442,CVB45.BC,2024-12-18,Reparado,0,0,0.0,0,0
7402444,CVB45.BC,2023-10-17,Reparado / Garantía Lab,0,0,0.0,0,1
7402444,CVB45.BC,2023-10-20,Reparado / Garantía Lab,1,1,3.0,3,1
7402444,CVB45.BC,2023-10-31,Reparado / Garantía Lab,2,2,11.0,14,1
7402444,CVB45.BC,2023-11-07,Reparado / Garantía Lab,3,3,7.0,21,0
7402446,CVB45.BC,2021-07-12,Reparado,0,0,0.0,0,0
7402446,CVB45.BC,2021-10-15,Reparado / Garantía Lab,1,1,95.0,95,0
7402446,CVB45.BC,2024-11-15,Reparado / Garantía Lab,0,0,1127.0,1222,1
7402446,CVB45.BC,2024-12-12,Reparado / Garantía Lab,1,1,27.0,1249,1
7402446,CVB45.BC,2024-12-24,Reparado / Garantía Lab,2,2,12.0,1261,1
7402446,CVB45.BC,2024-12-30,Reparado / Garantía Lab,3,3,6.0,1267,1
7402446,CVB45.BC,2025-01-02,Reparado / Garantía Lab,4,4,3.0,1270,1
7402446,CVB45.BC,2025-01-22,Reparado / Garantía Lab,5,5,20.0,1290,1
7402446,CVB45.BC,2025-01-27,Reparado / Garantía Lab,6,6,5.0,1295,1
7402446,CVB45.BC,2025-02-18,Reparado / Garantía Lab,7,7,22.0,1317,1
7402446,CVB45.BC,2025-02-20,Reparado / Garantía Lab,8,8,2.0,1319,0
7402446,CVB45.BC,2025-04-14,Reparado / Garantía Lab,9,9,53.0,1372,1
7402446,CVB45.BC,2025-04-24,Reparado / Garantía Lab,10,10,10.0,1382,1
7402446,CVB45.BC,2025-05-14,Reparado / Garantía Lab,11,11,20.0,1402,1
7402446,CVB45.BC,2025-05-22,Reparado / Garantía Lab,11,12,8.0,1410,1
7402446,CVB45.BC,2025-05-28,Reparado / Garantía Lab,12,13,6.0,1416,1
7402446,CVB45.BC,2025-06-13,Reparado / Garantía Lab,12,14,16.0,1432,1
7402446,CVB45.BC,2025-06-26,Reparado / Garantía Lab,12,15,13.0,1445,1
7402446,CVB45.BC,2025-07-01,Reparado / Garantía Lab,12,16,5.0,1450,0
7402446,CVB45.BC,2025-10-09,Reparado / Garantía Lab,8,17,100.0,1550,0
7402447,CVB45.BC,2023-05-23,Reparado,0,0,0.0,0,0
7402447,CVB45.BC,2025-09-15,Reparado / Garantía Lab,0,0,846.0,846,0
7402448,CVB45.BC,2021-12-14,Reparado,0,0,0.0,0,0
7402448,CVB45.BC,2024-02-23,Reparado / Garantía Lab,0,0,801.0,801,0
7402451,CVB45.BC,2023-09-16,Reparado,0,0,0.0,0,0
7402451,CVB45.BC,2024-07-23,Reparado / Garantía Lab,0,1,311.0,311,0
7402451,CVB45.BC,2024-11-15,Reparado / Garantía Lab,1,1,115.0,426,0
7402451,CVB45.BC,2025-01-14,Reparado / Garantía Lab,2,2,60.0,486,1
7402451,CVB45.BC,2025-01-20,Reparado / Garantía Lab,2,3,6.0,492,1
7402451,CVB45.BC,2025-02-06,Reparado / Garantía Lab,3,4,17.0,509,1
7402451,CVB45.BC,2025-03-04,Reparado / Garantía Lab,4,5,26.0,535,1
7402451,CVB45.BC,2025-03-11,Reparado / Garantía Lab,5,6,7.0,542,0
7402452,CVB45.BC,2021-07-21,Reparado,0,0,0.0,0,0
7402452,CVB45.BC,2022-02-04,Reparado / Garantía Lab,0,1,198.0,198,0
7402453,CVB45.BC,2022-12-31,Reparado,0,0,0.0,0,0
7402453,CVB45.BC,2025-01-07,Reparado / Garantía Lab,0,0,738.0,738,0
7402453,CVB45.BC,2025-03-21,Reparado / Garantía Lab,1,1,73.0,811,1
7402453,CVB45.BC,2025-04-09,Reparado / Garantía Lab,2,2,19.0,830,1
7402453,CVB45.BC,2025-04-11,Reparado / Garantía Lab,3,3,2.0,832,0
7402453,CVB45.BC,2025-10-15,Reparado / Garantía Lab,0,4,187.0,1019,0
7402453,CVB45.BC,2025-11-20,Reparado / Garantía Lab,1,5,36.0,1055,0
7402454,CVB45.BC,2023-05-26,Reparado,0,0,0.0,0,1
7402454,CVB45.BC,2023-05-31,Reparado / Garantía Lab,1,1,5.0,5,0
7402454,CVB45.BC,2024-09-04,Reparado / Garantía Lab,0,0,462.0,467,1
7402454,CVB45.BC,2024-09-26,Reparado / Garantía Lab,1,1,22.0,489,1
7402454,CVB45.BC,2024-10-04,Reparado / Garantía Lab,2,2,8.0,497,0
7402455,CVB45.BC,2020-11-01,Reparado,0,0,0.0,0,0
7402455,CVB45.BC,2021-10-23,Reparado / Garantía Lab,0,1,356.0,356,0
7402456,CVB45.BC,2021-03-18,POD,0,0,0.0,0,0
7402456,CVB45.BC,2021-03-18,POD Reparado,0,0,0.0,0,0
7402456,CVB45.BC,2022-11-06,Reparado / Garantía Lab,0,0,598.0,598,0
7402457,CVB45.BC,2024-01-25,Reparado,0,0,0.0,0,0
7402458,CVB45.BC,2021-01-11,POD,0,0,0.0,0,0
7402458,CVB45.BC,2021-07-11,POD Reparado,0,1,181.0,181,0
7402461,CVB45.BC,2023-10-13,Reparado,0,0,0.0,0,0
7402463,CVB45.BC,2021-07-22,Reparado,0,0,0.0,0,0
7402464,CVB45.BC,2021-06-25,Reparado,0,0,0.0,0,0
7402464,CVB45.BC,2022-08-27,Reparado / Garantía Lab,0,0,428.0,428,0
7402464,CVB45.BC,2023-08-03,Reparado / Garantía Lab,0,1,341.0,769,0
7402464,CVB45.BC,2024-11-11,Reparado / Garantía Lab,0,0,466.0,1235,0
7402465,CVB45.BC,2021-02-19,Reparado,0,0,0.0,0,0
7402467,CVB45.BC,2025-04-17,Reparado,0,0,0.0,0,0
7402468,CVB45.BC,2022-03-29,Reparado,0,0,0.0,0,0
7402469,CVB45.BC,2021-01-18,Reparado,0,0,0.0,0,0
7402469,CVB45.BC,2022-04-13,Reparado / Garantía Lab,0,0,450.0,450,0
7402469,CVB45.BC,2025-09-23,Reparado / Garantía Lab,0,0,1259.0,1709,0
7402469,CVB45.BC,2025-10-30,Reparado / Garantía Lab,1,1,37.0,1746,1
7402469,CVB45.BC,2025-11-06,Reparado / Garantía Lab,2,2,7.0,1753,0
7402470,CVB45.BC,2023-10-12,Reparado,0,0,0.0,0,0
7402470,CVB45.BC,2025-08-25,Reparado / Garantía Lab,0,0,683.0,683,0
7402471,CVB45.BC,2022-06-21,Reparado,0,0,0.0,0,0
7402471,CVB45.BC,2023-08-24,Reparado / Garantía Lab,0,0,429.0,429,0
7402471,CVB45.BC,2024-09-04,POD Reparado,0,0,377.0,806,0
7402471,CVB45.BC,2025-09-05,Reparado / Garantía Lab,0,0,366.0,1172,0
7402472,CVB45.BC,2021-05-21,Reparado,0,0,0.0,0,0
7402472,CVB45.BC,2024-05-08,Reparado / Garantía Lab,0,0,1083.0,1083,0
7402472,CVB45.BC,2024-06-27,Reparado / Garantía Lab,1,1,50.0,1133,1
7402472,CVB45.BC,2024-07-15,Reparado / Garantía Lab,2,2,18.0,1151,1
7402472,CVB45.BC,2024-07-25,Reparado / Garantía Lab,3,3,10.0,1161,0
7402472,CVB45.BC,2025-09-11,Reparado / Garantía Lab,0,0,413.0,1574,0
7402473,CVB45.BC,2021-10-08,Reparado,0,0,0.0,0,0
7402474,CVB45.BC,2023-01-24,Reparado,0,0,0.0,0,0
7402475,CVB45.BC,2021-02-08,Reparado,0,0,0.0,0,0
7402476,CVB45.BC,2025-02-26,Reparado,0,0,0.0,0,0
7402477,CVB45.BC,2021-10-02,Reparado,0,0,0.0,0,0
7402477,CVB45.BC,2024-11-19,Reparado / Garantía Lab,0,0,1144.0,1144,0
7402477,CVB45.BC,2025-05-12,Reparado / Garantía Lab,1,1,174.0,1318,0
7402478,CVB45.BC,2021-07-12,Reparado,0,0,0.0,0,0
7402478,CVB45.BC,2022-04-08,POD Reparado,0,1,270.0,270,0
7402478,CVB45.BC,2024-10-01,Reparado / Garantía Lab,0,0,907.0,1177,0
7402480,CVB45.BC,2021-10-11,Reparado,0,0,0.0,0,0
7402480,CVB45.BC,2023-04-19,Reparado / Garantía Lab,0,0,555.0,555,0
7402481,CVB45.BC,2021-10-05,Reparado,0,0,0.0,0,0
7402481,CVB45.BC,2024-09-09,Reparado / Garantía Lab,0,0,1070.0,1070,0
7402482,CVB45.BC,2025-06-24,Reparado / Garantía Lab,0,0,0.0,0,1
7402482,CVB45.BC,2025-06-27,Reparado / Garantía Lab,1,1,3.0,3,0
7402483,CVB45.BC,2025-10-28,Reparado / Garantía Lab,0,0,0.0,0,1
7402483,CVB45.BC,2025-11-03,Reparado / Garantía Lab,1,1,6.0,6,0
7402484,CVB45.BC,2022-12-26,Reparado,0,0,0.0,0,0
7402486,CVB45.BC,2021-10-26,Reparado,0,0,0.0,0,0
7402487,CVB45.BC,2023-05-31,Reparado,0,0,0.0,0,0
7402487,CVB45.BC,2023-10-12,Reparado / Garantía Lab,1,1,134.0,134,0
7402489,CVB45.BC,2021-11-07,Reparado,0,0,0.0,0,0
7402490,CVB45.BC,2021-01-27,POD Reparado,0,0,0.0,0,1
7402490,CVB45.BC,2021-02-01,POD,1,1,5.0,5,0
7402490,CVB45.BC,2022-04-27,Reparado / Garantía Lab,0,0,450.0,455,1
7402490,CVB45.BC,2022-05-19,POD Reparado,1,1,22.0,477,0
7402490,CVB45.BC,2022-11-08,Reparado / Garantía Lab,1,2,173.0,650,0
7402492,CVB45.BC,2023-04-10,Reparado,0,0,0.0,0,0
7402492,CVB45.BC,2025-01-31,Reparado / Garantía Lab,0,0,662.0,662,0
7402492,CVB45.BC,2025-03-18,Reparado / Garantía Lab,1,1,46.0,708,0
7402493,CVB45.BC,2021-11-04,Reparado,0,0,0.0,0,0
7402497,CVB45.BC,2024-05-26,Reparado,0,0,0.0,0,0
7402499,CVB45.BC,2022-09-22,Reparado,0,0,0.0,0,0
7402499,CVB45.BC,2025-10-22,Reparado / Garantía Lab,0,0,1126.0,1126,0
7402501,CVB45.BC,2025-04-24,Reparado,0,0,0.0,0,0
7402502,CVB45.BC,2021-02-25,Reparado,0,0,0.0,0,0
7402503,CVB45.BC,2022-12-23,Reparado,0,0,0.0,0,0
7402503,CVB45.BC,2025-07-31,Reparado / Garantía Lab,0,0,951.0,951,1
7402503,CVB45.BC,2025-08-06,Reparado / Garantía Lab,1,1,6.0,957,0
7402504,CVB45.BC,2023-12-05,Reparado,0,0,0.0,0,0
7402506,CVB45.BC,2022-09-27,Reparado,0,0,0.0,0,0
7402506,CVB45.BC,2024-08-23,Reparado / Garantía Lab,0,0,696.0,696,1
7402506,CVB45.BC,2024-08-28,Reparado / Garantía Lab,1,1,5.0,701,0
7402506,CVB45.BC,2025-02-12,Reparado / Garantía Lab,2,2,168.0,869,0
7402507,CVB45.BC,2021-03-28,Reparado,0,0,0.0,0,0
7402508,CVB45.BC,2021-07-07,Reparado,0,0,0.0,0,0
7402509,CVB45.BC,2021-07-09,Reparado,0,0,0.0,0,0
7402509,CVB45.BC,2021-09-30,Reparado / Garantía Lab,1,1,83.0,83,0
7402509,CVB45.BC,2025-08-14,POD Reparado,0,0,1414.0,1497,0
7402509,CVB45.BC,2025-10-22,Reparado / Garantía Lab,1,1,69.0,1566,1
7402509,CVB45.BC,2025-10-28,Reparado / Garantía Lab,2,2,6.0,1572,0
7402510,CVB45.BC,2024-10-11,Reparado,0,0,0.0,0,0
7402511,CVB45.BC,2023-03-30,Reparado,0,0,0.0,0,0
7402511,CVB45.BC,2024-07-04,Reparado / Garantía Lab,0,0,462.0,462,0
7402511,CVB45.BC,2024-08-23,Reparado / Garantía Lab,1,1,50.0,512,0
7402512,CVB45.BC,2024-12-02,Reparado,0,0,0.0,0,1
7402512,CVB45.BC,2024-12-30,Reparado / Garantía Lab,1,1,28.0,28,1
7402512,CVB45.BC,2025-01-02,Reparado / Garantía Lab,2,2,3.0,31,0
7402512,CVB45.BC,2025-02-24,Reparado / Garantía Lab,3,3,53.0,84,1
7402512,CVB45.BC,2025-02-27,Reparado / Garantía Lab,4,4,3.0,87,0
7402512,CVB45.BC,2025-04-15,Reparado / Garantía Lab,5,5,47.0,134,1
7402512,CVB45.BC,2025-04-21,Reparado / Garantía Lab,6,6,6.0,140,0
7402512,CVB45.BC,2025-09-05,Reparado / Garantía Lab,2,7,137.0,277,1
7402512,CVB45.BC,2025-09-10,Reparado / Garantía Lab,3,8,5.0,282,0
7402514,CVB45.BC,2023-09-22,Reparado,0,0,0.0,0,0
7402514,CVB45.BC,2025-09-12,Reparado / Garantía Lab,0,0,721.0,721,0
7402515,CVB45.BC,2021-08-26,Reparado,0,0,0.0,0,0
7402515,CVB45.BC,2021-11-17,Reparado / Garantía Lab,1,1,83.0,83,0
7402515,CVB45.BC,2022-03-25,Reparado / Garantía Lab,1,2,128.0,211,0
7402515,CVB45.BC,2022-06-06,Reparado / Garantía Lab,1,3,73.0,284,1
7402515,CVB45.BC,2022-06-10,Reparado / Garantía Lab,2,4,4.0,288,0
7402515,CVB45.BC,2024-01-13,Reparado / Garantía Lab,0,0,582.0,870,0
7402515,CVB45.BC,2024-05-16,Reparado / Garantía Lab,1,1,124.0,994,0
7402515,CVB45.BC,2024-07-05,Reparado / Garantía Lab,2,2,50.0,1044,0
7402515,CVB45.BC,2024-08-13,Reparado / Garantía Lab,2,3,39.0,1083,1
7402515,CVB45.BC,2024-08-16,Reparado / Garantía Lab,3,4,3.0,1086,0
7402515,CVB45.BC,2024-11-26,Reparado / Garantía Lab,3,5,102.0,1188,0
7402515,CVB45.BC,2025-10-09,Reparado / Garantía Lab,0,1,317.0,1505,0
7402516,CVB45.BC,2024-06-01,Reparado,0,0,0.0,0,0
7402518,CVB45.BC,2023-03-20,Reparado,0,0,0.0,0,0
7402518,CVB45.BC,2025-03-11,Reparado / Garantía Lab,0,0,722.0,722,1
7402518,CVB45.BC,2025-04-01,Reparado / Garantía Lab,1,1,21.0,743,1
7402518,CVB45.BC,2025-04-11,Reparado / Garantía Lab,2,2,10.0,753,1
7402518,CVB45.BC,2025-04-15,Reparado / Garantía Lab,3,3,4.0,757,0
7402519,CVB45.BC,2021-08-30,Reparado,0,0,0.0,0,0
7402520,CVB45.BC,2024-10-04,Reparado,0,0,0.0,0,0
7402521,CVB45.BC,2022-02-28,Reparado,0,0,0.0,0,0
7402522,CVB45.BC,2024-04-02,Reparado / Garantía Lab,0,0,0.0,0,1
7402522,CVB45.BC,2024-04-05,Reparado / Garantía Lab,1,1,3.0,3,0
7402524,CVB45.BC,2023-10-14,Reparado,0,0,0.0,0,0
7402524,CVB45.BC,2024-10-03,Reparado / Garantía Lab,0,1,355.0,355,0
7402525,CVB45.BC,2021-06-16,Reparado,0,0,0.0,0,0
7402525,CVB45.BC,2021-11-24,Reparado / Garantía Lab,1,1,161.0,161,0
7402525,CVB45.BC,2022-06-15,Reparado / Garantía Lab,0,2,203.0,364,0
7402525,CVB45.BC,2022-08-04,Reparado / Garantía Lab,1,2,50.0,414,0
7402525,CVB45.BC,2023-09-04,Reparado / Garantía Lab,0,0,396.0,810,0
7402525,CVB45.BC,2024-09-02,Reparado / Garantía Lab,0,1,364.0,1174,0
7402526,CVB45.BC,2021-12-22,Reparado,0,0,0.0,0,0
7402526,CVB45.BC,2025-05-06,Reparado / Garantía Lab,0,0,1231.0,1231,0
7402527,CVB45.BC,2025-03-17,Reparado,0,0,0.0,0,0
7402528,CVB45.BC,2022-08-24,Reparado,0,0,0.0,0,0
7402528,CVB45.BC,2022-11-08,Reparado / Garantía Lab,1,1,76.0,76,0
7402529,CVB45.BC,2022-06-29,POD Reparado,0,0,0.0,0,0
7402529,CVB45.BC,2025-08-19,Reparado / Garantía Lab,0,0,1147.0,1147,0
7402530,CVB45.BC,2024-02-27,Reparado,0,0,0.0,0,0
7402532,CVB45.BC,2022-11-16,Reparado,0,0,0.0,0,0
7402532,CVB45.BC,2024-09-11,Reparado / Garantía Lab,0,0,665.0,665,0
7402533,CVB45.BC,2023-10-19,Reparado,0,0,0.0,0,0
7402533,CVB45.BC,2025-07-18,Reparado / Garantía Lab,0,0,638.0,638,1
7402533,CVB45.BC,2025-07-23,Reparado / Garantía Lab,1,1,5.0,643,0
7402535,CVB45.BC,2022-08-24,Reparado,0,0,0.0,0,0
7402535,CVB45.BC,2025-08-13,Reparado / Garantía Lab,0,0,1085.0,1085,0
7402536,CVB45.BC,2024-11-25,Reparado,0,0,0.0,0,0
7402537,CVB45.BC,2021-02-25,Reparado,0,0,0.0,0,0
7402537,CVB45.BC,2021-07-14,Reparado / Garantía Lab,1,1,139.0,139,0
7402537,CVB45.BC,2025-10-27,Reparado / Garantía Lab,0,0,1566.0,1705,1
7402537,CVB45.BC,2025-11-07,Reparado / Garantía Lab,1,1,11.0,1716,0
7402538,CVB45.BC,2021-03-25,Reparado,0,0,0.0,0,0
7402538,CVB45.BC,2025-09-02,Reparado / Garantía Lab,0,0,1622.0,1622,1
7402538,CVB45.BC,2025-09-04,Reparado / Garantía Lab,1,1,2.0,1624,0
7402538,CVB45.BC,2025-10-09,Reparado / Garantía Lab,2,2,35.0,1659,0
7402539,CVB45.BC,2021-09-14,Reparado,0,0,0.0,0,0
7402539,CVB45.BC,2022-03-28,Reparado / Garantía Lab,0,1,195.0,195,0
7402540,CVB45.BC,2021-05-19,Reparado,0,0,0.0,0,0
7402540,CVB45.BC,2023-05-24,Reparado / Garantía Lab,0,0,735.0,735,0
7402541,CVB45.BC,2021-02-12,Reparado,0,0,0.0,0,1
7402541,CVB45.BC,2021-02-15,Reparado / Garantía Lab,1,1,3.0,3,0
7402541,CVB45.BC,2021-08-09,Reparado / Garantía Lab,2,2,175.0,178,1
7402541,CVB45.BC,2021-08-13,Reparado / Garantía Lab,2,3,4.0,182,0
7402542,CVB45.BC,2021-05-25,Reparado,0,0,0.0,0,0
7402542,CVB45.BC,2022-06-20,Reparado / Garantía Lab,0,0,391.0,391,0
7402542,CVB45.BC,2024-11-13,Reparado / Garantía Lab,0,0,877.0,1268,0
7402542,CVB45.BC,2025-08-19,Reparado / Garantía Lab,0,1,279.0,1547,0
7402544,CVB45.BC,2025-09-09,Reparado,0,0,0.0,0,0
7402546,CVB45.BC,2022-12-16,Reparado,0,0,0.0,0,0
7402547,CVB45.BC,2023-08-31,Reparado,0,0,0.0,0,0
7402547,CVB45.BC,2025-09-12,Reparado / Garantía Lab,0,0,743.0,743,1
7402547,CVB45.BC,2025-09-23,Reparado / Garantía Lab,1,1,11.0,754,0
7402547,CVB45.BC,2025-11-28,Reparado / Garantía Lab,2,2,66.0,820,1
7402547,CVB45.BC,2025-12-04,Proceso,3,3,6.0,826,0
7402548,CVB45.BC,2024-09-30,Reparado,0,0,0.0,0,0
7402549,CVB45.BC,2021-05-07,Reparado,0,0,0.0,0,0
7402549,CVB45.BC,2025-04-14,Reparado / Garantía Lab,0,0,1438.0,1438,1
7402549,CVB45.BC,2025-04-16,Reparado / Garantía Lab,1,1,2.0,1440,0
7402549,CVB45.BC,2025-07-17,POD Reparado,2,2,92.0,1532,1
7402549,CVB45.BC,2025-07-21,Reparado / Garantía Lab,3,3,4.0,1536,0
7402550,CVB45.BC,2021-08-30,Reparado,0,0,0.0,0,1
7402550,CVB45.BC,2021-09-03,Reparado / Garantía Lab,1,1,4.0,4,0
7402551,CVB45.BC,2020-12-21,Reparado,0,0,0.0,0,0
7402553,CVB45.BC,2025-07-10,Reparado / Garantía Lab,0,0,0.0,0,1
7402553,CVB45.BC,2025-07-22,Reparado / Garantía Lab,1,1,12.0,12,1
7402553,CVB45.BC,2025-07-25,Reparado / Garantía Lab,2,2,3.0,15,0
7402555,CVB45.BC,2022-05-31,Reparado,0,0,0.0,0,0
7402555,CVB45.BC,2023-07-15,Reparado / Garantía Lab,0,0,410.0,410,0
7402555,CVB45.BC,2025-08-21,Reparado / Garantía Lab,0,0,768.0,1178,0
7402556,CVB45.BC,2023-10-24,Reparado,0,0,0.0,0,0
7402556,CVB45.BC,2025-08-25,Reparado / Garantía Lab,0,0,671.0,671,0
7402557,CVB45.BC,2025-05-02,Reparado,0,0,0.0,0,0
7402558,CVB45.BC,2021-06-12,Reparado,0,0,0.0,0,0
7402558,CVB45.BC,2023-12-05,Reparado / Garantía Lab,0,0,906.0,906,0
7402559,CVB45.BC,2024-08-30,Reparado,0,0,0.0,0,0
7402561,CVB45.BC,2021-08-12,Reparado,0,0,0.0,0,0
7402563,CVB45.BC,2025-04-15,Reparado,0,0,0.0,0,0
7402563,CVB45.BC,2025-06-26,Reparado / Garantía Lab,1,1,72.0,72,1
7402563,CVB45.BC,2025-07-01,Reparado / Garantía Lab,2,2,5.0,77,0
7402564,CVB45.BC,2021-12-10,Reparado,0,0,0.0,0,0
7402564,CVB45.BC,2024-12-20,Reparado / Garantía Lab,0,0,1106.0,1106,0
7402565,CVB45.BC,2022-10-14,Reparado,0,0,0.0,0,0
7402565,CVB45.BC,2022-11-23,Reparado / Garantía Lab,1,1,40.0,40,0
7402565,CVB45.BC,2025-05-02,Reparado / Garantía Lab,0,0,891.0,931,0
7402566,CVB45.BC,2022-05-10,POD Reparado,0,0,0.0,0,0
7402566,CVB45.BC,2024-04-15,Reparado / Garantía Lab,0,0,706.0,706,1
7402566,CVB45.BC,2024-04-22,Reparado / Garantía Lab,1,1,7.0,713,0
7402566,CVB45.BC,2025-09-25,Reparado / Garantía Lab,0,0,521.0,1234,1
7402566,CVB45.BC,2025-10-01,Reparado / Garantía Lab,1,1,6.0,1240,0
7402569,CVB45.BC,2021-09-14,Reparado,0,0,0.0,0,0
7402569,CVB45.BC,2022-03-12,Reparado / Garantía Lab,1,1,179.0,179,1
7402569,CVB45.BC,2022-03-18,Reparado / Garantía Lab,1,2,6.0,185,0
7402570,CVB45.BC,2024-06-27,Reparado,0,0,0.0,0,0
7402570,CVB45.BC,2024-10-01,Reparado / Garantía Lab,1,1,96.0,96,0
7402571,CVB45.BC,2021-08-02,Reparado,0,0,0.0,0,0
7402572,CVB45.BC,2025-09-04,Reparado,0,0,0.0,0,0
7402574,CVB45.BC,2023-11-01,Reparado,0,0,0.0,0,0
7402574,CVB45.BC,2025-12-05,Proceso,0,0,765.0,765,0
7402575,CVB45.BC,2021-08-09,Reparado,0,0,0.0,0,0
7402577,CVB45.BC,2021-03-30,Reparado,0,0,0.0,0,0
7402577,CVB45.BC,2023-10-26,Reparado / Garantía Lab,0,0,940.0,940,0
7402579,CVB45.BC,2021-08-30,Reparado,0,0,0.0,0,0
7402579,CVB45.BC,2025-10-10,Reparado / Garantía Lab,0,0,1502.0,1502,1
7402579,CVB45.BC,2025-10-14,Reparado,1,1,4.0,1506,0
7402580,CVB45.BC,2022-10-26,Reparado,0,0,0.0,0,0
7402581,CVB45.BC,2023-08-22,Reparado / Garantía Lab,0,0,0.0,0,1
7402581,CVB45.BC,2023-08-30,Reparado / Garantía Lab,1,1,8.0,8,0
7402582,CVB45.BC,2023-06-15,Reparado,0,0,0.0,0,0
7402582,CVB45.BC,2024-04-01,Reparado / Garantía Lab,0,1,291.0,291,0
7402582,CVB45.BC,2025-11-25,Reparado / Garantía Lab,0,0,603.0,894,0
7402584,CVB45.BC,2021-08-19,Reparado,0,0,0.0,0,0
7402584,CVB45.BC,2022-06-24,Reparado / Garantía Lab,0,1,309.0,309,1
7402584,CVB45.BC,2022-06-30,Reparado / Garantía Lab,1,2,6.0,315,0
7402584,CVB45.BC,2022-08-04,Reparado / Garantía Lab,2,3,35.0,350,0
7402584,CVB45.BC,2024-10-22,Reparado / Garantía Lab,0,0,810.0,1160,0
7402586,CVB45.BC,2025-01-08,Reparado,0,0,0.0,0,0
7402587,CVB45.BC,2021-02-01,Reparado,0,0,0.0,0,0
7402587,CVB45.BC,2021-10-09,Reparado,0,1,250.0,250,0
7402589,CVB45.BC,2021-06-04,Reparado,0,0,0.0,0,0
7402589,CVB45.BC,2024-10-09,POD Reparado,0,0,1223.0,1223,0
7402590,CVB45.BC,2025-02-24,Reparado / Garantía Lab,0,0,0.0,0,1
7402590,CVB45.BC,2025-03-04,Reparado / Garantía Lab,1,1,8.0,8,1
7402590,CVB45.BC,2025-03-13,Reparado / Garantía Lab,2,2,9.0,17,1
7402590,CVB45.BC,2025-04-02,Reparado / Garantía Lab,3,3,20.0,37,0
7402591,CVB45.BC,2020-11-19,Reparado,0,0,0.0,0,1
7402591,CVB45.BC,2020-11-25,Reparado / Garantía Lab,1,1,6.0,6,0
7402591,CVB45.BC,2021-07-05,Reparado / Garantía Lab,0,2,222.0,228,0
7402591,CVB45.BC,2022-01-12,Reparado / Garantía Lab,0,1,191.0,419,0
7402592,CVB45.BC,2022-11-16,Reparado,0,0,0.0,0,1
7402592,CVB45.BC,2022-11-24,Reparado / Garantía Lab,1,1,8.0,8,1
7402592,CVB45.BC,2022-12-06,Reparado,2,2,12.0,20,0
7402592,CVB45.BC,2024-09-10,POD Reparado,0,0,644.0,664,1
7402592,CVB45.BC,2024-10-10,Reparado / Garantía Lab,1,1,30.0,694,1
7402592,CVB45.BC,2024-10-14,Reparado / Garantía Lab,2,2,4.0,698,0
7402593,CVB45.BC,2024-11-05,Reparado,0,0,0.0,0,1
7402593,CVB45.BC,2024-11-07,Reparado / Garantía Lab,1,1,2.0,2,0
7402595,CVB45.BC,2021-07-22,Reparado,0,0,0.0,0,0
7402595,CVB45.BC,2025-11-13,Reparado / Garantía Lab,0,0,1575.0,1575,1
7402595,CVB45.BC,2025-11-19,Reparado / Garantía Lab,1,1,6.0,1581,0
7402596,CVB45.BC,2022-06-14,Reparado,0,0,0.0,0,0
7402596,CVB45.BC,2023-05-25,Reparado / Garantía Lab,0,1,345.0,345,0
7402596,CVB45.BC,2024-04-17,Reparado / Garantía Lab,0,1,328.0,673,0
7402597,CVB45.BC,2025-07-30,Reparado / Garantía Lab,0,0,0.0,0,1
7402597,CVB45.BC,2025-08-04,Reparado / Garantía Lab,1,1,5.0,5,0
7402598,CVB45.BC,2021-10-05,Reparado,0,0,0.0,0,0
7402598,CVB45.BC,2023-09-28,POD Reparado,0,0,723.0,723,1
7402598,CVB45.BC,2023-10-05,Reparado / Garantía Lab,1,1,7.0,730,0
7402598,CVB45.BC,2024-08-06,Reparado / Garantía Lab,0,2,306.0,1036,0
7402599,CVB45.BC,2021-10-04,Reparado,0,0,0.0,0,0
7402599,CVB45.BC,2023-10-13,Reparado / Garantía Lab,0,0,739.0,739,0
7402599,CVB45.BC,2024-05-27,Reparado / Garantía Lab,0,1,227.0,966,0
7402600,CVB45.BC,2023-11-08,Reparado,0,0,0.0,0,0
7402600,CVB45.BC,2025-08-05,Reparado / Garantía Lab,0,0,636.0,636,1
7402600,CVB45.BC,2025-08-18,Reparado / Garantía Lab,1,1,13.0,649,0
7402601,CVB45.BC,2024-10-21,Reparado,0,0,0.0,0,0
7402602,CVB45.BC,2021-10-09,Reparado,0,0,0.0,0,0
7402602,CVB45.BC,2024-11-19,Reparado / Garantía Lab,0,0,1137.0,1137,0
7402605,CVB45.BC,2021-09-27,Reparado,0,0,0.0,0,0
7402605,CVB45.BC,2025-05-20,POD Reparado,0,0,1331.0,1331,1
7402605,CVB45.BC,2025-05-27,Reparado / Garantía Lab,1,1,7.0,1338,0
7402606,CVB45.BC,2023-07-10,Reparado,0,0,0.0,0,0
7402607,CVB45.BC,2022-05-08,Reparado,0,0,0.0,0,0
7402608,CVB45.BC,2022-11-06,Reparado,0,0,0.0,0,0
7402608,CVB45.BC,2024-05-31,POD Reparado,0,0,572.0,572,0
7402609,CVB45.BC,2024-09-11,Reparado,0,0,0.0,0,0
7402611,CVB45.BC,2021-07-15,Reparado,0,0,0.0,0,1
7402611,CVB45.BC,2021-07-22,Reparado / Garantía Lab,1,1,7.0,7,0
7402611,CVB45.BC,2021-12-07,Reparado / Garantía Lab,2,2,138.0,145,0
7402612,CVB45.BC,2021-03-10,Reparado,0,0,0.0,0,0
7402612,CVB45.BC,2021-11-27,Reparado / Garantía Lab,0,1,262.0,262,0
7402613,CVB45.BC,2021-12-29,Reparado,0,0,0.0,0,0
7402613,CVB45.BC,2023-01-30,Reparado / Garantía Lab,0,0,397.0,397,0
7402614,CVB45.BC,2021-05-26,Reparado,0,0,0.0,0,0
7402615,CVB45.BC,2021-06-04,Reparado,0,0,0.0,0,0
7402615,CVB45.BC,2023-05-09,Reparado / Garantía Lab,0,0,704.0,704,1
7402615,CVB45.BC,2023-05-18,Reparado / Garantía Lab,1,1,9.0,713,0
7402615,CVB45.BC,2023-10-12,Reparado / Garantía Lab,2,2,147.0,860,0
7402615,CVB45.BC,2023-11-13,Reparado / Garantía Lab,2,3,32.0,892,0
7402616,CVB45.BC,2021-07-19,Reparado,0,0,0.0,0,0
7402617,CVB45.BC,2025-01-27,Reparado / Garantía Lab,0,0,0.0,0,1
7402617,CVB45.BC,2025-01-29,Reparado / Garantía Lab,1,1,2.0,2,0
7402617,CVB45.BC,2025-03-31,Reparado / Garantía Lab,2,2,61.0,63,1
7402617,CVB45.BC,2025-04-02,Reparado / Garantía Lab,3,3,2.0,65,1
7402617,CVB45.BC,2025-05-02,Reparado / Garantía Lab,4,4,30.0,95,0
7402618,CVB45.BC,2023-07-28,Reparado,0,0,0.0,0,0
7402618,CVB45.BC,2025-05-19,Reparado / Garantía Lab,0,0,661.0,661,1
7402618,CVB45.BC,2025-05-22,Reparado,1,1,3.0,664,0
7402618,CVB45.BC,2025-10-20,Reparado / Garantía Lab,2,2,151.0,815,0
7402619,CVB45.BC,2021-10-16,Reparado,0,0,0.0,0,0
7402619,CVB45.BC,2025-08-13,Reparado / Garantía Lab,0,0,1397.0,1397,0
7402621,CVB45.BC,2023-11-14,POD Reparado,0,0,0.0,0,0
7402622,CVB45.BC,2025-10-02,Reparado,0,0,0.0,0,0
7402623,CVB45.BC,2024-09-27,Reparado,0,0,0.0,0,0
7402625,CVB45.BC,2025-11-04,POD Reparado,0,0,0.0,0,0
7402626,CVB45.BC,2021-06-23,Reparado,0,0,0.0,0,0
7402626,CVB45.BC,2021-07-26,Reparado / Garantía Lab,1,1,33.0,33,0
7402626,CVB45.BC,2021-11-11,Reparado / Garantía Lab,2,2,108.0,141,0
7402627,CVB45.BC,2022-12-19,Reparado,0,0,0.0,0,0
7402628,CVB45.BC,2023-05-19,Reparado / Garantía Lab,0,0,0.0,0,0
7402628,CVB45.BC,2023-08-14,Reparado / Garantía Lab,1,1,87.0,87,1
7402628,CVB45.BC,2023-08-25,Reparado / Garantía Lab,2,2,11.0,98,0
7402632,CVB45.BC,2023-06-08,Reparado,0,0,0.0,0,0
7402633,CVB45.BC,2022-12-26,Reparado,0,0,0.0,0,0
7402633,CVB45.BC,2025-03-31,Reparado / Garantía Lab,0,0,826.0,826,0
7402636,CVB45.BC,2022-03-13,Reparado,0,0,0.0,0,0
7402636,CVB45.BC,2022-12-26,Reparado / Garantía Lab,0,1,288.0,288,0
7402638,CVB45.BC,2023-03-02,Reparado,0,0,0.0,0,0
7402639,CVB45.BC,2023-08-12,Reparado,0,0,0.0,0,0
7402639,CVB45.BC,2025-01-15,Reparado / Garantía Lab,0,0,522.0,522,1
7402639,CVB45.BC,2025-01-20,Reparado / Garantía Lab,1,1,5.0,527,1
7402639,CVB45.BC,2025-01-22,Reparado / Garantía Lab,2,2,2.0,529,0
7402639,CVB45.BC,2025-03-17,Reparado / Garantía Lab,3,3,54.0,583,1
7402639,CVB45.BC,2025-03-20,Reparado / Garantía Lab,4,4,3.0,586,0
7402640,CVB45.BC,2022-12-19,Reparado,0,0,0.0,0,0
7402640,CVB45.BC,2025-06-13,POD Reparado,0,0,907.0,907,1
7402640,CVB45.BC,2025-06-18,Reparado / Garantía Lab,1,1,5.0,912,0
7402640,CVB45.BC,2025-11-13,Reparado / Garantía Lab,2,2,148.0,1060,0
7402641,CVB45.BC,2022-11-08,POD Reparado,0,0,0.0,0,0
7402641,CVB45.BC,2024-02-15,Reparado / Garantía Lab,0,0,464.0,464,0
7402642,CVB45.BC,2023-10-17,Reparado,0,0,0.0,0,0
7402642,CVB45.BC,2024-07-04,Reparado / Garantía Lab,0,1,261.0,261,1
7402642,CVB45.BC,2024-07-12,Reparado / Garantía Lab,1,2,8.0,269,0
7402642,CVB45.BC,2024-12-09,Reparado / Garantía Lab,2,2,150.0,419,0
7402642,CVB45.BC,2025-08-29,Reparado / Garantía Lab,0,1,263.0,682,1
7402642,CVB45.BC,2025-09-17,Reparado / Garantía Lab,1,2,19.0,701,1
7402642,CVB45.BC,2025-10-10,Reparado / Garantía Lab,2,3,23.0,724,1
7402642,CVB45.BC,2025-10-16,Proceso,3,4,6.0,730,0
7402643,CVB45.BC,2023-04-11,Reparado,0,0,0.0,0,0
7402645,CVB45.BC,2023-10-23,Reparado,0,0,0.0,0,0
7402645,CVB45.BC,2025-09-16,Reparado / Garantía Lab,0,0,694.0,694,0
7402646,CVB45.BC,2023-10-19,Reparado,0,0,0.0,0,0
7402646,CVB45.BC,2024-09-27,Reparado / Garantía Lab,0,1,344.0,344,0
7402647,CVB45.BC,2021-08-05,Reparado,0,0,0.0,0,0
7402647,CVB45.BC,2024-05-30,Reparado / Garantía Lab,0,0,1029.0,1029,0
7402650,CVB45.BC,2022-06-22,Reparado,0,0,0.0,0,0
7402650,CVB45.BC,2025-06-10,Reparado / Garantía Lab,0,0,1084.0,1084,0
7402651,CVB45.BC,2024-10-18,Reparado,0,0,0.0,0,0
7402652,CVB45.BC,2025-09-05,Reparado,0,0,0.0,0,0
7402652,CVB45.BC,2025-10-22,Reparado / Garantía Lab,1,1,47.0,47,1
7402652,CVB45.BC,2025-11-04,Reparado / Garantía Lab,2,2,13.0,60,0
7402653,CVB45.BC,2023-10-14,Reparado,0,0,0.0,0,0
7402653,CVB45.BC,2024-11-15,Reparado / Garantía Lab,0,0,398.0,398,0
7402653,CVB45.BC,2025-10-20,Reparado / Garantía Lab,0,1,339.0,737,0
7402654,CVB45.BC,2021-03-19,Reparado,0,0,0.0,0,0
7402654,CVB45.BC,2022-09-08,Reparado / Garantía Lab,0,0,538.0,538,0
7402654,CVB45.BC,2025-05-28,Reparado / Garantía Lab,0,0,993.0,1531,0
7402654,CVB45.BC,2025-10-20,Reparado / Garantía Lab,1,1,145.0,1676,1
7402654,CVB45.BC,2025-10-29,Reparado / Garantía Lab,2,2,9.0,1685,1
7402654,CVB45.BC,2025-11-04,Proceso,3,3,6.0,1691,0
7402655,CVB45.BC,2024-05-27,Reparado,0,0,0.0,0,0
7402655,CVB45.BC,2024-08-22,Reparado / Garantía Lab,1,1,87.0,87,0
7402655,CVB45.BC,2025-09-16,Reparado / Garantía Lab,0,0,390.0,477,0
7402656,CVB45.BC,2022-12-12,Reparado,0,0,0.0,0,0
7402658,CVB45.BC,2022-03-29,Reparado,0,0,0.0,0,0
7402658,CVB45.BC,2025-09-02,Reparado / Garantía Lab,0,0,1253.0,1253,0
7402659,CVB45.BC,2023-05-27,Reparado,0,0,0.0,0,0
7402660,CVB45.BC,2024-10-02,Reparado,0,0,0.0,0,0
7402662,CVB45.BC,2020-12-09,Reparado,0,0,0.0,0,1
7402662,CVB45.BC,2020-12-14,Reparado / Garantía Lab,1,1,5.0,5,0
7402662,CVB45.BC,2022-11-17,Reparado / Garantía Lab,0,0,703.0,708,0
7402663,CVB45.BC,2023-01-07,Reparado,0,0,0.0,0,0
7402664,CVB45.BC,2021-12-12,Reparado,0,0,0.0,0,0
7402664,CVB45.BC,2022-05-20,Reparado,1,1,159.0,159,1
7402664,CVB45.BC,2022-06-10,Reparado / Garantía Lab,2,2,21.0,180,0
7402664,CVB45.BC,2024-04-01,Reparado / Garantía Lab,0,0,661.0,841,1
7402664,CVB45.BC,2024-04-09,Reparado / Garantía Lab,1,1,8.0,849,1
7402664,CVB45.BC,2024-04-15,Reparado / Garantía Lab,2,2,6.0,855,0
7402665,CVB45.BC,2023-10-04,Reparado,0,0,0.0,0,0
7402666,CVB45.BC,2021-10-09,Reparado,0,0,0.0,0,0
7402667,CVB45.BC,2021-02-02,Reparado,0,0,0.0,0,0
7402667,CVB45.BC,2021-08-26,Reparado / Garantía Lab,0,1,205.0,205,0
7402667,CVB45.BC,2024-12-11,Reparado / Garantía Lab,0,0,1203.0,1408,0
7402668,CVB45.BC,2025-11-25,Reparado / Garantía Lab,0,0,0.0,0,0
7402669,CVB45.BC,2022-09-23,Reparado,0,0,0.0,0,0
7402669,CVB45.BC,2025-04-02,Reparado / Garantía Lab,0,0,922.0,922,0
7402670,CVB45.BC,2025-07-24,POD Reparado,0,0,0.0,0,0
7402671,CVB45.BC,2021-06-28,Reparado,0,0,0.0,0,0
7402672,CVB45.BC,2023-08-29,Reparado,0,0,0.0,0,0
7402672,CVB45.BC,2025-09-08,Reparado / Garantía Lab,0,0,741.0,741,0
7402673,CVB45.BC,2022-12-12,Reparado,0,0,0.0,0,0
7402674,CVB45.BC,2022-10-22,Reparado,0,0,0.0,0,0
7402675,CVB45.BC,2021-12-19,Reparado,0,0,0.0,0,1
7402675,CVB45.BC,2022-01-04,Reparado / Garantía Lab,1,1,16.0,16,0
7402675,CVB45.BC,2023-09-09,Reparado / Garantía Lab,0,0,613.0,629,0
7402677,CVB45.BC,2021-03-15,Reparado,0,0,0.0,0,0
7402677,CVB45.BC,2021-06-09,Reparado / Garantía Lab,1,1,86.0,86,0
7402678,CVB45.BC,2023-10-21,Reparado,0,0,0.0,0,0
7402679,CVB45.BC,2025-04-24,Reparado,0,0,0.0,0,0
7402680,CVB45.BC,2021-02-10,Reparado,0,0,0.0,0,0
7402680,CVB45.BC,2021-11-22,Reparado / Garantía Lab,0,1,285.0,285,0
7402680,CVB45.BC,2022-03-10,Reparado / Garantía Lab,1,1,108.0,393,1
7402680,CVB45.BC,2022-03-16,Reparado / Garantía Lab,2,2,6.0,399,0
7402680,CVB45.BC,2022-09-30,Reparado / Garantía Lab,0,3,198.0,597,0
7402681,CVB45.BC,2022-12-23,POD Reparado,0,0,0.0,0,0
7402683,CVB45.BC,2025-10-14,Reparado,0,0,0.0,0,1
7402683,CVB45.BC,2025-10-16,Reparado,1,1,2.0,2,0
7402684,CVB45.BC,2022-08-26,Reparado,0,0,0.0,0,0
7402685,CVB45.BC,2021-12-18,Reparado,0,0,0.0,0,0
7402686,CVB45.BC,2023-11-22,Reparado,0,0,0.0,0,0
7402688,CVB45.BC,2024-08-05,Reparado,0,0,0.0,0,1
7402688,CVB45.BC,2024-08-12,Reparado / Garantía Lab,1,1,7.0,7,1
7402688,CVB45.BC,2024-08-19,Reparado / Garantía Lab,2,2,7.0,14,0
7402690,CVB45.BC,2023-10-27,Reparado,0,0,0.0,0,0
7402691,CVB45.BC,2023-01-07,Reparado,0,0,0.0,0,0
7402691,CVB45.BC,2023-09-04,Reparado / Garantía Lab,0,1,240.0,240,0
7402694,CVB45.BC,2021-01-29,Reparado,0,0,0.0,0,0
7402695,CVB45.BC,2023-08-31,Reparado,0,0,0.0,0,0
7402695,CVB45.BC,2024-09-03,Reparado / Garantía Lab,0,0,369.0,369,0
7402695,CVB45.BC,2025-09-05,Reparado / Garantía Lab,0,0,367.0,736,0
7402696,CVB45.BC,2021-02-10,Reparado,0,0,0.0,0,0
7402696,CVB45.BC,2022-09-09,Reparado / Garantía Lab,0,0,576.0,576,0
7402696,CVB45.BC,2024-04-26,Reparado / Garantía Lab,0,0,595.0,1171,1
7402696,CVB45.BC,2024-05-07,Reparado / Garantía Lab,1,1,11.0,1182,1
7402696,CVB45.BC,2024-05-10,Reparado / Garantía Lab,2,2,3.0,1185,0
7402696,CVB45.BC,2024-10-21,Reparado / Garantía Lab,3,3,164.0,1349,0
7402697,CVB45.BC,2024-09-24,Reparado,0,0,0.0,0,0
7402698,CVB45.BC,2023-03-08,Reparado,0,0,0.0,0,0
7402699,CVB45.BC,2020-01-18,Reparado / Garantía Lab,0,0,0.0,0,0
7402699,CVB45.BC,2021-01-12,Reparado / Garantía Lab,0,1,360.0,360,0
7402699,CVB45.BC,2023-06-27,Reparado,0,0,896.0,1256,1
7402699,CVB45.BC,2023-07-04,Reparado / Garantía Lab,1,1,7.0,1263,1
7402699,CVB45.BC,2023-07-06,Reparado / Garantía Lab,2,2,2.0,1265,1
7402699,CVB45.BC,2023-07-11,Reparado / Garantía Lab,3,3,5.0,1270,1
7402699,CVB45.BC,2023-07-13,Reparado / Garantía Lab,4,4,2.0,1272,0
7402700,CVB45.BC,2022-12-23,Reparado,0,0,0.0,0,0
7402701,CVB45.BC,2022-04-11,Reparado,0,0,0.0,0,0
7402701,CVB45.BC,2022-05-19,Reparado / Garantía Lab,1,1,38.0,38,0
7402701,CVB45.BC,2022-11-15,Reparado / Garantía Lab,1,2,180.0,218,0
7402701,CVB45.BC,2023-04-18,Reparado / Garantía Lab,1,2,154.0,372,0
7402701,CVB45.BC,2024-09-11,Reparado / Garantía Lab,0,0,512.0,884,0
7402703,CVB45.BC,2023-02-21,Reparado,0,0,0.0,0,0
7402703,CVB45.BC,2023-11-20,Reparado / Garantía Lab,0,1,272.0,272,0
7402703,CVB45.BC,2025-01-23,Reparado / Garantía Lab,0,0,430.0,702,1
7402703,CVB45.BC,2025-01-28,Reparado / Garantía Lab,1,1,5.0,707,1
7402703,CVB45.BC,2025-01-30,Reparado / Garantía Lab,2,2,2.0,709,1
7402703,CVB45.BC,2025-02-03,Reparado / Garantía Lab,3,3,4.0,713,1
7402703,CVB45.BC,2025-02-06,Reparado / Garantía Lab,4,4,3.0,716,1
7402703,CVB45.BC,2025-02-10,Reparado / Garantía Lab,5,5,4.0,720,1
7402703,CVB45.BC,2025-02-14,Reparado / Garantía Lab,6,6,4.0,724,0
7402705,CVB45.BC,2022-07-26,Reparado,0,0,0.0,0,0
7402706,CVB45.BC,2021-03-05,Reparado,0,0,0.0,0,0
7402706,CVB45.BC,2024-09-13,Reparado / Garantía Lab,0,0,1288.0,1288,0
7402706,CVB45.BC,2025-01-22,Reparado / Garantía Lab,1,1,131.0,1419,1
7402706,CVB45.BC,2025-02-10,Reparado / Garantía Lab,2,2,19.0,1438,0
7402706,CVB45.BC,2025-03-20,Reparado / Garantía Lab,2,3,38.0,1476,1
7402706,CVB45.BC,2025-04-14,Reparado / Garantía Lab,3,4,25.0,1501,1
7402706,CVB45.BC,2025-04-25,Reparado / Garantía Lab,4,5,11.0,1512,1
7402706,CVB45.BC,2025-05-08,Reparado / Garantía Lab,5,6,13.0,1525,0
7402707,CVB45.BC,2025-11-13,Reparado,0,0,0.0,0,0
7402708,CVB45.BC,2024-10-16,Reparado,0,0,0.0,0,0
7402708,CVB45.BC,2025-02-28,Reparado / Garantía Lab,1,1,135.0,135,1
7402708,CVB45.BC,2025-03-04,Reparado / Garantía Lab,2,2,4.0,139,0
7402709,CVB45.BC,2021-10-02,Reparado,0,0,0.0,0,0
7402709,CVB45.BC,2022-03-01,Reparado / Garantía Lab,1,1,150.0,150,0
7402709,CVB45.BC,2023-11-01,Reparado / Garantía Lab,0,0,610.0,760,0
7402709,CVB45.BC,2025-08-22,Reparado / Garantía Lab,0,0,660.0,1420,0
7402710,CVB45.BC,2021-02-11,Reparado,0,0,0.0,0,0
7402710,CVB45.BC,2022-01-13,Reparado / Garantía Lab,0,1,336.0,336,1
7402710,CVB45.BC,2022-02-01,Reparado / Garantía Lab,1,2,19.0,355,1
7402710,CVB45.BC,2022-02-04,Reparado / Garantía Lab,2,3,3.0,358,0
7402710,CVB45.BC,2022-03-25,Reparado / Garantía Lab,3,3,49.0,407,0
7402710,CVB45.BC,2023-01-06,Reparado / Garantía Lab,0,4,287.0,694,0
7402712,CVB45.BC,2021-05-19,POD,0,0,0.0,0,0
7402712,CVB45.BC,2021-05-19,POD Reparado,0,0,0.0,0,0
7402713,CVB45.BC,2025-07-04,Reparado,0,0,0.0,0,0
7402713,CVB45.BC,2025-11-26,Reparado / Garantía Lab,1,1,145.0,145,0
7402715,CVB45.BC,2021-06-21,Reparado,0,0,0.0,0,0
7402716,CVB45.BC,2024-02-24,Reparado,0,0,0.0,0,0
7402717,CVB45.BC,2023-10-17,Reparado,0,0,0.0,0,0
7402720,CVB45.BC,2021-06-07,Reparado,0,0,0.0,0,0
7402721,CVB45.BC,2021-10-05,Reparado,0,0,0.0,0,0
7402721,CVB45.BC,2022-01-05,Reparado / Garantía Lab,1,1,92.0,92,0
7402721,CVB45.BC,2024-09-11,Reparado / Garantía Lab,0,0,980.0,1072,0
7402722,CVB45.BC,2025-08-26,Reparado,0,0,0.0,0,0
7402724,CVB45.BC,2023-10-07,Reparado,0,0,0.0,0,0
7402725,CVB45.BC,2023-06-28,Reparado,0,0,0.0,0,0
7402725,CVB45.BC,2023-12-20,Reparado / Garantía Lab,1,1,175.0,175,0
7402725,CVB45.BC,2025-03-13,Reparado / Garantía Lab,0,0,449.0,624,1
7402725,CVB45.BC,2025-04-09,Reparado / Garantía Lab,1,1,27.0,651,1
7402725,CVB45.BC,2025-04-11,Reparado / Garantía Lab,2,2,2.0,653,0
7402726,CVB45.BC,2021-05-13,Reparado,0,0,0.0,0,0
7402726,CVB45.BC,2025-02-17,Reparado / Garantía Lab,0,0,1376.0,1376,0
7402728,CVB45.BC,2021-11-09,Reparado,0,0,0.0,0,1
7402728,CVB45.BC,2021-12-06,Reparado / Garantía Lab,1,1,27.0,27,0
7402728,CVB45.BC,2025-07-25,Reparado / Garantía Lab,0,0,1327.0,1354,0
7402729,CVB45.BC,2021-09-30,Reparado,0,0,0.0,0,1
7402729,CVB45.BC,2021-10-13,Reparado,1,1,13.0,13,0
7402729,CVB45.BC,2023-01-06,Reparado / Garantía Lab,0,0,450.0,463,0
7402730,CVB45.BC,2025-09-09,Reparado,0,0,0.0,0,0
7402731,CVB45.BC,2022-12-14,Reparado,0,0,0.0,0,0
7402732,CVB45.BC,2025-06-09,Reparado,0,0,0.0,0,0
7402732,CVB45.BC,2025-08-26,Reparado / Garantía Lab,1,1,78.0,78,0
7402733,CVB45.BC,2024-01-08,Reparado,0,0,0.0,0,0
7402733,CVB45.BC,2025-12-05,Reparado / Garantía Lab,0,0,697.0,697,0
7402738,CVB45.BC,2021-05-06,Reparado,0,0,0.0,0,1
7402738,CVB45.BC,2021-05-18,Reparado / Garantía Lab,1,1,12.0,12,0
7402738,CVB45.BC,2021-06-20,Reparado / Garantía Lab,2,2,33.0,45,0
7402738,CVB45.BC,2021-08-27,Reparado / Garantía Lab,3,3,68.0,113,1
7402738,CVB45.BC,2021-09-24,POD Reparado,4,4,28.0,141,0
7402738,CVB45.BC,2022-03-28,Reparado / Garantía Lab,0,5,185.0,326,0
7402738,CVB45.BC,2022-08-26,Reparado / Garantía Lab,1,3,151.0,477,0
7402738,CVB45.BC,2022-11-08,Reparado / Garantía Lab,1,2,74.0,551,0
7402739,CVB45.BC,2025-10-20,Reparado,0,0,0.0,0,0
7402741,CVB45.BC,2020-01-29,POD Reparado,0,0,0.0,0,0
7402741,CVB45.BC,2021-02-04,POD,0,0,372.0,372,0
7402744,CVB45.BC,2020-11-23,Reparado / Garantía Lab,0,0,0.0,0,0
7402744,CVB45.BC,2021-01-12,Reparado / Garantía Lab,1,1,50.0,50,0
7402744,CVB45.BC,2024-06-01,Reparado / Garantía Lab,0,0,1236.0,1286,0
7402747,CVB45.BC,2025-10-13,Reparado,0,0,0.0,0,0
7402748,CVB45.BC,2024-05-27,Reparado,0,0,0.0,0,1
7402748,CVB45.BC,2024-06-04,Reparado / Garantía Lab,1,1,8.0,8,0
7402749,CVB45.BC,2023-03-25,Reparado,0,0,0.0,0,0
7402749,CVB45.BC,2025-01-29,Reparado / Garantía Lab,0,0,676.0,676,0
7402751,CVB45.BC,2020-12-14,Reparado,0,0,0.0,0,0
7402751,CVB45.BC,2022-06-23,Reparado / Garantía Lab,0,0,556.0,556,0
7402752,CVB45.BC,2023-07-14,Reparado,0,0,0.0,0,0
7402753,CVB45.BC,2023-05-19,Reparado,0,0,0.0,0,0
7402755,CVB45.BC,2021-05-28,Reparado,0,0,0.0,0,0
7402755,CVB45.BC,2021-11-25,Reparado / Garantía Lab,0,1,181.0,181,0
7402755,CVB45.BC,2025-02-28,Reparado / Garantía Lab,0,0,1191.0,1372,0
7402755,CVB45.BC,2025-05-09,Reparado / Garantía Lab,1,1,70.0,1442,1
7402755,CVB45.BC,2025-05-13,Reparado / Garantía Lab,2,2,4.0,1446,0
7402757,CVB45.BC,2022-12-26,Reparado,0,0,0.0,0,0
7402757,CVB45.BC,2025-09-02,Reparado / Garantía Lab,0,0,981.0,981,1
7402757,CVB45.BC,2025-09-04,Reparado / Garantía Lab,1,1,2.0,983,0
7402758,CVB45.BC,2023-10-21,Reparado,0,0,0.0,0,0
7402759,CVB45.BC,2022-12-17,Reparado,0,0,0.0,0,0
7402760,CVB45.BC,2023-10-12,Reparado / Garantía Lab,0,0,0.0,0,1
7402760,CVB45.BC,2023-10-18,Reparado / Garantía Lab,1,1,6.0,6,1
7402760,CVB45.BC,2023-10-20,Reparado / Garantía Lab,2,2,2.0,8,1
7402760,CVB45.BC,2023-10-30,Reparado / Garantía Lab,3,3,10.0,18,0
7402760,CVB45.BC,2025-06-12,Reparado / Garantía Lab,0,0,591.0,609,1
7402760,CVB45.BC,2025-06-24,Reparado / Garantía Lab,1,1,12.0,621,1
7402760,CVB45.BC,2025-07-10,Reparado / Garantía Lab,2,2,16.0,637,1
7402760,CVB45.BC,2025-07-14,Reparado / Garantía Lab,3,3,4.0,641,1
7402760,CVB45.BC,2025-07-17,Reparado / Garantía Lab,4,4,3.0,644,1
7402760,CVB45.BC,2025-07-21,Reparado / Garantía Lab,5,5,4.0,648,1
7402760,CVB45.BC,2025-07-24,Reparado / Garantía Lab,6,6,3.0,651,1
7402760,CVB45.BC,2025-07-28,Reparado / Garantía Lab,7,7,4.0,655,1
7402760,CVB45.BC,2025-07-30,Reparado / Garantía Lab,8,8,2.0,657,0
7402760,CVB45.BC,2025-10-10,Reparado / Garantía Lab,9,9,72.0,729,1
7402760,CVB45.BC,2025-10-14,Reparado,10,10,4.0,733,1
7402760,CVB45.BC,2025-10-16,Reparado / Garantía Lab,11,11,2.0,735,1
7402760,CVB45.BC,2025-10-20,Reparado / Garantía Lab,12,12,4.0,739,0
7402763,CVB45.BC,2022-11-06,Reparado,0,0,0.0,0,0
7402764,CVB45.BC,2022-05-17,Reparado,0,0,0.0,0,0
7402764,CVB45.BC,2025-05-12,Reparado / Garantía Lab,0,0,1091.0,1091,0
7402764,CVB45.BC,2025-06-25,Reparado / Garantía Lab,1,1,44.0,1135,1
7402764,CVB45.BC,2025-06-30,Reparado / Garantía Lab,2,2,5.0,1140,0
7402770,CVB45.BC,2021-10-25,Reparado,0,0,0.0,0,0
7402770,CVB45.BC,2025-03-27,Reparado / Garantía Lab,0,0,1249.0,1249,0
7402771,CVB45.BC,2025-06-10,Reparado,0,0,0.0,0,0
7402772,CVB45.BC,2023-11-10,POD Reparado,0,0,0.0,0,0
7402773,CVB45.BC,2022-11-28,Reparado,0,0,0.0,0,0
7402774,CVB45.BC,2021-04-14,Reparado,0,0,0.0,0,0
7402774,CVB45.BC,2024-10-04,Reparado / Garantía Lab,0,0,1269.0,1269,0
7402775,CVB45.BC,2021-09-30,Reparado,0,0,0.0,0,0
7402776,CVB45.BC,2021-12-16,Reparado,0,0,0.0,0,0
7402776,CVB45.BC,2025-04-02,Reparado / Garantía Lab,0,0,1203.0,1203,0
7402777,CVB45.BC,2022-09-20,Reparado,0,0,0.0,0,0
7402778,CVB45.BC,2021-02-24,Reparado,0,0,0.0,0,0
7402779,CVB45.BC,2021-12-22,Reparado,0,0,0.0,0,0
7402779,CVB45.BC,2023-10-11,Reparado / Garantía Lab,0,0,658.0,658,0
7402779,CVB45.BC,2024-09-13,Reparado / Garantía Lab,0,1,338.0,996,1
7402779,CVB45.BC,2024-09-17,Reparado / Garantía Lab,1,2,4.0,1000,0
7402780,CVB45.BC,2024-01-08,Reparado,0,0,0.0,0,0
7402781,CVB45.BC,2023-07-24,Reparado,0,0,0.0,0,0
7402782,CVB45.BC,2020-11-19,Reparado,0,0,0.0,0,1
7402782,CVB45.BC,2020-11-25,Reparado / Garantía Lab,1,1,6.0,6,0
7402782,CVB45.BC,2024-08-12,Reparado / Garantía Lab,0,0,1356.0,1362,0
7402784,CVB45.BC,2021-10-06,Reparado,0,0,0.0,0,0
7402784,CVB45.BC,2022-07-17,Reparado / Garantía Lab,0,1,284.0,284,0
7402784,CVB45.BC,2025-08-14,POD Reparado,0,0,1124.0,1408,0
7402784,CVB45.BC,2025-11-17,Reparado / Garantía Lab,1,1,95.0,1503,0
7402785,CVB45.BC,2022-09-07,Reparado,0,0,0.0,0,0
7402786,CVB45.BC,2022-07-18,Reparado,0,0,0.0,0,0
7402787,CVB45.BC,2020-10-06,Reparado,0,0,0.0,0,0
7402787,CVB45.BC,2021-09-29,Reparado / Garantía Lab,0,1,358.0,358,1
7402787,CVB45.BC,2021-10-16,Reparado / Garantía Lab,1,1,17.0,375,0
7402787,CVB45.BC,2022-02-04,Reparado / Garantía Lab,2,2,111.0,486,0
7402789,CVB45.BC,2021-01-07,Reparado,0,0,0.0,0,0
7402789,CVB45.BC,2022-02-03,Reparado / Garantía Lab,0,0,392.0,392,0
7402790,CVB45.BC,2025-06-23,Reparado,0,0,0.0,0,0
7402792,CVB45.BC,2025-06-10,Reparado,0,0,0.0,0,0
7402793,CVB45.BC,2023-08-19,Reparado,0,0,0.0,0,0
7402793,CVB45.BC,2024-06-01,Reparado / Garantía Lab,0,1,287.0,287,0
7402793,CVB45.BC,2025-08-13,Reparado / Garantía Lab,0,0,438.0,725,0
7402794,CVB45.BC,2022-06-27,Reparado,0,0,0.0,0,0
7402794,CVB45.BC,2025-08-13,Reparado / Garantía Lab,0,0,1143.0,1143,0
7402797,CVB45.BC,2025-05-20,Reparado / Garantía Lab,0,0,0.0,0,1
7402797,CVB45.BC,2025-05-23,Reparado,1,1,3.0,3,0
7402798,CVB45.BC,2021-08-24,Reparado,0,0,0.0,0,0
7402799,CVB45.BC,2023-10-19,Reparado,0,0,0.0,0,0
7402799,CVB45.BC,2024-07-10,Reparado / Garantía Lab,0,1,265.0,265,0
7402799,CVB45.BC,2025-08-25,Reparado / Garantía Lab,0,0,411.0,676,0
7402800,CVB45.BC,2021-02-05,Reparado,0,0,0.0,0,1
7402800,CVB45.BC,2021-02-18,Reparado / Garantía Lab,1,1,13.0,13,0
7402800,CVB45.BC,2023-12-15,Reparado / Garantía Lab,0,0,1030.0,1043,0
7402801,CVB45.BC,2021-03-13,Reparado,0,0,0.0,0,0
7402801,CVB45.BC,2021-07-06,Reparado / Garantía Lab,1,1,115.0,115,0
7402801,CVB45.BC,2021-11-12,Reparado / Garantía Lab,1,2,129.0,244,1
7402801,CVB45.BC,2021-11-26,Reparado / Garantía Lab,2,3,14.0,258,0
7402801,CVB45.BC,2022-01-05,Reparado / Garantía Lab,2,4,40.0,298,0
7402802,CVB45.BC,2022-07-21,POD Reparado,0,0,0.0,0,0
7402802,CVB45.BC,2023-03-02,POD Reparado,0,1,224.0,224,0
7402803,CVB45.BC,2025-08-22,Reparado,0,0,0.0,0,0
7402803,CVB45.BC,2025-10-24,Reparado / Garantía Lab,1,1,63.0,63,1
7402803,CVB45.BC,2025-10-28,Reparado / Garantía Lab,2,2,4.0,67,1
7402803,CVB45.BC,2025-11-04,Reparado / Garantía Lab,3,3,7.0,74,0
7402804,CVB45.BC,2022-05-20,Reparado,0,0,0.0,0,0
7402804,CVB45.BC,2022-09-08,Reparado / Garantía Lab,1,1,111.0,111,0
7402804,CVB45.BC,2023-09-06,Reparado / Garantía Lab,0,1,363.0,474,0
7402804,CVB45.BC,2023-11-09,Reparado / Garantía Lab,1,1,64.0,538,1
7402804,CVB45.BC,2023-11-14,Reparado / Garantía Lab,2,2,5.0,543,0
7402804,CVB45.BC,2024-09-12,Reparado,0,2,303.0,846,0
7402804,CVB45.BC,2024-10-22,Reparado / Garantía Lab,1,3,40.0,886,0
7402804,CVB45.BC,2024-12-04,Reparado / Garantía Lab,2,2,43.0,929,1
7402804,CVB45.BC,2024-12-06,Reparado / Garantía Lab,3,3,2.0,931,1
7402804,CVB45.BC,2024-12-10,Reparado / Garantía Lab,4,4,4.0,935,0
7402804,CVB45.BC,2025-07-14,Reparado / Garantía Lab,0,5,216.0,1151,1
7402804,CVB45.BC,2025-07-17,Reparado / Garantía Lab,1,6,3.0,1154,0
7402805,CVB45.BC,2023-11-10,Reparado,0,0,0.0,0,0
7402806,CVB45.BC,2021-08-24,Reparado,0,0,0.0,0,0
7402806,CVB45.BC,2023-09-06,Reparado / Garantía Lab,0,0,743.0,743,0
7402806,CVB45.BC,2025-07-18,Reparado / Garantía Lab,0,0,681.0,1424,1
7402806,CVB45.BC,2025-07-28,Reparado / Garantía Lab,1,1,10.0,1434,1
7402806,CVB45.BC,2025-08-19,Reparado / Garantía Lab,2,2,22.0,1456,1
7402806,CVB45.BC,2025-08-27,Reparado / Garantía Lab,3,3,8.0,1464,0
7402807,CVB45.BC,2023-12-04,POD Reparado,0,0,0.0,0,0
7402807,CVB45.BC,2024-09-26,Reparado / Garantía Lab,0,1,297.0,297,0
7402808,CVB45.BC,2023-04-22,Reparado,0,0,0.0,0,0
7402808,CVB45.BC,2023-07-11,Reparado / Garantía Lab,1,1,80.0,80,0
7402808,CVB45.BC,2023-09-27,Reparado / Garantía Lab,2,2,78.0,158,0
7402808,CVB45.BC,2024-01-08,Reparado / Garantía Lab,1,3,103.0,261,0
7402808,CVB45.BC,2024-06-26,POD Reparado,1,3,170.0,431,0
7402808,CVB45.BC,2025-05-15,Reparado / Garantía Lab,0,1,323.0,754,0
7402808,CVB45.BC,2025-09-11,Reparado / Garantía Lab,1,1,119.0,873,0
7402809,CVB45.BC,2025-10-09,Reparado,0,0,0.0,0,0
7402810,CVB45.BC,2021-04-08,POD,0,0,0.0,0,0
7402810,CVB45.BC,2021-04-08,POD Reparado,0,0,0.0,0,0
7402810,CVB45.BC,2022-11-08,Reparado / Garantía Lab,0,0,579.0,579,0
7402811,CVB45.BC,2021-04-30,Reparado,0,0,0.0,0,0
7402811,CVB45.BC,2021-06-22,Reparado / Garantía Lab,1,1,53.0,53,0
7402811,CVB45.BC,2021-07-30,Reparado / Garantía Lab,2,2,38.0,91,0
7402811,CVB45.BC,2024-01-13,Reparado / Garantía Lab,0,0,897.0,988,0
7402811,CVB45.BC,2024-07-10,Reparado / Garantía Lab,1,1,179.0,1167,1
7402811,CVB45.BC,2024-07-26,Reparado / Garantía Lab,1,2,16.0,1183,0
7402813,CVB45.BC,2022-04-20,Reparado,0,0,0.0,0,0
7402814,CVB45.BC,2024-12-18,Reparado,0,0,0.0,0,0
7402815,CVB45.BC,2021-12-10,Reparado,0,0,0.0,0,0
7402817,CVB45.BC,2024-08-27,Reparado,0,0,0.0,0,0
7402817,CVB45.BC,2025-08-27,Reparado / Garantía Lab,0,1,365.0,365,1
7402817,CVB45.BC,2025-09-01,Reparado / Garantía Lab,1,1,5.0,370,1
7402817,CVB45.BC,2025-09-04,Reparado / Garantía Lab,2,2,3.0,373,0
7402818,CVB45.BC,2021-11-11,Reparado,0,0,0.0,0,0
7402818,CVB45.BC,2025-10-15,Reparado / Garantía Lab,0,0,1434.0,1434,0
7402819,CVB45.BC,2024-05-07,Reparado,0,0,0.0,0,0
7402819,CVB45.BC,2025-09-05,Reparado / Garantía Lab,0,0,486.0,486,0
7402820,CVB45.BC,2023-07-01,Reparado,0,0,0.0,0,0
7402820,CVB45.BC,2025-09-16,Reparado / Garantía Lab,0,0,808.0,808,0
7402821,CVB45.BC,2021-11-10,Reparado,0,0,0.0,0,0
7402822,CVB45.BC,2021-10-16,Reparado,0,0,0.0,0,0
7402822,CVB45.BC,2025-05-06,Reparado / Garantía Lab,0,0,1298.0,1298,0
7402823,CVB45.BC,2023-11-02,Reparado,0,0,0.0,0,0
7402823,CVB45.BC,2024-06-04,Reparado / Garantía Lab,0,1,215.0,215,0
7402825,CVB45.BC,2020-09-28,Reparado,0,0,0.0,0,0
7402825,CVB45.BC,2025-06-18,Reparado / Garantía Lab,0,0,1724.0,1724,0
7402826,CVB45.BC,2021-03-25,Reparado,0,0,0.0,0,0
7402827,CVB45.BC,2025-01-29,Reparado / Garantía Lab,0,0,0.0,0,1
7402827,CVB45.BC,2025-02-17,Reparado / Garantía Lab,1,1,19.0,19,0
7402827,CVB45.BC,2025-09-30,Reparado / Garantía Lab,0,2,225.0,244,0
7402828,CVB45.BC,2022-11-28,Reparado,0,0,0.0,0,0
7402828,CVB45.BC,2025-10-22,Reparado / Garantía Lab,0,0,1059.0,1059,0
7402829,CVB45.BC,2022-09-22,Reparado,0,0,0.0,0,0
7402829,CVB45.BC,2023-10-20,Reparado / Garantía Lab,0,0,393.0,393,0
7402830,CVB45.BC,2023-12-06,Reparado,0,0,0.0,0,0
7402830,CVB45.BC,2024-09-24,Reparado / Garantía Lab,0,1,293.0,293,0
7402832,CVB45.BC,2021-06-16,Reparado,0,0,0.0,0,0
7402834,CVB45.BC,2024-09-04,Reparado,0,0,0.0,0,1
7402834,CVB45.BC,2024-09-09,Reparado / Garantía Lab,1,1,5.0,5,0
7402836,CVB45.BC,2020-09-08,POD,0,0,0.0,0,0
7402836,CVB45.BC,2020-12-22,POD Reparado,1,1,105.0,105,0
7402836,CVB45.BC,2023-01-09,Reparado / Garantía Lab,0,0,748.0,853,0
7402837,CVB45.BC,2023-06-23,Reparado,0,0,0.0,0,0
7402838,CVB45.BC,2023-10-25,Reparado,0,0,0.0,0,0
7402840,CVB45.BC,2021-11-04,Reparado,0,0,0.0,0,0
7402840,CVB45.BC,2024-01-29,Reparado / Garantía Lab,0,0,816.0,816,1
7402840,CVB45.BC,2024-02-01,Reparado / Garantía Lab,1,1,3.0,819,0
7402842,CVB45.BC,2022-12-12,Reparado,0,0,0.0,0,0
7402842,CVB45.BC,2024-02-21,Reparado / Garantía Lab,0,0,436.0,436,0
7402844,CVB45.BC,2025-07-08,Reparado,0,0,0.0,0,0
7402845,CVB45.BC,2024-08-30,Reparado,0,0,0.0,0,1
7402845,CVB45.BC,2024-09-04,Reparado / Garantía Lab,1,1,5.0,5,0
7402848,CVB45.BC,2025-09-05,Reparado,0,0,0.0,0,1
7402848,CVB45.BC,2025-10-02,Reparado / Garantía Lab,1,1,27.0,27,0
7402850,CVB45.BC,2022-12-16,Reparado,0,0,0.0,0,0
7402851,CVB45.BC,2025-04-25,Reparado / Garantía Lab,0,0,0.0,0,1
7402851,CVB45.BC,2025-04-29,Reparado / Garantía Lab,1,1,4.0,4,0
7402852,CVB45.BC,2024-01-12,Reparado,0,0,0.0,0,0
7402853,CVB45.BC,2023-10-18,Reparado,0,0,0.0,0,0
7402853,CVB45.BC,2025-04-29,Reparado / Garantía Lab,0,0,559.0,559,0
7402854,CVB45.BC,2023-10-31,Reparado,0,0,0.0,0,0
7402854,CVB45.BC,2025-03-06,Reparado / Garantía Lab,0,0,492.0,492,0
7402856,CVB45.BC,2025-10-20,Reparado,0,0,0.0,0,0
7402858,CVB45.BC,2021-02-23,Reparado,0,0,0.0,0,0
7402858,CVB45.BC,2023-02-12,POD Reparado,0,0,719.0,719,0
7402858,CVB45.BC,2024-01-08,Reparado / Garantía Lab,0,1,330.0,1049,1
7402858,CVB45.BC,2024-01-11,Reparado / Garantía Lab,1,2,3.0,1052,1
7402858,CVB45.BC,2024-01-15,Reparado / Garantía Lab,2,3,4.0,1056,0
7402859,CVB45.BC,2024-12-20,Reparado,0,0,0.0,0,1
7402859,CVB45.BC,2025-01-09,Reparado / Garantía Lab,1,1,20.0,20,0
7402860,CVB45.BC,2022-12-05,Reparado,0,0,0.0,0,0
7402860,CVB45.BC,2025-02-10,Reparado / Garantía Lab,0,0,798.0,798,1
7402860,CVB45.BC,2025-02-14,Reparado / Garantía Lab,1,1,4.0,802,0
7402861,CVB45.BC,2022-08-03,Reparado,0,0,0.0,0,0
7402863,CVB45.BC,2021-10-16,Reparado,0,0,0.0,0,0
7402863,CVB45.BC,2024-08-30,Reparado / Garantía Lab,0,0,1049.0,1049,1
7402863,CVB45.BC,2024-09-05,Reparado / Garantía Lab,1,1,6.0,1055,0
7402864,CVB45.BC,2022-09-08,Reparado,0,0,0.0,0,0
7402865,CVB45.BC,2024-01-10,Reparado,0,0,0.0,0,0
7402866,CVB45.BC,2022-09-20,Reparado,0,0,0.0,0,1
7402866,CVB45.BC,2022-09-27,Reparado / Garantía Lab,1,1,7.0,7,0
7402866,CVB45.BC,2024-05-17,Reparado / Garantía Lab,0,0,598.0,605,0
7402867,CVB45.BC,2022-11-20,Reparado,0,0,0.0,0,0
7402867,CVB45.BC,2024-12-11,Reparado / Garantía Lab,0,0,752.0,752,0
7402868,CVB45.BC,2025-09-03,Reparado,0,0,0.0,0,0
7402869,CVB45.BC,2022-09-20,Reparado,0,0,0.0,0,0
7402869,CVB45.BC,2025-08-18,Reparado / Garantía Lab,0,0,1063.0,1063,1
7402869,CVB45.BC,2025-09-01,Reparado / Garantía Lab,1,1,14.0,1077,1
7402869,CVB45.BC,2025-09-12,Reparado / Garantía Lab,2,2,11.0,1088,1
7402869,CVB45.BC,2025-09-25,Reparado / Garantía Lab,3,3,13.0,1101,1
7402869,CVB45.BC,2025-09-30,Reparado / Garantía Lab,4,4,5.0,1106,0
7402871,CVB45.BC,2023-07-07,Reparado,0,0,0.0,0,0
7402872,CVB45.BC,2024-09-10,Reparado,0,0,0.0,0,0
7402873,CVB45.BC,2024-08-30,POD Reparado,0,0,0.0,0,1
7402873,CVB45.BC,2024-09-16,Reparado / Garantía Lab,1,1,17.0,17,1
7402873,CVB45.BC,2024-09-23,Reparado / Garantía Lab,2,2,7.0,24,0
7402873,CVB45.BC,2025-08-04,Reparado / Garantía Lab,0,3,315.0,339,1
7402873,CVB45.BC,2025-08-26,Reparado / Garantía Lab,1,4,22.0,361,1
7402873,CVB45.BC,2025-09-05,Reparado / Garantía Lab,2,4,10.0,371,1
7402873,CVB45.BC,2025-09-12,Reparado / Garantía Lab,3,5,7.0,378,0
7402874,CVB45.BC,2021-07-08,Reparado,0,0,0.0,0,0
7402875,CVB45.BC,2025-09-30,POD Reparado,0,0,0.0,0,0
7402876,CVB45.BC,2023-12-15,Reparado,0,0,0.0,0,0
7402877,CVB45.BC,2021-09-16,Reparado,0,0,0.0,0,0
7402877,CVB45.BC,2025-02-24,Reparado / Garantía Lab,0,0,1257.0,1257,0
7402878,CVB45.BC,2022-09-05,Reparado,0,0,0.0,0,0
7402879,CVB45.BC,2023-01-16,Reparado,0,0,0.0,0,0
7402880,CVB45.BC,2023-10-26,Reparado,0,0,0.0,0,0
7402882,CVB45.BC,2023-05-25,Reparado,0,0,0.0,0,0
7402882,CVB45.BC,2025-03-17,Reparado / Garantía Lab,0,0,662.0,662,0
7402883,CVB45.BC,2025-10-08,Reparado / Garantía Lab,0,0,0.0,0,1
7402883,CVB45.BC,2025-10-10,Reparado / Garantía Lab,1,1,2.0,2,0
7402884,CVB45.BC,2023-05-05,Reparado,0,0,0.0,0,0
7402885,CVB45.BC,2024-08-13,Reparado,0,0,0.0,0,0
7402886,CVB45.BC,2025-05-06,Reparado / Garantía Lab,0,0,0.0,0,1
7402886,CVB45.BC,2025-05-09,Reparado / Garantía Lab,1,1,3.0,3,1
7402886,CVB45.BC,2025-05-30,Reparado / Garantía Lab,2,2,21.0,24,1
7402886,CVB45.BC,2025-06-05,Reparado / Garantía Lab,3,3,6.0,30,0
7402886,CVB45.BC,2025-09-24,Reparado / Garantía Lab,4,4,111.0,141,0
7402888,CVB45.BC,2022-01-10,Reparado,0,0,0.0,0,0
7402888,CVB45.BC,2023-12-14,Reparado / Garantía Lab,0,0,703.0,703,0
7402888,CVB45.BC,2024-05-25,Reparado / Garantía Lab,1,1,163.0,866,0
7402889,CVB45.BC,2023-12-09,Reparado,0,0,0.0,0,0
7402889,CVB45.BC,2024-06-19,Reparado / Garantía Lab,0,1,193.0,193,0
7402889,CVB45.BC,2025-08-25,Reparado / Garantía Lab,0,0,432.0,625,1
7402889,CVB45.BC,2025-09-23,Reparado / Garantía Lab,1,1,29.0,654,1
7402889,CVB45.BC,2025-09-26,Reparado / Garantía Lab,2,2,3.0,657,0
7402890,CVB45.BC,2024-09-16,Reparado,0,0,0.0,0,0
7402890,CVB45.BC,2024-11-08,Reparado / Garantía Lab,1,1,53.0,53,1
7402890,CVB45.BC,2024-11-12,Reparado / Garantía Lab,2,2,4.0,57,1
7402890,CVB45.BC,2024-11-28,Reparado / Garantía Lab,3,3,16.0,73,0
7402890,CVB45.BC,2025-05-02,Reparado / Garantía Lab,3,4,155.0,228,0
7402891,CVB45.BC,2022-12-04,Reparado,0,0,0.0,0,0
7402891,CVB45.BC,2023-05-03,Reparado / Garantía Lab,1,1,150.0,150,1
7402891,CVB45.BC,2023-05-10,Reparado / Garantía Lab,2,2,7.0,157,0
7402892,CVB45.BC,2022-03-22,Reparado,0,0,0.0,0,0
7402893,CVB45.BC,2021-07-29,Reparado,0,0,0.0,0,0
7402893,CVB45.BC,2025-04-02,Reparado / Garantía Lab,0,0,1343.0,1343,1
7402893,CVB45.BC,2025-05-02,Reparado / Garantía Lab,1,1,30.0,1373,0
7402893,CVB45.BC,2025-08-21,Reparado / Garantía Lab,2,2,111.0,1484,0
7402895,CVB45.BC,2024-04-22,Reparado,0,0,0.0,0,1
7402895,CVB45.BC,2024-04-29,Reparado / Garantía Lab,1,1,7.0,7,0
7402895,CVB45.BC,2024-06-04,Reparado / Garantía Lab,2,2,36.0,43,0
7402895,CVB45.BC,2025-08-22,Reparado / Garantía Lab,0,0,444.0,487,0
7402896,CVB45.BC,2021-02-11,Reparado,0,0,0.0,0,0
7402896,CVB45.BC,2021-11-16,Reparado / Garantía Lab,0,1,278.0,278,0
7402897,CVB45.BC,2022-03-31,POD Reparado,0,0,0.0,0,0
7402900,CVB45.BC,2022-12-17,Reparado,0,0,0.0,0,0
7402901,CVB45.BC,2021-10-03,Reparado,0,0,0.0,0,0
7402902,CVB45.BC,2024-12-17,Reparado,0,0,0.0,0,0
7402902,CVB45.BC,2025-09-04,Reparado / Garantía Lab,0,1,261.0,261,1
7402902,CVB45.BC,2025-09-09,Reparado / Garantía Lab,1,2,5.0,266,0
7402903,CVB45.BC,2023-10-24,Reparado,0,0,0.0,0,0
7402903,CVB45.BC,2025-07-28,Reparado / Garantía Lab,0,0,643.0,643,0
7402904,CVB45.BC,2023-06-22,Reparado,0,0,0.0,0,0
7402904,CVB45.BC,2024-09-12,Reparado / Garantía Lab,0,0,448.0,448,0
7402905,CVB45.BC,2020-11-19,Reparado,0,0,0.0,0,0
7402905,CVB45.BC,2024-09-04,Reparado / Garantía Lab,0,0,1385.0,1385,0
7402906,CVB45.BC,2022-11-05,Reparado,0,0,0.0,0,1
7402906,CVB45.BC,2022-11-23,Reparado / Garantía Lab,1,1,18.0,18,0
7402906,CVB45.BC,2025-07-24,Reparado / Garantía Lab,0,0,974.0,992,1
7402906,CVB45.BC,2025-07-28,Reparado / Garantía Lab,1,1,4.0,996,0
7402908,CVB45.BC,2023-10-14,Reparado,0,0,0.0,0,0
7402909,CVB45.BC,2022-12-17,Reparado,0,0,0.0,0,0
7402911,CVB45.BC,2025-10-28,Reparado / Garantía Lab,0,0,0.0,0,1
7402911,CVB45.BC,2025-11-07,Reparado / Garantía Lab,1,1,10.0,10,1
7402911,CVB45.BC,2025-11-11,Reparado / Garantía Lab,2,2,4.0,14,0
7402914,CVB45.BC,2022-06-18,Reparado,0,0,0.0,0,0
7402914,CVB45.BC,2025-09-08,Reparado / Garantía Lab,0,0,1178.0,1178,0
7402916,CVB45.BC,2021-12-07,Reparado,0,0,0.0,0,1
7402916,CVB45.BC,2021-12-14,Reparado / Garantía Lab,1,1,7.0,7,0
7402917,CVB45.BC,2022-07-27,Reparado,0,0,0.0,0,0
7402917,CVB45.BC,2022-11-03,Reparado / Garantía Lab,1,1,99.0,99,0
7402917,CVB45.BC,2025-05-08,Reparado / Garantía Lab,0,0,917.0,1016,0
7402918,CVB45.BC,2021-05-17,Reparado,0,0,0.0,0,0
7402918,CVB45.BC,2025-09-09,Reparado / Garantía Lab,0,0,1576.0,1576,0
7402919,CVB45.BC,2023-08-24,Reparado / Garantía Lab,0,0,0.0,0,1
7402919,CVB45.BC,2023-08-31,Reparado / Garantía Lab,1,1,7.0,7,0
7402919,CVB45.BC,2023-10-12,Reparado / Garantía Lab,2,2,42.0,49,0
7402921,CVB45.BC,2021-07-21,Reparado,0,0,0.0,0,0
7402922,CVB45.BC,2024-01-09,Reparado,0,0,0.0,0,0
7402923,CVB45.BC,2020-09-25,Reparado,0,0,0.0,0,0
7402923,CVB45.BC,2020-12-29,Reparado / Garantía Lab,1,1,95.0,95,0
7402923,CVB45.BC,2023-08-11,Reparado / Garantía Lab,0,0,955.0,1050,0
7402924,CVB45.BC,2022-09-07,Reparado,0,0,0.0,0,0
7402925,CVB45.BC,2023-05-16,Reparado,0,0,0.0,0,0
7402926,CVB45.BC,2020-09-29,Reparado,0,0,0.0,0,0
7402926,CVB45.BC,2024-01-09,Reparado / Garantía Lab,0,0,1197.0,1197,0
7402927,CVB45.BC,2025-04-24,Reparado,0,0,0.0,0,0
7402927,CVB45.BC,2025-07-01,Reparado / Garantía Lab,1,1,68.0,68,1
7402927,CVB45.BC,2025-07-03,Reparado / Garantía Lab,2,2,2.0,70,0
7402928,CVB45.BC,2025-10-27,Reparado,0,0,0.0,0,0
7402930,CVB45.BC,2021-11-18,POD Reparado,0,0,0.0,0,0
7402931,CVB45.BC,2023-12-05,Reparado / Garantía Lab,0,0,0.0,0,1
7402931,CVB45.BC,2023-12-07,Reparado / Garantía Lab,1,1,2.0,2,0
7402931,CVB45.BC,2024-04-09,Reparado / Garantía Lab,2,2,124.0,126,0
7402932,CVB45.BC,2025-08-04,Reparado,0,0,0.0,0,1
7402932,CVB45.BC,2025-08-22,Reparado / Garantía Lab,1,1,18.0,18,1
7402932,CVB45.BC,2025-08-27,Reparado / Garantía Lab,2,2,5.0,23,0
7402932,CVB45.BC,2025-12-02,Reparado / Garantía Lab,3,3,97.0,120,0
7402933,CVB45.BC,2025-10-08,Reparado / Garantía Lab,0,0,0.0,0,1
7402933,CVB45.BC,2025-10-13,Reparado / Garantía Lab,1,1,5.0,5,0
7402935,CVB45.BC,2025-02-12,Reparado,0,0,0.0,0,0
7402935,CVB45.BC,2025-05-30,Reparado / Garantía Lab,1,1,107.0,107,0
7402937,CVB45.BC,2022-11-05,Reparado,0,0,0.0,0,0
7402937,CVB45.BC,2024-05-31,Reparado / Garantía Lab,0,0,573.0,573,0
7402938,CVB45.BC,2021-11-04,Reparado,0,0,0.0,0,0
7402939,CVB45.BC,2022-09-20,Reparado,0,0,0.0,0,0
7402939,CVB45.BC,2025-02-12,Reparado / Garantía Lab,0,0,876.0,876,1
7402939,CVB45.BC,2025-02-17,Reparado / Garantía Lab,1,1,5.0,881,0
7402940,CVB45.BC,2022-07-22,Reparado,0,0,0.0,0,0
7402940,CVB45.BC,2022-11-25,Reparado / Garantía Lab,1,1,126.0,126,0
7402942,CVB45.BC,2023-10-12,Reparado,0,0,0.0,0,0
7402943,CVB45.BC,2021-02-24,Reparado,0,0,0.0,0,1
7402943,CVB45.BC,2021-03-09,Reparado / Garantía Lab,1,1,13.0,13,0
7402943,CVB45.BC,2024-10-10,Reparado / Garantía Lab,0,0,1311.0,1324,0
7402944,CVB45.BC,2022-11-28,Reparado,0,0,0.0,0,0
7402946,CVB45.BC,2020-11-09,Reparado,0,0,0.0,0,0
7402946,CVB45.BC,2024-06-01,Reparado / Garantía Lab,0,0,1300.0,1300,0
7402947,CVB45.BC,2022-08-05,Reparado,0,0,0.0,0,0
7402947,CVB45.BC,2024-02-19,Reparado / Garantía Lab,0,0,563.0,563,1
7402947,CVB45.BC,2024-02-23,Reparado / Garantía Lab,1,1,4.0,567,0
7402948,CVB45.BC,2023-10-04,Reparado,0,0,0.0,0,0
7402948,CVB45.BC,2024-09-24,Reparado / Garantía Lab,0,1,356.0,356,0
7402948,CVB45.BC,2024-11-04,Reparado / Garantía Lab,1,1,41.0,397,0
7402948,CVB45.BC,2025-06-25,Reparado / Garantía Lab,0,2,233.0,630,1
7402948,CVB45.BC,2025-06-30,Reparado / Garantía Lab,1,3,5.0,635,0
7402949,CVB45.BC,2022-01-19,Reparado,0,0,0.0,0,0
7402953,CVB45.BC,2023-12-05,POD Reparado,0,0,0.0,0,0
7402954,CVB45.BC,2023-11-02,Reparado / Garantía Lab,0,0,0.0,0,0
7402954,CVB45.BC,2024-01-02,Reparado / Garantía Lab,1,1,61.0,61,0
7402954,CVB45.BC,2024-02-13,Reparado / Garantía Lab,2,2,42.0,103,1
7402954,CVB45.BC,2024-02-19,Reparado / Garantía Lab,3,3,6.0,109,0
7402955,CVB45.BC,2024-10-30,Reparado,0,0,0.0,0,1
7402955,CVB45.BC,2024-11-05,Reparado / Garantía Lab,1,1,6.0,6,1
7402955,CVB45.BC,2024-11-12,Reparado / Garantía Lab,2,2,7.0,13,1
7402955,CVB45.BC,2024-11-14,Reparado / Garantía Lab,3,3,2.0,15,1
7402955,CVB45.BC,2024-11-18,Reparado / Garantía Lab,4,4,4.0,19,1
7402955,CVB45.BC,2024-11-21,Reparado / Garantía Lab,5,5,3.0,22,1
7402955,CVB45.BC,2024-11-25,Reparado / Garantía Lab,6,6,4.0,26,1
7402955,CVB45.BC,2024-12-19,Reparado / Garantía Lab,7,7,24.0,50,1
7402955,CVB45.BC,2024-12-24,Reparado / Garantía Lab,8,8,5.0,55,0
7402955,CVB45.BC,2025-01-27,Reparado / Garantía Lab,9,9,34.0,89,1
7402955,CVB45.BC,2025-01-29,Reparado / Garantía Lab,10,10,2.0,91,0
7402955,CVB45.BC,2025-10-22,Reparado / Garantía Lab,0,11,266.0,357,0
7402956,CVB45.BC,2025-03-24,Reparado,0,0,0.0,0,0
7402956,CVB45.BC,2025-10-14,Reparado,0,1,204.0,204,1
7402956,CVB45.BC,2025-10-22,Reparado / Garantía Lab,1,2,8.0,212,1
7402956,CVB45.BC,2025-11-06,Reparado / Garantía Lab,2,3,15.0,227,1
7402956,CVB45.BC,2025-11-17,Reparado / Garantía Lab,3,4,11.0,238,1
7402956,CVB45.BC,2025-11-19,Reparado / Garantía Lab,4,5,2.0,240,1
7402956,CVB45.BC,2025-12-01,Proceso,5,6,12.0,252,0
7402958,CVB45.BC,2022-10-20,Reparado,0,0,0.0,0,0
7402958,CVB45.BC,2025-04-14,Reparado / Garantía Lab,0,0,907.0,907,1
7402958,CVB45.BC,2025-04-16,Reparado / Garantía Lab,1,1,2.0,909,1
7402958,CVB45.BC,2025-04-21,Reparado / Garantía Lab,2,2,5.0,914,0
7402959,CVB45.BC,2025-09-17,Reparado,0,0,0.0,0,0
7402962,CVB45.BC,2024-01-02,Reparado,0,0,0.0,0,0
7402964,CVB45.BC,2020-12-02,Reparado / Garantía Lab,0,0,0.0,0,0
7402964,CVB45.BC,2021-01-12,Reparado / Garantía Lab,1,1,41.0,41,0
7402964,CVB45.BC,2023-10-14,Reparado / Garantía Lab,0,0,1005.0,1046,0
7402964,CVB45.BC,2025-10-20,Reparado / Garantía Lab,0,0,737.0,1783,0
7402965,CVB45.BC,2025-01-14,Reparado,0,0,0.0,0,0
7402966,CVB45.BC,2023-01-22,Reparado,0,0,0.0,0,0
7402967,CVB45.BC,2022-11-06,Reparado,0,0,0.0,0,0
7402967,CVB45.BC,2025-11-27,Reparado / Garantía Lab,0,0,1117.0,1117,0
7402968,CVB45.BC,2024-04-11,Reparado,0,0,0.0,0,0
7402969,CVB45.BC,2022-03-02,Reparado,0,0,0.0,0,0
7402969,CVB45.BC,2023-03-09,Reparado / Garantía Lab,0,0,372.0,372,0
7402971,CVB45.BC,2025-01-14,Reparado,0,0,0.0,0,0
7402971,CVB45.BC,2025-02-26,Reparado / Garantía Lab,1,1,43.0,43,1
7402971,CVB45.BC,2025-03-06,Reparado / Garantía Lab,2,2,8.0,51,0
7402971,CVB45.BC,2025-06-10,Reparado / Garantía Lab,3,3,96.0,147,0
7402971,CVB45.BC,2025-08-08,Reparado / Garantía Lab,3,4,59.0,206,1
7402971,CVB45.BC,2025-08-22,Reparado / Garantía Lab,4,5,14.0,220,0
7402971,CVB45.BC,2025-09-23,Reparado / Garantía Lab,3,6,32.0,252,0
7402971,CVB45.BC,2025-11-21,Reparado / Garantía Lab,4,7,59.0,311,0
7402972,CVB45.BC,2022-04-19,Reparado,0,0,0.0,0,0
7402973,CVB45.BC,2023-08-31,Reparado,0,0,0.0,0,0
7402973,CVB45.BC,2025-07-21,Reparado / Garantía Lab,0,0,690.0,690,1
7402973,CVB45.BC,2025-08-18,Reparado / Garantía Lab,1,1,28.0,718,0
7402973,CVB45.BC,2025-10-29,Reparado / Garantía Lab,2,2,72.0,790,0
7402974,CVB45.BC,2022-11-28,Reparado,0,0,0.0,0,0
7402975,CVB45.BC,2021-04-23,Reparado,0,0,0.0,0,0
7402975,CVB45.BC,2025-11-13,Reparado / Garantía Lab,0,0,1665.0,1665,0
7402977,CVB45.BC,2023-10-05,Reparado,0,0,0.0,0,0
7402977,CVB45.BC,2025-06-27,Reparado / Garantía Lab,0,0,631.0,631,0
7402978,CVB45.BC,2022-12-30,Reparado,0,0,0.0,0,0
7402980,CVB45.BC,2022-09-07,Reparado,0,0,0.0,0,0
7402981,CVB45.BC,2021-12-18,Reparado,0,0,0.0,0,0
7402982,CVB45.BC,2023-06-01,Reparado,0,0,0.0,0,0
7402982,CVB45.BC,2025-02-24,Reparado / Garantía Lab,0,0,634.0,634,1
7402982,CVB45.BC,2025-02-27,Reparado / Garantía Lab,1,1,3.0,637,0
7402982,CVB45.BC,2025-04-01,Reparado / Garantía Lab,2,2,33.0,670,0
7402984,CVB45.BC,2022-01-15,Reparado,0,0,0.0,0,0
7402984,CVB45.BC,2022-06-01,Reparado / Garantía Lab,1,1,137.0,137,1
7402984,CVB45.BC,2022-06-13,Reparado / Garantía Lab,2,2,12.0,149,0
7402984,CVB45.BC,2024-02-13,Reparado / Garantía Lab,0,0,610.0,759,0
7402985,CVB45.BC,2022-07-08,Reparado,0,0,0.0,0,0
7402986,CVB45.BC,2023-09-04,Reparado,0,0,0.0,0,0
7402988,CVB45.BC,2022-04-05,Reparado,0,0,0.0,0,0
7402988,CVB45.BC,2022-05-20,Reparado / Garantía Lab,1,1,45.0,45,1
7402988,CVB45.BC,2022-05-25,Reparado / Garantía Lab,2,2,5.0,50,0
7402989,CVB45.BC,2024-05-13,Reparado,0,0,0.0,0,0
7402989,CVB45.BC,2024-10-11,Reparado / Garantía Lab,1,1,151.0,151,0
7402989,CVB45.BC,2025-10-22,POD Reparado,0,0,376.0,527,0
7402990,CVB45.BC,2022-10-01,Reparado,0,0,0.0,0,0
7402991,CVB45.BC,2025-07-15,Reparado / Garantía Lab,0,0,0.0,0,1
7402991,CVB45.BC,2025-07-18,Reparado / Garantía Lab,1,1,3.0,3,0
7402992,CVB45.BC,2021-02-11,Reparado,0,0,0.0,0,0
7402994,CVB45.BC,2022-10-27,Reparado,0,0,0.0,0,0
7402995,CVB45.BC,2022-10-12,Reparado,0,0,0.0,0,0
7402995,CVB45.BC,2025-06-26,Reparado / Garantía Lab,0,0,988.0,988,1
7402995,CVB45.BC,2025-07-01,Reparado / Garantía Lab,1,1,5.0,993,0
7402997,CVB45.BC,2021-06-03,Reparado,0,0,0.0,0,0
7402997,CVB45.BC,2023-06-05,Reparado / Garantía Lab,0,0,732.0,732,0
7402998,CVB45.BC,2021-10-01,Reparado,0,0,0.0,0,0
7402998,CVB45.BC,2025-08-21,Reparado / Garantía Lab,0,0,1420.0,1420,0
7402999,CVB45.BC,2021-09-06,Reparado,0,0,0.0,0,1
7402999,CVB45.BC,2021-09-15,Reparado / Garantía Lab,1,1,9.0,9,0
7402999,CVB45.BC,2022-04-08,Reparado / Garantía Lab,0,2,205.0,214,0
7403002,CVB45.BC,2024-08-09,Reparado,0,0,0.0,0,0
7403003,CVB45.BC,2021-06-02,Reparado,0,0,0.0,0,0
7403003,CVB45.BC,2025-01-13,Reparado / Garantía Lab,0,0,1321.0,1321,0
7403004,CVB45.BC,2025-10-02,Reparado,0,0,0.0,0,0
7403005,CVB45.BC,2020-11-19,Reparado / Garantía Lab,0,0,0.0,0,0
7403005,CVB45.BC,2021-01-12,Reparado / Garantía Lab,1,1,54.0,54,0
7403007,CVB45.BC,2022-06-13,Reparado,0,0,0.0,0,0
7403007,CVB45.BC,2023-09-10,Reparado / Garantía Lab,0,0,454.0,454,0
7403008,CVB45.BC,2023-09-27,Reparado,0,0,0.0,0,0
7403009,CVB45.BC,2022-10-13,Reparado,0,0,0.0,0,0
7403009,CVB45.BC,2025-01-02,Reparado / Garantía Lab,0,0,812.0,812,1
7403009,CVB45.BC,2025-01-07,Reparado / Garantía Lab,1,1,5.0,817,1
7403009,CVB45.BC,2025-01-10,Reparado / Garantía Lab,2,2,3.0,820,1
7403009,CVB45.BC,2025-01-30,Reparado / Garantía Lab,3,3,20.0,840,0
7403009,CVB45.BC,2025-03-06,Reparado / Garantía Lab,4,4,35.0,875,1
7403009,CVB45.BC,2025-03-13,Reparado / Garantía Lab,5,5,7.0,882,0
7403009,CVB45.BC,2025-04-15,Reparado / Garantía Lab,6,6,33.0,915,1
7403009,CVB45.BC,2025-04-21,Reparado / Garantía Lab,7,7,6.0,921,0
7403010,CVB45.BC,2023-01-09,Reparado,0,0,0.0,0,0
7403010,CVB45.BC,2024-08-08,Reparado / Garantía Lab,0,0,577.0,577,1
7403010,CVB45.BC,2024-08-12,Reparado / Garantía Lab,1,1,4.0,581,1
7403010,CVB45.BC,2024-09-02,Reparado / Garantía Lab,2,2,21.0,602,0
7403010,CVB45.BC,2025-09-22,Reparado / Garantía Lab,0,0,385.0,987,0
7403015,CVB45.BC,2023-12-14,Reparado,0,0,0.0,0,0
7403015,CVB45.BC,2025-10-22,Reparado / Garantía Lab,0,0,678.0,678,0
7403017,CVB45.BC,2021-10-02,Reparado,0,0,0.0,0,0
7403017,CVB45.BC,2025-07-04,Reparado / Garantía Lab,0,0,1371.0,1371,0
7403018,CVB45.BC,2021-11-22,Reparado,0,0,0.0,0,0
7403019,CVB45.BC,2021-08-05,Reparado,0,0,0.0,0,0
7403020,CVB45.BC,2025-11-04,Reparado,0,0,0.0,0,0
7403021,CVB45.BC,2022-11-06,Reparado,0,0,0.0,0,0
7403022,CVB45.BC,2021-06-30,Reparado,0,0,0.0,0,0
7403022,CVB45.BC,2022-05-12,Reparado / Garantía Lab,0,1,316.0,316,0
7403022,CVB45.BC,2022-08-05,Reparado,1,1,85.0,401,0
7403023,CVB45.BC,2023-12-02,Reparado,0,0,0.0,0,0
7403023,CVB45.BC,2025-07-11,Reparado / Garantía Lab,0,0,587.0,587,0
7403025,CVB45.BC,2020-12-18,Reparado / Garantía Lab,0,0,0.0,0,1
7403025,CVB45.BC,2021-01-12,Reparado / Garantía Lab,1,1,25.0,25,0
7403025,CVB45.BC,2021-11-04,Reparado / Garantía Lab,0,2,296.0,321,0
7403026,CVB45.BC,2024-04-01,Reparado,0,0,0.0,0,0
7403027,CVB45.BC,2025-02-10,Reparado / Garantía Lab,0,0,0.0,0,1
7403027,CVB45.BC,2025-03-07,Reparado / Garantía Lab,1,1,25.0,25,1
7403027,CVB45.BC,2025-03-17,Reparado / Garantía Lab,2,2,10.0,35,1
7403027,CVB45.BC,2025-03-20,Reparado / Garantía Lab,3,3,3.0,38,1
7403027,CVB45.BC,2025-04-02,Reparado / Garantía Lab,4,4,13.0,51,0
7403027,CVB45.BC,2025-09-22,Reparado / Garantía Lab,1,5,173.0,224,0
7403028,CVB45.BC,2025-06-25,Reparado,0,0,0.0,0,1
7403028,CVB45.BC,2025-06-30,Reparado / Garantía Lab,1,1,5.0,5,0
7403029,CVB45.BC,2022-12-05,Reparado,0,0,0.0,0,0
7403029,CVB45.BC,2025-10-22,Reparado / Garantía Lab,0,0,1052.0,1052,1
7403029,CVB45.BC,2025-11-07,Reparado / Garantía Lab,1,1,16.0,1068,1
7403029,CVB45.BC,2025-11-26,Proceso,2,2,19.0,1087,0
7403030,CVB45.BC,2021-10-03,Reparado,0,0,0.0,0,0
7403031,CVB45.BC,2022-10-14,Reparado,0,0,0.0,0,0
7403031,CVB45.BC,2025-11-24,Reparado / Garantía Lab,0,0,1137.0,1137,1
7403031,CVB45.BC,2025-11-27,Reparado / Garantía Lab,1,1,3.0,1140,0
7403032,CVB45.BC,2021-08-31,Reparado,0,0,0.0,0,1
7403032,CVB45.BC,2021-09-22,Reparado / Garantía Lab,1,1,22.0,22,0
7403032,CVB45.BC,2022-03-25,Reparado / Garantía Lab,0,2,184.0,206,0
7403032,CVB45.BC,2022-12-21,Reparado / Garantía Lab,0,1,271.0,477,1
7403032,CVB45.BC,2022-12-29,Reparado / Garantía Lab,1,2,8.0,485,0
7403032,CVB45.BC,2024-12-09,Reparado / Garantía Lab,0,0,711.0,1196,1
7403032,CVB45.BC,2024-12-12,Reparado / Garantía Lab,1,1,3.0,1199,1
7403032,CVB45.BC,2024-12-18,Reparado / Garantía Lab,2,2,6.0,1205,1
7403032,CVB45.BC,2024-12-24,Reparado / Garantía Lab,3,3,6.0,1211,1
7403032,CVB45.BC,2024-12-30,Reparado / Garantía Lab,4,4,6.0,1217,1
7403032,CVB45.BC,2025-01-02,Reparado / Garantía Lab,5,5,3.0,1220,1
7403032,CVB45.BC,2025-01-07,Reparado / Garantía Lab,6,6,5.0,1225,0
7403032,CVB45.BC,2025-04-17,Reparado / Garantía Lab,7,7,100.0,1325,0
7403032,CVB45.BC,2025-05-22,Reparado / Garantía Lab,8,8,35.0,1360,0
7403033,CVB45.BC,2023-10-21,Reparado,0,0,0.0,0,0
7403035,CVB45.BC,2021-07-17,Reparado,0,0,0.0,0,0
7403036,CVB45.BC,2024-04-23,Reparado,0,0,0.0,0,1
7403036,CVB45.BC,2024-05-02,Reparado / Garantía Lab,1,1,9.0,9,0
7403037,CVB45.BC,2022-11-07,Reparado,0,0,0.0,0,0
7403038,CVB45.BC,2022-11-17,POD Reparado,0,0,0.0,0,0
7403039,CVB45.BC,2022-11-06,Reparado,0,0,0.0,0,0
7403039,CVB45.BC,2024-11-13,Reparado / Garantía Lab,0,0,738.0,738,0
7403039,CVB45.BC,2025-06-23,Reparado / Garantía Lab,0,1,222.0,960,1
7403039,CVB45.BC,2025-07-07,Reparado / Garantía Lab,1,2,14.0,974,1
7403039,CVB45.BC,2025-07-09,Reparado / Garantía Lab,2,3,2.0,976,0
7403042,CVB45.BC,2022-11-16,Reparado,0,0,0.0,0,0
7403043,CVB45.BC,2024-09-09,Reparado,0,0,0.0,0,0
7403044,CVB45.BC,2024-03-21,Reparado,0,0,0.0,0,0
7403045,CVB45.BC,2025-08-22,Reparado,0,0,0.0,0,0
7403046,CVB45.BC,2021-11-10,Reparado,0,0,0.0,0,0
7403047,CVB45.BC,2022-06-22,Reparado,0,0,0.0,0,0
7403048,CVB45.BC,2021-06-13,Reparado,0,0,0.0,0,0
7403049,CVB45.BC,2023-09-12,Reparado,0,0,0.0,0,0
7403050,CVB45.BC,2020-11-25,Reparado / Garantía Lab,0,0,0.0,0,0
7403050,CVB45.BC,2021-01-12,Reparado / Garantía Lab,1,1,48.0,48,0
7403050,CVB45.BC,2025-05-08,POD Reparado,0,0,1577.0,1625,0
7403051,CVB45.BC,2021-01-27,Reparado,0,0,0.0,0,0
7403051,CVB45.BC,2024-08-20,Reparado / Garantía Lab,0,0,1301.0,1301,0
7403053,CVB45.BC,2021-08-23,Reparado,0,0,0.0,0,0
7403053,CVB45.BC,2021-10-30,Reparado / Garantía Lab,1,1,68.0,68,0
7403053,CVB45.BC,2022-03-14,Reparado / Garantía Lab,1,2,135.0,203,0
7403053,CVB45.BC,2023-07-17,Reparado / Garantía Lab,0,0,490.0,693,1
7403053,CVB45.BC,2023-08-16,POD Reparado,1,1,30.0,723,0
7403053,CVB45.BC,2025-09-08,Reparado / Garantía Lab,0,0,754.0,1477,0
7403054,CVB45.BC,2021-12-28,Reparado,0,0,0.0,0,0
7403054,CVB45.BC,2022-11-15,Reparado / Garantía Lab,0,1,322.0,322,0
7403056,CVB45.BC,2025-08-21,Reparado,0,0,0.0,0,0
7403057,CVB45.BC,2022-12-19,Reparado,0,0,0.0,0,0
7403058,CVB45.BC,2025-10-20,Reparado / Garantía Lab,0,0,0.0,0,1
7403058,CVB45.BC,2025-10-30,Reparado / Garantía Lab,1,1,10.0,10,1
7403058,CVB45.BC,2025-11-06,Reparado / Garantía Lab,2,2,7.0,17,0
7403059,CVB45.BC,2025-05-20,POD Reparado,0,0,0.0,0,1
7403059,CVB45.BC,2025-05-27,Reparado,1,1,7.0,7,0
7403060,CVB45.BC,2021-12-24,Reparado,0,0,0.0,0,0
7403060,CVB45.BC,2023-03-01,Reparado / Garantía Lab,0,0,432.0,432,0
7403060,CVB45.BC,2025-09-05,Reparado / Garantía Lab,0,0,919.0,1351,0
7403061,CVB45.BC,2021-01-12,Reparado / Garantía Lab,0,0,0.0,0,0
7403061,CVB45.BC,2021-01-12,Reparado / Garantía Lab,0,0,0.0,0,0
7403062,CVB45.BC,2023-08-31,Reparado,0,0,0.0,0,0
7403063,CVB45.BC,2023-08-28,Reparado,0,0,0.0,0,0
7403064,CVB45.BC,2021-03-04,Reparado,0,0,0.0,0,0
7403064,CVB45.BC,2021-04-29,POD Reparado,1,1,56.0,56,1
7403064,CVB45.BC,2021-05-12,POD,2,2,13.0,69,0
7403064,CVB45.BC,2025-01-14,Reparado / Garantía Lab,0,0,1343.0,1412,0
7403065,CVB45.BC,2023-05-19,Reparado,0,0,0.0,0,0
7403066,CVB45.BC,2020-12-11,Reparado / Garantía Lab,0,0,0.0,0,0
7403066,CVB45.BC,2021-01-12,Reparado / Garantía Lab,1,1,32.0,32,0
7403066,CVB45.BC,2021-04-12,Reparado / Garantía Lab,2,2,90.0,122,0
7403066,CVB45.BC,2023-06-07,Reparado / Garantía Lab,0,0,786.0,908,0
7403068,CVB45.BC,2024-11-26,Reparado,0,0,0.0,0,0
7403069,CVB45.BC,2021-12-04,Reparado,0,0,0.0,0,0
7403071,CVB45.BC,2021-05-22,Reparado,0,0,0.0,0,0
7403071,CVB45.BC,2023-05-27,Reparado / Garantía Lab,0,0,735.0,735,0
7403072,CVB45.BC,2021-03-25,Reparado,0,0,0.0,0,0
7403072,CVB45.BC,2025-11-13,Reparado / Garantía Lab,0,0,1694.0,1694,0
7403073,CVB45.BC,2025-03-20,Reparado,0,0,0.0,0,0
7403074,CVB45.BC,2022-11-05,Reparado,0,0,0.0,0,1
7403074,CVB45.BC,2022-11-23,Reparado / Garantía Lab,1,1,18.0,18,0
7403076,CVB45.BC,2022-10-14,Reparado,0,0,0.0,0,0
7403077,CVB45.BC,2022-10-20,Reparado,0,0,0.0,0,0
7403078,CVB45.BC,2021-10-05,Reparado,0,0,0.0,0,0
7403079,CVB45.BC,2021-04-27,Reparado,0,0,0.0,0,0
7403079,CVB45.BC,2021-05-31,Reparado / Garantía Lab,1,1,34.0,34,0
7403079,CVB45.BC,2022-10-14,Reparado / Garantía Lab,0,0,501.0,535,0
7403082,CVB45.BC,2021-10-19,Reparado,0,0,0.0,0,0
7403082,CVB45.BC,2022-09-13,POD Reparado,0,1,329.0,329,0
7403083,CVB45.BC,2021-10-26,Reparado,0,0,0.0,0,0
7403083,CVB45.BC,2022-09-05,Reparado / Garantía Lab,0,1,314.0,314,0
7403083,CVB45.BC,2025-10-02,Reparado / Garantía Lab,0,0,1123.0,1437,0
7403084,CVB45.BC,2023-11-17,Reparado / Garantía Lab,0,0,0.0,0,1
7403084,CVB45.BC,2023-11-22,Reparado / Garantía Lab,1,1,5.0,5,0
7403084,CVB45.BC,2024-09-13,Reparado / Garantía Lab,0,2,296.0,301,0
7403084,CVB45.BC,2025-09-11,Reparado / Garantía Lab,0,1,363.0,664,1
7403084,CVB45.BC,2025-09-16,Reparado / Garantía Lab,1,1,5.0,669,0
7403084,CVB45.BC,2025-10-29,Reparado / Garantía Lab,2,2,43.0,712,1
7403084,CVB45.BC,2025-11-03,Reparado / Garantía Lab,3,3,5.0,717,0
7403085,CVB45.BC,2024-05-03,Reparado,0,0,0.0,0,0
7403088,CVB45.BC,2022-11-05,Reparado,0,0,0.0,0,0
7403090,CVB45.BC,2022-09-05,Reparado,0,0,0.0,0,0
7403091,CVB45.BC,2023-06-03,Reparado,0,0,0.0,0,0
7403093,CVB45.BC,2023-06-07,Reparado,0,0,0.0,0,0
7403097,CVB45.BC,2022-10-04,Reparado,0,0,0.0,0,0
7403098,CVB45.BC,2021-12-27,Reparado,0,0,0.0,0,0
7403098,CVB45.BC,2025-09-03,Reparado / Garantía Lab,0,0,1346.0,1346,0
7403099,CVB45.BC,2023-09-01,Reparado,0,0,0.0,0,0
7403101,CVB45.BC,2022-06-14,Reparado,0,0,0.0,0,0
7403101,CVB45.BC,2025-10-20,Reparado / Garantía Lab,0,0,1224.0,1224,0
7403102,CVB45.BC,2021-04-22,Reparado,0,0,0.0,0,0
7403102,CVB45.BC,2022-07-27,Reparado / Garantía Lab,0,0,461.0,461,0
7403102,CVB45.BC,2025-08-13,Reparado / Garantía Lab,0,0,1113.0,1574,1
7403102,CVB45.BC,2025-08-19,Reparado / Garantía Lab,1,1,6.0,1580,0
7403104,CVB45.BC,2022-12-17,Reparado,0,0,0.0,0,0
7403104,CVB45.BC,2024-09-17,Reparado / Garantía Lab,0,0,640.0,640,0
7403104,CVB45.BC,2025-10-15,Reparado / Garantía Lab,0,0,393.0,1033,0
7403107,CVB45.BC,2022-06-24,Reparado,0,0,0.0,0,0
7403109,CVB45.BC,2023-05-01,Reparado,0,0,0.0,0,0
7403109,CVB45.BC,2024-08-13,Reparado / Garantía Lab,0,0,470.0,470,0
7403110,CVB45.BC,2020-11-19,Reparado,0,0,0.0,0,1
7403110,CVB45.BC,2020-12-05,Reparado / Garantía Lab,1,1,16.0,16,0
7403110,CVB45.BC,2024-04-09,Reparado / Garantía Lab,0,0,1221.0,1237,1
7403110,CVB45.BC,2024-04-12,Reparado / Garantía Lab,1,1,3.0,1240,1
7403110,CVB45.BC,2024-04-19,Reparado / Garantía Lab,2,2,7.0,1247,1
7403110,CVB45.BC,2024-04-25,Reparado / Garantía Lab,3,3,6.0,1253,0
7403111,CVB45.BC,2022-01-27,Reparado,0,0,0.0,0,1
7403111,CVB45.BC,2022-02-09,Reparado / Garantía Lab,1,1,13.0,13,0
7403113,CVB45.BC,2025-11-19,Reparado / Garantía Lab,0,0,0.0,0,1
7403113,CVB45.BC,2025-11-21,Reparado / Garantía Lab,1,1,2.0,2,1
7403113,CVB45.BC,2025-11-28,Reparado / Garantía Lab,2,2,7.0,9,0
7403114,CVB45.BC,2021-11-19,Reparado,0,0,0.0,0,0
7403114,CVB45.BC,2025-10-20,Reparado / Garantía Lab,0,0,1431.0,1431,0
7403115,CVB45.BC,2023-08-21,Reparado,0,0,0.0,0,0
7403116,CVB45.BC,2021-02-14,Reparado,0,0,0.0,0,0
7403117,CVB45.BC,2025-11-25,Reparado / Garantía Lab,0,0,0.0,0,1
7403117,CVB45.BC,2025-11-27,Proceso,1,1,2.0,2,0
7403118,CVB45.BC,2023-10-05,Reparado,0,0,0.0,0,0
7403119,CVB45.BC,2024-03-23,Reparado,0,0,0.0,0,0
7403122,CVB45.BC,2021-06-07,Reparado,0,0,0.0,0,0
7403122,CVB45.BC,2025-10-27,Reparado / Garantía Lab,0,0,1603.0,1603,0
7403123,CVB45.BC,2025-08-22,Reparado,0,0,0.0,0,0
7403124,CVB45.BC,2021-12-24,Reparado,0,0,0.0,0,0
7403125,CVB45.BC,2022-09-21,Reparado,0,0,0.0,0,0
7403127,CVB45.BC,2021-10-01,Reparado,0,0,0.0,0,0
7403127,CVB45.BC,2022-03-06,Reparado / Garantía Lab,1,1,156.0,156,0
7403128,CVB45.BC,2022-12-07,Reparado,0,0,0.0,0,0
7403129,CVB45.BC,2020-11-25,Reparado / Garantía Lab,0,0,0.0,0,1
7403129,CVB45.BC,2020-12-21,Reparado,1,1,26.0,26,0
7403129,CVB45.BC,2021-09-29,Reparado / Garantía Lab,0,2,282.0,308,0
7403129,CVB45.BC,2023-05-02,Reparado,0,0,580.0,888,1
7403129,CVB45.BC,2023-05-10,Reparado / Garantía Lab,1,1,8.0,896,0
7403130,CVB45.BC,2021-11-20,Reparado,0,0,0.0,0,0
7403130,CVB45.BC,2023-10-14,Reparado / Garantía Lab,0,0,693.0,693,0
7403131,CVB45.BC,2022-11-26,Reparado,0,0,0.0,0,0
7403132,CVB45.BC,2021-08-13,Reparado,0,0,0.0,0,1
7403132,CVB45.BC,2021-08-18,Reparado / Garantía Lab,1,1,5.0,5,0
7403133,CVB45.BC,2020-10-22,Reparado / Garantía Lab,0,0,0.0,0,0
7403133,CVB45.BC,2021-01-12,Reparado / Garantía Lab,1,1,82.0,82,0
7403133,CVB45.BC,2024-09-26,Reparado / Garantía Lab,0,0,1353.0,1435,0
7403134,CVB45.BC,2022-01-11,Reparado,0,0,0.0,0,0
7403134,CVB45.BC,2025-09-12,Reparado / Garantía Lab,0,0,1340.0,1340,0
7403135,CVB45.BC,2025-11-13,Reparado,0,0,0.0,0,0
7403136,CVB45.BC,2021-06-11,Reparado,0,0,0.0,0,1
7403136,CVB45.BC,2021-06-22,Reparado / Garantía Lab,1,1,11.0,11,0
7403136,CVB45.BC,2022-03-14,Reparado / Garantía Lab,0,2,265.0,276,0
7403136,CVB45.BC,2022-06-22,Reparado / Garantía Lab,1,2,100.0,376,1
7403136,CVB45.BC,2022-07-04,Reparado / Garantía Lab,2,2,12.0,388,1
7403136,CVB45.BC,2022-07-18,POD Reparado,3,3,14.0,402,0
7403136,CVB45.BC,2022-12-29,Reparado / Garantía Lab,2,4,164.0,566,0
7403136,CVB45.BC,2024-06-25,Reparado / Garantía Lab,0,0,544.0,1110,0
7403136,CVB45.BC,2024-08-29,Reparado / Garantía Lab,1,1,65.0,1175,0
7403136,CVB45.BC,2025-04-03,POD Reparado,0,2,217.0,1392,1
7403136,CVB45.BC,2025-04-09,Reparado / Garantía Lab,1,3,6.0,1398,0
7403136,CVB45.BC,2025-06-02,Reparado / Garantía Lab,2,4,54.0,1452,1
7403136,CVB45.BC,2025-06-23,Reparado / Garantía Lab,3,5,21.0,1473,1
7403136,CVB45.BC,2025-07-03,Reparado / Garantía Lab,4,5,10.0,1483,1
7403136,CVB45.BC,2025-07-08,Reparado / Garantía Lab,5,6,5.0,1488,0
7403137,CVB45.BC,2021-02-24,Reparado,0,0,0.0,0,0
7403137,CVB45.BC,2025-04-02,Reparado / Garantía Lab,0,0,1498.0,1498,0
7403138,CVB45.BC,2021-12-22,Reparado,0,0,0.0,0,1
7403138,CVB45.BC,2022-01-03,Reparado / Garantía Lab,1,1,12.0,12,0
7403139,CVB45.BC,2021-07-03,Reparado,0,0,0.0,0,0
7403140,CVB45.BC,2024-08-07,Reparado,0,0,0.0,0,0
7403141,CVB45.BC,2021-03-18,Reparado,0,0,0.0,0,0
7403142,CVB45.BC,2023-10-25,Reparado,0,0,0.0,0,0
7403142,CVB45.BC,2025-09-08,Reparado / Garantía Lab,0,0,684.0,684,0
7403143,CVB45.BC,2022-05-13,Reparado,0,0,0.0,0,0
7403143,CVB45.BC,2022-06-16,Reparado / Garantía Lab,1,1,34.0,34,0
7403144,CVB45.BC,2023-10-19,Reparado,0,0,0.0,0,0
7403145,CVB45.BC,2023-09-01,Reparado,0,0,0.0,0,0
7403146,CVB45.BC,2022-11-06,Reparado,0,0,0.0,0,0
7403147,CVB45.BC,2025-11-04,Reparado / Garantía Lab,0,0,0.0,0,1
7403147,CVB45.BC,2025-11-06,Reparado / Garantía Lab,1,1,2.0,2,0
7403148,CVB45.BC,2021-06-08,Reparado,0,0,0.0,0,0
7403148,CVB45.BC,2021-07-09,Reparado / Garantía Lab,1,1,31.0,31,1
7403148,CVB45.BC,2021-08-05,Reparado / Garantía Lab,2,2,27.0,58,1
7403148,CVB45.BC,2021-08-10,Reparado / Garantía Lab,3,3,5.0,63,0
7403148,CVB45.BC,2022-04-14,Reparado / Garantía Lab,0,4,247.0,310,0
7403149,CVB45.BC,2021-01-20,Reparado,0,0,0.0,0,0
7403151,CVB45.BC,2023-10-20,Reparado,0,0,0.0,0,0
7403151,CVB45.BC,2025-10-20,Reparado / Garantía Lab,0,0,731.0,731,0
7403152,CVB45.BC,2021-12-18,Reparado,0,0,0.0,0,0
7403152,CVB45.BC,2024-07-04,Reparado / Garantía Lab,0,0,929.0,929,1
7403152,CVB45.BC,2024-07-25,Reparado / Garantía Lab,1,1,21.0,950,1
7403152,CVB45.BC,2024-07-31,Reparado / Garantía Lab,2,2,6.0,956,0
7403152,CVB45.BC,2024-10-23,Reparado / Garantía Lab,3,3,84.0,1040,0
7403155,CVB45.BC,2023-08-19,Reparado,0,0,0.0,0,0
7403155,CVB45.BC,2025-10-27,Reparado / Garantía Lab,0,0,800.0,800,0
7403156,CVB45.BC,2022-11-05,Reparado,0,0,0.0,0,1
7403156,CVB45.BC,2022-11-23,Reparado / Garantía Lab,1,1,18.0,18,0
7403157,CVB45.BC,2023-05-26,Reparado,0,0,0.0,0,0
7403157,CVB45.BC,2025-08-13,Reparado / Garantía Lab,0,0,810.0,810,0
7403158,CVB45.BC,2021-11-03,Reparado,0,0,0.0,0,0
7403158,CVB45.BC,2023-05-12,Reparado / Garantía Lab,0,0,555.0,555,0
7403161,CVB45.BC,2025-03-20,Reparado,0,0,0.0,0,0
7403162,CVB45.BC,2024-08-09,Reparado,0,0,0.0,0,0
7403162,CVB45.BC,2025-09-04,Reparado / Garantía Lab,0,0,391.0,391,0
7403163,CVB45.BC,2021-09-29,Reparado,0,0,0.0,0,0
7403163,CVB45.BC,2025-08-21,Reparado / Garantía Lab,0,0,1422.0,1422,0
7403164,CVB45.BC,2022-01-05,Reparado,0,0,0.0,0,0
7403165,CVB45.BC,2024-07-05,Reparado,0,0,0.0,0,1
7403165,CVB45.BC,2024-07-11,Reparado / Garantía Lab,1,1,6.0,6,1
7403165,CVB45.BC,2024-07-18,Reparado / Garantía Lab,2,2,7.0,13,0
7403166,CVB45.BC,2023-10-25,Reparado,0,0,0.0,0,0
7403166,CVB45.BC,2025-07-30,Reparado / Garantía Lab,0,0,644.0,644,1
7403166,CVB45.BC,2025-08-04,Reparado / Garantía Lab,1,1,5.0,649,0
7403167,CVB45.BC,2025-02-12,Reparado / Garantía Lab,0,0,0.0,0,1
7403167,CVB45.BC,2025-02-17,Reparado / Garantía Lab,1,1,5.0,5,0
7403167,CVB45.BC,2025-04-17,Reparado / Garantía Lab,2,2,59.0,64,1
7403167,CVB45.BC,2025-04-22,Reparado / Garantía Lab,3,3,5.0,69,0
7403168,CVB45.BC,2022-03-02,Reparado,0,0,0.0,0,0
7403168,CVB45.BC,2025-06-03,Reparado / Garantía Lab,0,0,1189.0,1189,1
7403168,CVB45.BC,2025-06-11,Reparado / Garantía Lab,1,1,8.0,1197,1
7403168,CVB45.BC,2025-06-17,Reparado / Garantía Lab,2,2,6.0,1203,0
7403169,CVB45.BC,2022-12-29,Reparado,0,0,0.0,0,0
7403170,CVB45.BC,2020-11-20,Reparado,0,0,0.0,0,0
7403170,CVB45.BC,2024-12-11,Reparado / Garantía Lab,0,0,1482.0,1482,1
7403170,CVB45.BC,2024-12-16,Reparado / Garantía Lab,1,1,5.0,1487,1
7403170,CVB45.BC,2025-01-15,Reparado / Garantía Lab,2,2,30.0,1517,0
7403170,CVB45.BC,2025-03-20,Reparado / Garantía Lab,3,3,64.0,1581,1
7403170,CVB45.BC,2025-03-25,Reparado / Garantía Lab,4,4,5.0,1586,0
7403171,CVB45.BC,2024-02-27,Reparado,0,0,0.0,0,0
7403173,CVB45.BC,2023-12-18,Reparado / Garantía Lab,0,0,0.0,0,0
7403173,CVB45.BC,2024-03-07,Reparado / Garantía Lab,1,1,80.0,80,0
7403174,CVB45.BC,2024-09-03,Reparado,0,0,0.0,0,0
7403175,CVB45.BC,2024-05-05,Reparado / Garantía Lab,0,0,0.0,0,1
7403175,CVB45.BC,2024-05-09,Reparado / Garantía Lab,1,1,4.0,4,1
7403175,CVB45.BC,2024-05-17,Reparado / Garantía Lab,2,2,8.0,12,0
7403175,CVB45.BC,2024-06-28,Reparado / Garantía Lab,3,3,42.0,54,0
7403176,CVB45.BC,2020-09-25,Reparado,0,0,0.0,0,0
7403178,CVB45.BC,2025-01-13,Reparado,0,0,0.0,0,0
7403179,CVB45.BC,2025-11-13,Reparado,0,0,0.0,0,1
7403179,CVB45.BC,2025-11-27,Reparado / Garantía Lab,1,1,14.0,14,1
7403179,CVB45.BC,2025-12-04,Proceso,2,2,7.0,21,0
7403180,CVB45.BC,2022-12-03,Reparado,0,0,0.0,0,0
7403182,CVB45.BC,2021-09-29,Reparado,0,0,0.0,0,0
7403182,CVB45.BC,2022-08-22,Reparado / Garantía Lab,0,1,327.0,327,0
7403183,CVB45.BC,2021-06-17,Reparado,0,0,0.0,0,0
7403183,CVB45.BC,2025-08-18,Reparado / Garantía Lab,0,0,1523.0,1523,0
7403184,CVB45.BC,2021-12-14,Reparado,0,0,0.0,0,1
7403184,CVB45.BC,2021-12-28,Reparado / Garantía Lab,1,1,14.0,14,0
7403185,CVB45.BC,2023-07-21,Reparado,0,0,0.0,0,0
7403186,CVB45.BC,2021-02-17,Reparado,0,0,0.0,0,0
7403187,CVB45.BC,2020-12-30,Reparado,0,0,0.0,0,0
7403188,CVB45.BC,2023-02-20,Reparado,0,0,0.0,0,0
7403188,CVB45.BC,2025-11-26,Reparado / Garantía Lab,0,0,1010.0,1010,1
7403188,CVB45.BC,2025-12-04,Reparado / Garantía Lab,1,1,8.0,1018,0
7403189,CVB45.BC,2023-12-04,Reparado,0,0,0.0,0,0
7403190,CVB45.BC,2023-10-19,Reparado,0,0,0.0,0,0
7403191,CVB45.BC,2021-07-30,Reparado,0,0,0.0,0,0
7403193,CVB45.BC,2025-04-10,Reparado / Garantía Lab,0,0,0.0,0,1
7403193,CVB45.BC,2025-04-22,Reparado / Garantía Lab,1,1,12.0,12,1
7403193,CVB45.BC,2025-04-25,Reparado / Garantía Lab,2,2,3.0,15,1
7403193,CVB45.BC,2025-04-29,Reparado / Garantía Lab,3,3,4.0,19,0
7403193,CVB45.BC,2025-06-13,Reparado / Garantía Lab,4,4,45.0,64,1
7403193,CVB45.BC,2025-06-18,Reparado / Garantía Lab,5,5,5.0,69,1
7403193,CVB45.BC,2025-06-24,Reparado / Garantía Lab,6,6,6.0,75,0
7403195,CVB45.BC,2022-09-08,Reparado,0,0,0.0,0,0
7403195,CVB45.BC,2025-11-26,Reparado / Garantía Lab,0,0,1175.0,1175,1
7403195,CVB45.BC,2025-12-01,Reparado / Garantía Lab,1,1,5.0,1180,1
7403195,CVB45.BC,2025-12-04,Proceso,2,2,3.0,1183,0
7403196,CVB45.BC,2021-10-22,Reparado,0,0,0.0,0,0
7403197,CVB45.BC,2023-08-29,Reparado,0,0,0.0,0,0
7403198,CVB45.BC,2022-10-04,Reparado,0,0,0.0,0,0
7403199,CVB45.BC,2021-03-17,Reparado / Garantía Lab,0,0,0.0,0,1
7403199,CVB45.BC,2021-04-01,Reparado,1,1,15.0,15,0
7403200,CVB45.BC,2022-11-28,Reparado,0,0,0.0,0,0
7403200,CVB45.BC,2025-08-26,Reparado / Garantía Lab,0,0,1002.0,1002,1
7403200,CVB45.BC,2025-09-01,Reparado / Garantía Lab,1,1,6.0,1008,0
7403201,CVB45.BC,2023-11-02,Reparado,0,0,0.0,0,0
7403201,CVB45.BC,2025-09-25,Reparado / Garantía Lab,0,0,693.0,693,0
7403203,CVB45.BC,2022-09-05,Reparado,0,0,0.0,0,0
7403203,CVB45.BC,2025-11-19,Reparado / Garantía Lab,0,0,1171.0,1171,1
7403203,CVB45.BC,2025-11-21,Reparado / Garantía Lab,1,1,2.0,1173,0
7403204,CVB45.BC,2021-08-21,Reparado,0,0,0.0,0,0
7403205,CVB45.BC,2021-10-25,Reparado,0,0,0.0,0,0
7403206,CVB45.BC,2025-10-30,Reparado,0,0,0.0,0,0
7403208,CVB45.BC,2021-06-23,Reparado,0,0,0.0,0,0
7403208,CVB45.BC,2024-06-03,Reparado / Garantía Lab,0,0,1076.0,1076,0
7403208,CVB45.BC,2025-08-14,Reparado / Garantía Lab,0,0,437.0,1513,0
7403209,CVB45.BC,2021-03-08,Reparado / Garantía Lab,0,0,0.0,0,1
7403209,CVB45.BC,2021-04-01,Reparado,1,1,24.0,24,0
7403209,CVB45.BC,2021-06-17,POD Reparado,2,2,77.0,101,1
7403209,CVB45.BC,2021-06-21,POD,3,3,4.0,105,0
7403209,CVB45.BC,2021-11-23,POD Reparado,2,4,155.0,260,0
7403209,CVB45.BC,2024-12-03,Reparado / Garantía Lab,0,0,1106.0,1366,0
7403210,CVB45.BC,2021-01-06,Reparado,0,0,0.0,0,0
7403210,CVB45.BC,2023-07-03,Reparado,0,0,908.0,908,0
7403211,CVB45.BC,2025-10-22,Reparado,0,0,0.0,0,1
7403211,CVB45.BC,2025-11-13,Reparado / Garantía Lab,1,1,22.0,22,1
7403211,CVB45.BC,2025-11-18,Reparado / Garantía Lab,2,2,5.0,27,1
7403211,CVB45.BC,2025-11-24,Reparado / Garantía Lab,3,3,6.0,33,1
7403211,CVB45.BC,2025-11-27,Reparado / Garantía Lab,4,4,3.0,36,1
7403211,CVB45.BC,2025-12-02,Proceso,5,5,5.0,41,0
7403212,CVB45.BC,2021-09-29,Reparado,0,0,0.0,0,0
7403212,CVB45.BC,2023-08-31,Reparado / Garantía Lab,0,0,701.0,701,0
7403213,CVB45.BC,2020-09-23,Reparado,0,0,0.0,0,0
7403214,CVB45.BC,2021-08-08,Reparado,0,0,0.0,0,0
7403215,CVB45.BC,2024-03-22,POD Reparado,0,0,0.0,0,1
7403215,CVB45.BC,2024-04-02,Reparado / Garantía Lab,1,1,11.0,11,0
7403215,CVB45.BC,2024-06-15,Reparado / Garantía Lab,2,2,74.0,85,0
7403215,CVB45.BC,2025-10-14,Reparado,0,0,486.0,571,1
7403215,CVB45.BC,2025-10-24,Reparado / Garantía Lab,1,1,10.0,581,1
7403215,CVB45.BC,2025-11-07,Reparado / Garantía Lab,2,2,14.0,595,0
7403216,CVB45.BC,2021-01-07,Reparado,0,0,0.0,0,0
7403216,CVB45.BC,2023-05-30,Reparado / Garantía Lab,0,0,873.0,873,0
7403216,CVB45.BC,2024-08-30,Reparado / Garantía Lab,0,0,458.0,1331,0
7403217,CVB45.BC,2024-02-19,Reparado,0,0,0.0,0,0
7403218,CVB45.BC,2021-02-02,Reparado,0,0,0.0,0,0
7403220,CVB45.BC,2023-11-24,Reparado,0,0,0.0,0,0
7403222,CVB45.BC,2021-07-15,Reparado,0,0,0.0,0,0
7403222,CVB45.BC,2022-09-03,Reparado / Garantía Lab,0,0,415.0,415,0
7403222,CVB45.BC,2025-01-28,Reparado / Garantía Lab,0,0,878.0,1293,0
7403223,CVB45.BC,2023-10-12,Reparado,0,0,0.0,0,0
7403223,CVB45.BC,2025-04-29,Reparado / Garantía Lab,0,0,565.0,565,1
7403223,CVB45.BC,2025-05-08,Reparado / Garantía Lab,1,1,9.0,574,1
7403223,CVB45.BC,2025-05-28,Reparado / Garantía Lab,2,2,20.0,594,0
7403224,CVB45.BC,2021-10-04,Reparado,0,0,0.0,0,0
7403225,CVB45.BC,2021-02-26,POD Reparado,0,0,0.0,0,1
7403225,CVB45.BC,2021-03-10,POD,1,1,12.0,12,0
7403226,CVB45.BC,2023-06-08,Reparado,0,0,0.0,0,0
7403226,CVB45.BC,2024-10-21,Reparado / Garantía Lab,0,0,501.0,501,0
7403227,CVB45.BC,2025-09-17,Reparado,0,0,0.0,0,0
7403229,CVB45.BC,2024-01-18,POD Reparado,0,0,0.0,0,0
7403230,CVB45.BC,2022-06-15,Reparado,0,0,0.0,0,0
7403230,CVB45.BC,2023-06-29,Reparado / Garantía Lab,0,0,379.0,379,0
7403230,CVB45.BC,2024-01-23,Reparado / Garantía Lab,0,1,208.0,587,1
7403230,CVB45.BC,2024-01-29,Reparado / Garantía Lab,1,2,6.0,593,1
7403230,CVB45.BC,2024-02-01,Reparado / Garantía Lab,2,3,3.0,596,1
7403230,CVB45.BC,2024-02-06,Reparado / Garantía Lab,3,4,5.0,601,1
7403230,CVB45.BC,2024-02-07,Reparado / Garantía Lab,4,5,1.0,602,1
7403230,CVB45.BC,2024-02-09,Reparado / Garantía Lab,5,6,2.0,604,1
7403230,CVB45.BC,2024-02-21,Reparado / Garantía Lab,6,7,12.0,616,1
7403230,CVB45.BC,2024-03-08,Reparado / Garantía Lab,7,8,16.0,632,1
7403230,CVB45.BC,2024-03-12,Reparado / Garantía Lab,8,9,4.0,636,1
7403230,CVB45.BC,2024-03-18,Reparado / Garantía Lab,9,10,6.0,642,0
7403231,CVB45.BC,2021-02-04,Reparado,0,0,0.0,0,0
7403233,CVB45.BC,2023-08-25,Reparado / Garantía Lab,0,0,0.0,0,1
7403233,CVB45.BC,2023-09-04,Reparado / Garantía Lab,1,1,10.0,10,0
7403233,CVB45.BC,2024-10-02,Reparado / Garantía Lab,0,0,394.0,404,0
7403234,CVB45.BC,2025-10-16,Reparado,0,0,0.0,0,1
7403234,CVB45.BC,2025-11-13,Reparado / Garantía Lab,1,1,28.0,28,1
7403234,CVB45.BC,2025-11-18,Proceso,2,2,5.0,33,0
7403236,CVB45.BC,2022-08-14,POD Reparado,0,0,0.0,0,0
7403236,CVB45.BC,2022-09-22,Reparado / Garantía Lab,1,1,39.0,39,0
7403238,CVB45.BC,2020-12-05,Reparado,0,0,0.0,0,0
7403238,CVB45.BC,2021-12-21,Reparado / Garantía Lab,0,0,381.0,381,0
7403239,CVB45.BC,2021-07-29,Reparado,0,0,0.0,0,0
7403240,CVB45.BC,2021-11-06,Reparado,0,0,0.0,0,0
7403241,CVB45.BC,2024-01-13,Reparado,0,0,0.0,0,0
7403242,CVB45.BC,2023-10-21,Reparado,0,0,0.0,0,0
7403243,CVB45.BC,2023-09-30,Reparado,0,0,0.0,0,0
7403243,CVB45.BC,2024-09-16,Reparado / Garantía Lab,0,1,352.0,352,1
7403243,CVB45.BC,2024-09-23,Reparado / Garantía Lab,1,2,7.0,359,0
7403243,CVB45.BC,2025-08-26,Reparado / Garantía Lab,0,2,337.0,696,0
7403244,CVB45.BC,2021-02-04,Reparado,0,0,0.0,0,0
7403244,CVB45.BC,2021-10-05,Reparado / Garantía Lab,0,1,243.0,243,0
7403244,CVB45.BC,2025-05-23,Reparado,0,0,1326.0,1569,0
7403245,CVB45.BC,2023-01-10,Reparado,0,0,0.0,0,0
7403246,CVB45.BC,2023-09-26,Reparado,0,0,0.0,0,0
7403247,CVB45.BC,2021-12-24,Reparado,0,0,0.0,0,0
7403248,CVB45.BC,2025-09-30,Reparado,0,0,0.0,0,1
7403248,CVB45.BC,2025-10-08,Reparado / Garantía Lab,1,1,8.0,8,1
7403248,CVB45.BC,2025-10-10,Reparado / Garantía Lab,2,2,2.0,10,0
7403248,CVB45.BC,2025-11-13,Reparado / Garantía Lab,3,3,34.0,44,0
7403249,CVB45.BC,2025-11-25,Reparado / Garantía Lab,0,0,0.0,0,0
7403250,CVB45.BC,2024-01-10,Reparado / Garantía Lab,0,0,0.0,0,1
7403250,CVB45.BC,2024-01-15,Reparado / Garantía Lab,1,1,5.0,5,0
7403251,CVB45.BC,2022-04-20,Reparado,0,0,0.0,0,0
7403252,CVB45.BC,2021-03-15,Reparado,0,0,0.0,0,0
7403253,CVB45.BC,2022-10-07,Reparado,0,0,0.0,0,0
7403254,CVB45.BC,2023-05-16,Reparado,0,0,0.0,0,0
7403254,CVB45.BC,2023-09-04,Reparado / Garantía Lab,1,1,111.0,111,0
7403255,CVB45.BC,2023-01-11,Reparado,0,0,0.0,0,0
7403255,CVB45.BC,2024-06-21,Reparado / Garantía Lab,0,0,527.0,527,0
7403255,CVB45.BC,2024-11-26,Reparado / Garantía Lab,1,1,158.0,685,1
7403255,CVB45.BC,2024-12-03,Reparado / Garantía Lab,2,2,7.0,692,1
7403255,CVB45.BC,2024-12-06,Reparado / Garantía Lab,3,3,3.0,695,1
7403255,CVB45.BC,2024-12-11,Reparado / Garantía Lab,4,4,5.0,700,0
7403255,CVB45.BC,2025-01-28,Reparado / Garantía Lab,4,5,48.0,748,1
7403255,CVB45.BC,2025-02-14,Reparado / Garantía Lab,5,6,17.0,765,1
7403255,CVB45.BC,2025-02-24,Reparado / Garantía Lab,6,7,10.0,775,1
7403255,CVB45.BC,2025-02-27,Reparado / Garantía Lab,7,8,3.0,778,0
7403255,CVB45.BC,2025-04-07,Reparado / Garantía Lab,8,9,39.0,817,0
7403255,CVB45.BC,2025-07-30,Reparado / Garantía Lab,4,9,114.0,931,1
7403255,CVB45.BC,2025-08-11,Reparado / Garantía Lab,5,10,12.0,943,0
7403255,CVB45.BC,2025-10-07,Reparado / Garantía Lab,2,11,57.0,1000,0
7403256,CVB45.BC,2023-07-05,Reparado,0,0,0.0,0,0
7403257,CVB45.BC,2024-07-29,Reparado,0,0,0.0,0,1
7403257,CVB45.BC,2024-08-05,Reparado / Garantía Lab,1,1,7.0,7,0
7403258,CVB45.BC,2021-05-20,Reparado,0,0,0.0,0,1
7403258,CVB45.BC,2021-06-09,Reparado / Garantía Lab,1,1,20.0,20,0
7403258,CVB45.BC,2021-12-14,Reparado / Garantía Lab,0,2,188.0,208,0
7403260,CVB45.BC,2022-12-23,Reparado,0,0,0.0,0,0
7403260,CVB45.BC,2025-11-13,Reparado / Garantía Lab,0,0,1056.0,1056,0
7403261,CVB45.BC,2024-05-13,Reparado,0,0,0.0,0,0
7403262,CVB45.BC,2021-03-12,Reparado,0,0,0.0,0,1
7403262,CVB45.BC,2021-03-23,Reparado,1,1,11.0,11,0
7403263,CVB45.BC,2024-01-09,Reparado,0,0,0.0,0,0
7403264,CVB45.BC,2021-02-25,Reparado,0,0,0.0,0,0
7403265,CVB45.BC,2022-11-20,Reparado,0,0,0.0,0,0
7403267,CVB45.BC,2024-02-12,Reparado,0,0,0.0,0,0
7403268,CVB45.BC,2025-09-22,Reparado / Garantía Lab,0,0,0.0,0,1
7403268,CVB45.BC,2025-09-25,Reparado / Garantía Lab,1,1,3.0,3,1
7403268,CVB45.BC,2025-10-07,Reparado / Garantía Lab,2,2,12.0,15,0
7403268,CVB45.BC,2025-11-11,Reparado / Garantía Lab,3,3,35.0,50,0
7403269,CVB45.BC,2021-02-09,Reparado,0,0,0.0,0,0
7403271,CVB45.BC,2022-09-07,Reparado,0,0,0.0,0,0
7403271,CVB45.BC,2023-10-03,Reparado / Garantía Lab,0,0,391.0,391,0
7403271,CVB45.BC,2025-09-17,Reparado / Garantía Lab,0,0,715.0,1106,0
7403271,CVB45.BC,2025-11-28,Reparado / Garantía Lab,1,1,72.0,1178,0
7403273,CVB45.BC,2021-11-09,Reparado,0,0,0.0,0,0
7403273,CVB45.BC,2025-10-20,Reparado / Garantía Lab,0,0,1441.0,1441,0
7403275,CVB45.BC,2020-08-24,Reparado,0,0,0.0,0,0
7403275,CVB45.BC,2020-12-14,Reparado / Garantía Lab,1,1,112.0,112,1
7403275,CVB45.BC,2021-01-12,Reparado / Garantía Lab,2,2,29.0,141,0
7403277,CVB45.BC,2025-10-27,Reparado,0,0,0.0,0,0
7403278,CVB45.BC,2020-07-29,Reparado / Garantía Lab,0,0,0.0,0,0
7403278,CVB45.BC,2021-01-12,Reparado / Garantía Lab,1,1,167.0,167,0
7403278,CVB45.BC,2021-04-13,Reparado / Garantía Lab,1,2,91.0,258,0
7403279,CVB45.BC,2022-07-08,Reparado,0,0,0.0,0,0
7403279,CVB45.BC,2024-12-09,Reparado / Garantía Lab,0,0,885.0,885,0
7403279,CVB45.BC,2025-08-29,Reparado / Garantía Lab,0,1,263.0,1148,0
7403281,CVB45.BC,2025-09-05,Reparado,0,0,0.0,0,0
7403282,CVB45.BC,2021-07-21,Reparado,0,0,0.0,0,0
7403282,CVB45.BC,2023-10-14,Reparado / Garantía Lab,0,0,815.0,815,0
7403282,CVB45.BC,2024-08-16,Reparado / Garantía Lab,0,1,307.0,1122,0
7403282,CVB45.BC,2025-02-07,Reparado / Garantía Lab,1,1,175.0,1297,0
7403283,CVB45.BC,2025-10-02,Reparado,0,0,0.0,0,0
7403283,CVB45.BC,2025-11-11,Reparado / Garantía Lab,1,1,40.0,40,1
7403283,CVB45.BC,2025-11-13,Reparado / Garantía Lab,2,2,2.0,42,1
7403283,CVB45.BC,2025-11-17,Reparado / Garantía Lab,3,3,4.0,46,0
7403285,CVB45.BC,2021-02-03,Reparado,0,0,0.0,0,0
7403285,CVB45.BC,2021-04-23,Reparado / Garantía Lab,1,1,79.0,79,1
7403285,CVB45.BC,2021-05-13,Reparado / Garantía Lab,2,2,20.0,99,1
7403285,CVB45.BC,2021-05-24,Reparado / Garantía Lab,3,3,11.0,110,0
7403285,CVB45.BC,2021-06-30,Reparado / Garantía Lab,4,4,37.0,147,0
7403285,CVB45.BC,2021-09-22,Reparado / Garantía Lab,4,5,84.0,231,0
7403285,CVB45.BC,2021-10-31,Reparado / Garantía Lab,4,6,39.0,270,0
7403285,CVB45.BC,2022-01-29,Reparado / Garantía Lab,2,7,90.0,360,1
7403285,CVB45.BC,2022-02-07,Reparado / Garantía Lab,3,7,9.0,369,0
7403285,CVB45.BC,2023-09-18,Reparado / Garantía Lab,0,0,588.0,957,0
7403286,CVB45.BC,2021-06-26,Reparado,0,0,0.0,0,0
7403286,CVB45.BC,2024-01-07,Reparado / Garantía Lab,0,0,925.0,925,0
7403286,CVB45.BC,2024-10-08,Reparado / Garantía Lab,0,1,275.0,1200,1
7403286,CVB45.BC,2024-10-25,Reparado / Garantía Lab,1,2,17.0,1217,0
7403286,CVB45.BC,2024-12-09,Reparado / Garantía Lab,2,3,45.0,1262,1
7403286,CVB45.BC,2024-12-19,Reparado / Garantía Lab,3,4,10.0,1272,1
7403286,CVB45.BC,2024-12-24,Reparado / Garantía Lab,4,5,5.0,1277,0
7403286,CVB45.BC,2025-02-17,Reparado / Garantía Lab,5,5,55.0,1332,0
7403287,CVB45.BC,2022-08-16,Reparado,0,0,0.0,0,0
7403288,CVB45.BC,2023-06-05,Reparado,0,0,0.0,0,0
7403289,CVB45.BC,2023-07-27,Reparado,0,0,0.0,0,0
7403290,CVB45.BC,2022-06-03,Reparado,0,0,0.0,0,0
7403291,CVB45.BC,2025-01-31,Reparado / Garantía Lab,0,0,0.0,0,1
7403291,CVB45.BC,2025-02-05,Reparado / Garantía Lab,1,1,5.0,5,1
7403291,CVB45.BC,2025-02-07,Reparado / Garantía Lab,2,2,2.0,7,1
7403291,CVB45.BC,2025-02-14,Reparado / Garantía Lab,3,3,7.0,14,0
7403291,CVB45.BC,2025-04-14,Reparado / Garantía Lab,4,4,59.0,73,1
7403291,CVB45.BC,2025-04-21,Reparado / Garantía Lab,5,5,7.0,80,1
7403291,CVB45.BC,2025-05-14,Reparado / Garantía Lab,6,6,23.0,103,0
7403292,CVB45.BC,2023-10-20,Reparado,0,0,0.0,0,0
7403294,CVB45.BC,2022-07-18,Reparado,0,0,0.0,0,0
7403295,CVB45.BC,2023-10-24,Reparado,0,0,0.0,0,0
7403295,CVB45.BC,2024-09-13,Reparado / Garantía Lab,0,1,325.0,325,0
7403295,CVB45.BC,2025-06-11,Reparado / Garantía Lab,0,1,271.0,596,1
7403295,CVB45.BC,2025-06-17,Reparado / Garantía Lab,1,2,6.0,602,0
7403295,CVB45.BC,2025-10-20,Reparado / Garantía Lab,2,2,125.0,727,0
7403298,CVB45.BC,2023-06-03,Reparado,0,0,0.0,0,0
7403298,CVB45.BC,2024-08-28,Reparado / Garantía Lab,0,0,452.0,452,1
7403298,CVB45.BC,2024-09-16,Reparado / Garantía Lab,1,1,19.0,471,0
7403299,CVB45.BC,2021-05-29,Reparado,0,0,0.0,0,0
7403299,CVB45.BC,2021-07-29,Reparado / Garantía Lab,1,1,61.0,61,0
7403300,CVB45.BC,2021-07-28,Reparado / Garantía Lab,0,0,0.0,0,1
7403300,CVB45.BC,2021-08-03,Reparado / Garantía Lab,1,1,6.0,6,0
7403300,CVB45.BC,2021-10-13,Reparado / Garantía Lab,2,2,71.0,77,0
7403301,CVB45.BC,2021-02-09,Reparado,0,0,0.0,0,0
7403301,CVB45.BC,2023-07-25,Reparado / Garantía Lab,0,0,896.0,896,0
7403301,CVB45.BC,2023-09-12,Reparado / Garantía Lab,1,1,49.0,945,0
7403302,CVB45.BC,2021-12-28,Reparado,0,0,0.0,0,1
7403302,CVB45.BC,2022-01-03,Reparado / Garantía Lab,1,1,6.0,6,1
7403302,CVB45.BC,2022-01-06,Reparado / Garantía Lab,2,2,3.0,9,0
7403303,CVB45.BC,2025-06-18,Reparado,0,0,0.0,0,1
7403303,CVB45.BC,2025-06-24,Reparado / Garantía Lab,1,1,6.0,6,0
7403304,CVB45.BC,2024-09-12,Reparado,0,0,0.0,0,0
7403306,CVB45.BC,2021-11-04,Reparado,0,0,0.0,0,0
7403306,CVB45.BC,2022-07-29,Reparado / Garantía Lab,0,1,267.0,267,0
7403307,CVB45.BC,2021-02-18,Reparado,0,0,0.0,0,0
7403307,CVB45.BC,2024-09-13,Reparado / Garantía Lab,0,0,1303.0,1303,0
7403308,CVB45.BC,2022-07-27,Reparado,0,0,0.0,0,0
7403308,CVB45.BC,2024-12-31,Reparado / Garantía Lab,0,0,888.0,888,1
7403308,CVB45.BC,2025-01-07,Reparado / Garantía Lab,1,1,7.0,895,0
7403308,CVB45.BC,2025-06-24,Reparado / Garantía Lab,2,2,168.0,1063,1
7403308,CVB45.BC,2025-06-27,Reparado / Garantía Lab,3,3,3.0,1066,1
7403308,CVB45.BC,2025-07-01,Reparado / Garantía Lab,3,4,4.0,1070,0
7403308,CVB45.BC,2025-08-19,Reparado / Garantía Lab,3,5,49.0,1119,0
7403309,CVB45.BC,2023-07-12,Reparado,0,0,0.0,0,0
7403309,CVB45.BC,2024-09-02,Reparado / Garantía Lab,0,0,418.0,418,0
7403310,CVB45.BC,2023-10-01,Reparado,0,0,0.0,0,0
7403312,CVB45.BC,2024-04-27,Reparado,0,0,0.0,0,0
7403314,CVB45.BC,2021-08-16,Reparado,0,0,0.0,0,0
7403314,CVB45.BC,2023-10-14,Reparado / Garantía Lab,0,0,789.0,789,0
7403314,CVB45.BC,2025-12-04,Reparado / Garantía Lab,0,0,782.0,1571,0
7403316,CVB45.BC,2025-11-25,Reparado / Garantía Lab,0,0,0.0,0,0
7403317,CVB45.BC,2020-12-04,Reparado,0,0,0.0,0,1
7403317,CVB45.BC,2020-12-07,Reparado,1,1,3.0,3,1
7403317,CVB45.BC,2020-12-23,Reparado,2,2,16.0,19,1
7403317,CVB45.BC,2021-01-05,Reparado,3,3,13.0,32,0
7403318,CVB45.BC,2021-04-12,Reparado,0,0,0.0,0,1
7403318,CVB45.BC,2021-04-29,Reparado / Garantía Lab,1,1,17.0,17,0
7403318,CVB45.BC,2022-02-28,Reparado / Garantía Lab,0,2,305.0,322,0
7403319,CVB45.BC,2022-09-01,Reparado,0,0,0.0,0,0
7403319,CVB45.BC,2025-05-02,Reparado / Garantía Lab,0,0,974.0,974,0
7403319,CVB45.BC,2025-11-25,Reparado / Garantía Lab,0,1,207.0,1181,0
7403320,CVB45.BC,2021-10-19,Reparado,0,0,0.0,0,1
7403320,CVB45.BC,2021-10-26,Reparado / Garantía Lab,1,1,7.0,7,0
7403321,CVB45.BC,2025-02-24,Reparado / Garantía Lab,0,0,0.0,0,1
7403321,CVB45.BC,2025-03-06,Reparado / Garantía Lab,1,1,10.0,10,1
7403321,CVB45.BC,2025-03-31,Reparado / Garantía Lab,2,2,25.0,35,1
7403321,CVB45.BC,2025-04-28,Reparado / Garantía Lab,3,3,28.0,63,1
7403321,CVB45.BC,2025-05-05,Reparado / Garantía Lab,4,4,7.0,70,1
7403321,CVB45.BC,2025-05-07,Reparado / Garantía Lab,5,5,2.0,72,1
7403321,CVB45.BC,2025-05-09,Reparado / Garantía Lab,6,6,2.0,74,1
7403321,CVB45.BC,2025-05-13,Reparado / Garantía Lab,7,7,4.0,78,0
7403323,CVB45.BC,2022-12-29,Reparado,0,0,0.0,0,0
7403323,CVB45.BC,2024-07-09,Reparado / Garantía Lab,0,0,558.0,558,0
7403324,CVB45.BC,2025-08-22,Reparado,0,0,0.0,0,0
7403326,CVB45.BC,2023-09-30,Reparado,0,0,0.0,0,0
7403327,CVB45.BC,2025-01-22,Reparado,0,0,0.0,0,1
7403327,CVB45.BC,2025-01-27,Reparado / Garantía Lab,1,1,5.0,5,0
7403328,CVB45.BC,2022-10-04,Reparado,0,0,0.0,0,0
7403331,CVB45.BC,2023-10-03,Reparado,0,0,0.0,0,0
7403332,CVB45.BC,2022-08-24,Reparado,0,0,0.0,0,1
7403332,CVB45.BC,2022-08-29,Reparado / Garantía Lab,1,1,5.0,5,1
7403332,CVB45.BC,2022-09-02,Reparado / Garantía Lab,2,2,4.0,9,0
7403332,CVB45.BC,2024-06-05,Reparado / Garantía Lab,0,0,642.0,651,1
7403332,CVB45.BC,2024-06-19,Reparado / Garantía Lab,1,1,14.0,665,1
7403332,CVB45.BC,2024-06-26,Reparado / Garantía Lab,2,2,7.0,672,0
7403334,CVB45.BC,2022-08-11,Reparado,0,0,0.0,0,0
7403336,CVB45.BC,2022-07-05,Reparado,0,0,0.0,0,0
7403338,CVB45.BC,2025-09-05,Reparado,0,0,0.0,0,0
7403339,CVB45.BC,2025-02-13,Reparado,0,0,0.0,0,0
7403342,CVB45.BC,2025-09-05,Reparado,0,0,0.0,0,0
7403343,CVB45.BC,2023-10-27,Reparado,0,0,0.0,0,0
7403343,CVB45.BC,2025-05-15,Reparado / Garantía Lab,0,0,566.0,566,0
7403344,CVB45.BC,2024-05-08,Reparado,0,0,0.0,0,0
7403345,CVB45.BC,2022-03-02,Reparado,0,0,0.0,0,0
7403346,CVB45.BC,2021-02-27,Reparado,0,0,0.0,0,0
7403347,CVB45.BC,2021-05-04,Reparado,0,0,0.0,0,0
7403347,CVB45.BC,2024-11-13,Reparado / Garantía Lab,0,0,1289.0,1289,0
7403347,CVB45.BC,2024-12-18,Reparado / Garantía Lab,1,1,35.0,1324,0
7403347,CVB45.BC,2025-07-28,POD Reparado,0,2,222.0,1546,0
7403350,CVB45.BC,2022-10-22,Reparado,0,0,0.0,0,0
7403350,CVB45.BC,2022-11-23,Reparado / Garantía Lab,1,1,32.0,32,0
7403351,CVB45.BC,2021-03-31,Reparado,0,0,0.0,0,0
7403353,CVB45.BC,2021-12-21,Reparado,0,0,0.0,0,0
7403353,CVB45.BC,2025-08-13,Reparado / Garantía Lab,0,0,1331.0,1331,1
7403353,CVB45.BC,2025-08-19,Reparado / Garantía Lab,1,1,6.0,1337,0
7403353,CVB45.BC,2025-11-13,Reparado / Garantía Lab,2,2,86.0,1423,1
7403353,CVB45.BC,2025-11-19,Reparado / Garantía Lab,3,3,6.0,1429,0
7403354,CVB45.BC,2021-08-20,Reparado,0,0,0.0,0,0
7403355,CVB45.BC,2023-09-29,Reparado,0,0,0.0,0,0
7403355,CVB45.BC,2024-07-07,Reparado / Garantía Lab,0,1,282.0,282,0
7403356,CVB45.BC,2025-01-31,Reparado,0,0,0.0,0,0
7403356,CVB45.BC,2025-07-04,Reparado / Garantía Lab,1,1,154.0,154,0
7403358,CVB45.BC,2022-11-16,Reparado,0,0,0.0,0,0
7403358,CVB45.BC,2025-12-05,Reparado / Garantía Lab,0,0,1115.0,1115,0
7403359,CVB45.BC,2020-08-24,Reparado / Garantía Lab,0,0,0.0,0,0
7403359,CVB45.BC,2021-01-12,Reparado / Garantía Lab,1,1,141.0,141,0
7403359,CVB45.BC,2021-04-07,Reparado / Garantía Lab,1,2,85.0,226,0
7403361,CVB45.BC,2023-10-26,Reparado,0,0,0.0,0,0
7403362,CVB45.BC,2021-11-18,Reparado,0,0,0.0,0,0
7403362,CVB45.BC,2022-12-12,Reparado / Garantía Lab,0,0,389.0,389,0
7403363,CVB45.BC,2021-12-07,Reparado,0,0,0.0,0,0
7403363,CVB45.BC,2024-10-10,Reparado / Garantía Lab,0,0,1038.0,1038,0
7403364,CVB45.BC,2021-01-12,Reparado / Garantía Lab,0,0,0.0,0,0
7403364,CVB45.BC,2021-01-12,Reparado / Garantía Lab,0,0,0.0,0,0
7403364,CVB45.BC,2024-07-11,Reparado / Garantía Lab,0,0,1276.0,1276,0
7403365,CVB45.BC,2023-09-25,Reparado,0,0,0.0,0,0
7403366,CVB45.BC,2021-04-05,Reparado,0,0,0.0,0,0
7403366,CVB45.BC,2024-08-09,Reparado / Garantía Lab,0,0,1222.0,1222,0
7403367,CVB45.BC,2023-11-04,Reparado / Garantía Lab,0,0,0.0,0,0
7403367,CVB45.BC,2024-02-05,Reparado / Garantía Lab,1,1,93.0,93,0
7403367,CVB45.BC,2024-08-14,Reparado / Garantía Lab,0,2,191.0,284,1
7403367,CVB45.BC,2024-08-19,Reparado / Garantía Lab,1,3,5.0,289,1
7403367,CVB45.BC,2024-09-13,Reparado / Garantía Lab,2,4,25.0,314,1
7403367,CVB45.BC,2024-09-27,Reparado / Garantía Lab,3,5,14.0,328,0
7403367,CVB45.BC,2025-10-08,Reparado / Garantía Lab,0,0,376.0,704,1
7403367,CVB45.BC,2025-10-22,Reparado / Garantía Lab,1,1,14.0,718,0
7403368,CVB45.BC,2021-08-31,Reparado,0,0,0.0,0,1
7403368,CVB45.BC,2021-09-06,Reparado / Garantía Lab,1,1,6.0,6,1
7403368,CVB45.BC,2021-09-22,Reparado / Garantía Lab,2,2,16.0,22,0
7403368,CVB45.BC,2022-04-19,Reparado / Garantía Lab,0,3,209.0,231,1
7403368,CVB45.BC,2022-04-22,Reparado / Garantía Lab,1,4,3.0,234,1
7403368,CVB45.BC,2022-04-27,Reparado / Garantía Lab,2,5,5.0,239,0
7403368,CVB45.BC,2022-06-23,Reparado / Garantía Lab,3,6,57.0,296,1
7403368,CVB45.BC,2022-06-29,Reparado / Garantía Lab,4,7,6.0,302,1
7403368,CVB45.BC,2022-07-05,Reparado / Garantía Lab,5,8,6.0,308,0
7403368,CVB45.BC,2022-12-12,Reparado / Garantía Lab,3,6,160.0,468,1
7403368,CVB45.BC,2022-12-16,Reparado / Garantía Lab,4,7,4.0,472,0
7403369,CVB45.BC,2023-10-10,Reparado,0,0,0.0,0,0
7403372,CVB45.BC,2024-11-15,Reparado,0,0,0.0,0,1
7403372,CVB45.BC,2024-11-21,Reparado / Garantía Lab,1,1,6.0,6,0
7403375,CVB45.BC,2021-11-13,Reparado,0,0,0.0,0,0
7403375,CVB45.BC,2023-08-18,Reparado / Garantía Lab,0,0,643.0,643,0
7403376,CVB45.BC,2024-01-27,Reparado,0,0,0.0,0,0
7403378,CVB45.BC,2025-10-02,Reparado,0,0,0.0,0,1
7403378,CVB45.BC,2025-10-08,Reparado / Garantía Lab,1,1,6.0,6,0
7403378,CVB45.BC,2025-11-26,Reparado / Garantía Lab,2,2,49.0,55,0
7403379,CVB45.BC,2023-10-13,Reparado,0,0,0.0,0,0
7403380,CVB45.BC,2024-06-08,Reparado,0,0,0.0,0,0
7403380,CVB45.BC,2025-05-22,Reparado,0,1,348.0,348,0
7403380,CVB45.BC,2025-07-10,Reparado / Garantía Lab,1,1,49.0,397,0
7403380,CVB45.BC,2025-11-26,Reparado / Garantía Lab,1,2,139.0,536,0
7403381,CVB45.BC,2025-01-08,Reparado / Garantía Lab,0,0,0.0,0,1
7403381,CVB45.BC,2025-01-10,Reparado / Garantía Lab,1,1,2.0,2,1
7403381,CVB45.BC,2025-01-22,Reparado / Garantía Lab,2,2,12.0,14,1
7403381,CVB45.BC,2025-01-27,Reparado / Garantía Lab,3,3,5.0,19,1
7403381,CVB45.BC,2025-01-29,Reparado / Garantía Lab,4,4,2.0,21,1
7403381,CVB45.BC,2025-02-14,Reparado / Garantía Lab,5,5,16.0,37,1
7403381,CVB45.BC,2025-03-03,Reparado / Garantía Lab,6,6,17.0,54,1
7403381,CVB45.BC,2025-03-11,Reparado / Garantía Lab,7,7,8.0,62,1
7403381,CVB45.BC,2025-03-20,Reparado / Garantía Lab,8,8,9.0,71,1
7403381,CVB45.BC,2025-03-25,Reparado / Garantía Lab,9,9,5.0,76,0
7403383,CVB45.BC,2025-08-21,Reparado,0,0,0.0,0,0
7403389,CVB45.BC,2024-11-13,Reparado,0,0,0.0,0,0
7403390,CVB45.BC,2021-07-28,Reparado,0,0,0.0,0,0
7403390,CVB45.BC,2024-06-03,Reparado / Garantía Lab,0,0,1041.0,1041,0
7403390,CVB45.BC,2024-12-06,Reparado / Garantía Lab,0,1,186.0,1227,0
7403390,CVB45.BC,2025-01-22,Reparado / Garantía Lab,1,2,47.0,1274,0
7403391,CVB45.BC,2021-03-15,Reparado,0,0,0.0,0,1
7403391,CVB45.BC,2021-03-22,Reparado,1,1,7.0,7,0
7403391,CVB45.BC,2021-06-18,Reparado / Garantía Lab,2,2,88.0,95,0
7403391,CVB45.BC,2022-08-05,Reparado / Garantía Lab,0,0,413.0,508,0
7403391,CVB45.BC,2025-10-27,Reparado / Garantía Lab,0,0,1179.0,1687,0
7403392,CVB45.BC,2021-11-16,Reparado,0,0,0.0,0,0
7403392,CVB45.BC,2025-10-20,Reparado / Garantía Lab,0,0,1434.0,1434,0
7403394,CVB45.BC,2025-08-26,Reparado,0,0,0.0,0,0
7403396,CVB45.BC,2022-12-12,Reparado,0,0,0.0,0,0
7403397,CVB45.BC,2022-11-05,Reparado,0,0,0.0,0,1
7403397,CVB45.BC,2022-11-23,Reparado / Garantía Lab,1,1,18.0,18,0
7403398,CVB45.BC,2021-05-17,Reparado,0,0,0.0,0,0
7403399,CVB45.BC,2021-02-04,POD,0,0,0.0,0,0
7403401,CVB45.BC,2024-08-19,Reparado,0,0,0.0,0,0
7403403,CVB45.BC,2021-01-31,Reparado,0,0,0.0,0,0
7403403,CVB45.BC,2024-02-12,Reparado / Garantía Lab,0,0,1107.0,1107,1
7403403,CVB45.BC,2024-02-16,Reparado / Garantía Lab,1,1,4.0,1111,1
7403403,CVB45.BC,2024-03-04,Reparado / Garantía Lab,2,2,17.0,1128,0
7403405,CVB45.BC,2021-08-19,Reparado,0,0,0.0,0,0
7403405,CVB45.BC,2021-12-07,Reparado / Garantía Lab,1,1,110.0,110,0
7403405,CVB45.BC,2022-09-13,Reparado / Garantía Lab,0,1,280.0,390,1
7403405,CVB45.BC,2022-09-20,Reparado / Garantía Lab,1,2,7.0,397,1
7403405,CVB45.BC,2022-10-20,Reparado / Garantía Lab,2,3,30.0,427,0
7403405,CVB45.BC,2023-09-06,Reparado / Garantía Lab,0,3,321.0,748,0
7403406,CVB45.BC,2025-02-28,Reparado,0,0,0.0,0,0
7403408,CVB45.BC,2022-01-15,Reparado,0,0,0.0,0,0
7403408,CVB45.BC,2022-08-05,Reparado / Garantía Lab,0,1,202.0,202,0
7403408,CVB45.BC,2023-05-10,Reparado / Garantía Lab,0,1,278.0,480,0
7403408,CVB45.BC,2024-07-24,Reparado / Garantía Lab,0,0,441.0,921,0
7403410,CVB45.BC,2023-10-19,Reparado,0,0,0.0,0,0
7403411,CVB45.BC,2022-08-23,Reparado,0,0,0.0,0,0
7403412,CVB45.BC,2025-07-04,Reparado / Garantía Lab,0,0,0.0,0,1
7403412,CVB45.BC,2025-07-25,Reparado / Garantía Lab,1,1,21.0,21,0
7403412,CVB45.BC,2025-09-22,Reparado / Garantía Lab,2,2,59.0,80,0
7403413,CVB45.BC,2023-12-05,POD Reparado,0,0,0.0,0,0
7403414,CVB45.BC,2024-09-26,POD Reparado,0,0,0.0,0,0
7403415,CVB45.BC,2023-01-20,Reparado,0,0,0.0,0,0
7403416,CVB45.BC,2022-11-05,Reparado,0,0,0.0,0,0
7403417,CVB45.BC,2023-01-20,Reparado,0,0,0.0,0,0
7403418,CVB45.BC,2022-08-19,Reparado,0,0,0.0,0,0
7403418,CVB45.BC,2022-11-08,Reparado / Garantía Lab,1,1,81.0,81,0
7403419,CVB45.BC,2021-04-09,Reparado,0,0,0.0,0,1
7403419,CVB45.BC,2021-04-19,Reparado / Garantía Lab,1,1,10.0,10,0
7403419,CVB45.BC,2025-12-04,Reparado / Garantía Lab,0,0,1690.0,1700,0
7403420,CVB45.BC,2024-12-18,Reparado,0,0,0.0,0,1
7403420,CVB45.BC,2024-12-24,Reparado / Garantía Lab,1,1,6.0,6,1
7403420,CVB45.BC,2025-01-21,Reparado / Garantía Lab,2,2,28.0,34,0
7403420,CVB45.BC,2025-02-24,Reparado / Garantía Lab,3,3,34.0,68,0
7403425,CVB45.BC,2023-09-01,Reparado,0,0,0.0,0,0
7403426,CVB45.BC,2022-01-18,Reparado,0,0,0.0,0,0
7403426,CVB45.BC,2025-04-09,Reparado / Garantía Lab,0,0,1177.0,1177,1
7403426,CVB45.BC,2025-04-11,Reparado / Garantía Lab,1,1,2.0,1179,1
7403426,CVB45.BC,2025-04-22,Reparado / Garantía Lab,2,2,11.0,1190,0
7403427,CVB45.BC,2023-01-10,Reparado,0,0,0.0,0,0
7403427,CVB45.BC,2025-10-09,Reparado / Garantía Lab,0,0,1003.0,1003,0
7403427,CVB45.BC,2025-11-10,Reparado / Garantía Lab,1,1,32.0,1035,1
7403427,CVB45.BC,2025-11-12,Reparado / Garantía Lab,2,2,2.0,1037,0
7403428,CVB45.BC,2023-05-18,Reparado,0,0,0.0,0,0
7403430,CVB45.BC,2023-10-28,Reparado,0,0,0.0,0,0
7403432,CVB45.BC,2021-02-03,Reparado,0,0,0.0,0,1
7403432,CVB45.BC,2021-02-05,Reparado,1,1,2.0,2,1
7403432,CVB45.BC,2021-02-16,Reparado / Garantía Lab,2,2,11.0,13,0
7403432,CVB45.BC,2023-10-21,Reparado / Garantía Lab,0,0,977.0,990,0
7403432,CVB45.BC,2024-01-08,Reparado / Garantía Lab,1,1,79.0,1069,0
7403432,CVB45.BC,2024-12-18,Reparado / Garantía Lab,0,1,345.0,1414,0
7403433,CVB45.BC,2023-05-15,Reparado,0,0,0.0,0,0
7403433,CVB45.BC,2025-10-13,Reparado / Garantía Lab,0,0,882.0,882,1
7403433,CVB45.BC,2025-10-29,Reparado / Garantía Lab,1,1,16.0,898,0
7403434,CVB45.BC,2022-07-26,Reparado,0,0,0.0,0,1
7403434,CVB45.BC,2022-08-10,Reparado,1,1,15.0,15,0
7403434,CVB45.BC,2025-03-06,Reparado / Garantía Lab,0,0,939.0,954,1
7403434,CVB45.BC,2025-03-11,Reparado / Garantía Lab,1,1,5.0,959,0
7403435,CVB45.BC,2025-09-17,Reparado,0,0,0.0,0,0
7403436,CVB45.BC,2023-06-05,Reparado,0,0,0.0,0,0
7403436,CVB45.BC,2024-06-11,Reparado / Garantía Lab,0,0,372.0,372,0
7403437,CVB45.BC,2021-08-09,Reparado,0,0,0.0,0,0
7403437,CVB45.BC,2022-08-04,Reparado / Garantía Lab,0,1,360.0,360,0
7403437,CVB45.BC,2023-12-06,Reparado / Garantía Lab,0,0,489.0,849,0
7403437,CVB45.BC,2024-08-13,Reparado / Garantía Lab,0,1,251.0,1100,1
7403437,CVB45.BC,2024-08-16,Reparado / Garantía Lab,1,2,3.0,1103,1
7403437,CVB45.BC,2024-08-20,Reparado / Garantía Lab,2,3,4.0,1107,0
7403437,CVB45.BC,2024-12-17,Reparado / Garantía Lab,3,3,119.0,1226,1
7403437,CVB45.BC,2024-12-19,Reparado / Garantía Lab,4,4,2.0,1228,1
7403437,CVB45.BC,2024-12-24,Reparado / Garantía Lab,5,5,5.0,1233,1
7403437,CVB45.BC,2025-01-22,Reparado / Garantía Lab,6,6,29.0,1262,0
7403437,CVB45.BC,2025-08-08,Reparado / Garantía Lab,0,7,198.0,1460,1
7403437,CVB45.BC,2025-08-13,Reparado / Garantía Lab,1,8,5.0,1465,0
7403440,CVB45.BC,2024-08-07,Reparado / Garantía Lab,0,0,0.0,0,1
7403440,CVB45.BC,2024-08-12,Reparado / Garantía Lab,1,1,5.0,5,1
7403440,CVB45.BC,2024-08-16,Reparado / Garantía Lab,2,2,4.0,9,1
7403440,CVB45.BC,2024-08-20,Reparado / Garantía Lab,3,3,4.0,13,1
7403440,CVB45.BC,2024-08-22,Reparado / Garantía Lab,4,4,2.0,15,0
7403441,CVB45.BC,2023-06-13,Reparado,0,0,0.0,0,0
7403442,CVB45.BC,2023-10-04,Reparado,0,0,0.0,0,0
7403444,CVB45.BC,2021-02-16,Reparado,0,0,0.0,0,0
7403444,CVB45.BC,2024-07-21,Reparado / Garantía Lab,0,0,1251.0,1251,0
7403444,CVB45.BC,2024-12-17,Reparado / Garantía Lab,1,1,149.0,1400,0
7403444,CVB45.BC,2025-05-02,Reparado / Garantía Lab,1,2,136.0,1536,0
7403445,CVB45.BC,2023-07-27,Reparado,0,0,0.0,0,0
7403446,CVB45.BC,2021-05-28,Reparado,0,0,0.0,0,0
7403446,CVB45.BC,2022-02-09,Reparado / Garantía Lab,0,1,257.0,257,0
7403448,CVB45.BC,2023-10-19,Reparado,0,0,0.0,0,0
7403448,CVB45.BC,2025-10-02,Reparado / Garantía Lab,0,0,714.0,714,0
7403449,CVB45.BC,2021-05-25,Reparado,0,0,0.0,0,0
7403450,CVB45.BC,2024-09-05,Reparado,0,0,0.0,0,0
7403451,CVB45.BC,2023-07-15,Reparado,0,0,0.0,0,0
7403451,CVB45.BC,2025-09-02,Reparado / Garantía Lab,0,0,780.0,780,0
7403452,CVB45.BC,2023-11-28,Reparado,0,0,0.0,0,0
7403452,CVB45.BC,2024-08-22,Reparado / Garantía Lab,0,1,268.0,268,0
7403453,CVB45.BC,2025-12-05,Proceso,0,0,0.0,0,0
7403454,CVB45.BC,2023-10-04,Reparado,0,0,0.0,0,0
7403455,CVB45.BC,2025-08-27,Reparado,0,0,0.0,0,0
7403457,CVB45.BC,2022-07-18,Reparado,0,0,0.0,0,0
7403457,CVB45.BC,2022-11-23,Reparado / Garantía Lab,1,1,128.0,128,0
7403458,CVB45.BC,2024-03-13,Reparado,0,0,0.0,0,0
7403458,CVB45.BC,2025-05-28,Reparado / Garantía Lab,0,0,441.0,441,1
7403458,CVB45.BC,2025-06-02,Reparado / Garantía Lab,1,1,5.0,446,0
7403459,CVB45.BC,2024-09-24,Reparado,0,0,0.0,0,0
7403460,CVB45.BC,2021-12-03,Reparado,0,0,0.0,0,0
7403463,CVB45.BC,2022-02-15,Reparado,0,0,0.0,0,0
7403464,CVB45.BC,2021-03-30,Reparado,0,0,0.0,0,0
7403464,CVB45.BC,2021-05-10,Reparado / Garantía Lab,1,1,41.0,41,0
7403467,CVB45.BC,2021-02-10,Reparado,0,0,0.0,0,0
7403467,CVB45.BC,2021-08-27,Reparado / Garantía Lab,0,1,198.0,198,0
7403467,CVB45.BC,2025-10-27,Reparado / Garantía Lab,0,0,1522.0,1720,0
7403468,CVB45.BC,2020-12-04,Reparado,0,0,0.0,0,1
7403468,CVB45.BC,2020-12-05,Reparado / Garantía Lab,1,1,1.0,1,0
7403468,CVB45.BC,2021-01-13,Reparado / Garantía Lab,2,2,39.0,40,1
7403468,CVB45.BC,2021-01-19,Reparado / Garantía Lab,3,3,6.0,46,1
7403468,CVB45.BC,2021-01-23,Reparado,4,4,4.0,50,1
7403468,CVB45.BC,2021-01-26,Reparado / Garantía Lab,5,5,3.0,53,0
7403468,CVB45.BC,2021-02-26,Reparado / Garantía Lab,6,6,31.0,84,1
7403468,CVB45.BC,2021-03-09,Reparado / Garantía Lab,7,7,11.0,95,1
7403468,CVB45.BC,2021-03-15,Reparado / Garantía Lab,8,8,6.0,101,1
7403468,CVB45.BC,2021-03-18,Reparado / Garantía Lab,9,9,3.0,104,1
7403468,CVB45.BC,2021-04-12,Reparado / Garantía Lab,10,10,25.0,129,0
7403468,CVB45.BC,2021-09-02,Reparado / Garantía Lab,4,11,143.0,272,1
7403468,CVB45.BC,2021-09-06,Reparado / Garantía Lab,4,12,4.0,276,0
7403469,CVB45.BC,2025-07-15,Reparado,0,0,0.0,0,1
7403469,CVB45.BC,2025-08-04,Reparado / Garantía Lab,1,1,20.0,20,1
7403469,CVB45.BC,2025-08-07,Reparado / Garantía Lab,2,2,3.0,23,0
7403469,CVB45.BC,2025-10-02,Reparado / Garantía Lab,3,3,56.0,79,1
7403469,CVB45.BC,2025-10-07,Reparado / Garantía Lab,4,4,5.0,84,0
7403470,CVB45.BC,2024-03-20,Reparado,0,0,0.0,0,0
7403472,CVB45.BC,2025-01-08,Reparado,0,0,0.0,0,0
7403472,CVB45.BC,2025-02-26,Reparado / Garantía Lab,1,1,49.0,49,0
7403473,CVB45.BC,2023-06-17,Reparado,0,0,0.0,0,0
7403473,CVB45.BC,2025-09-11,Reparado / Garantía Lab,0,0,817.0,817,0
7403474,CVB45.BC,2023-09-03,Reparado,0,0,0.0,0,0
7403476,CVB45.BC,2021-02-27,POD Reparado,0,0,0.0,0,1
7403476,CVB45.BC,2021-03-08,POD,1,1,9.0,9,0
7403476,CVB45.BC,2022-06-17,Reparado / Garantía Lab,0,0,466.0,475,0
7403477,CVB45.BC,2024-02-06,Reparado,0,0,0.0,0,0
7403478,CVB45.BC,2021-03-17,Reparado,0,0,0.0,0,0
7403478,CVB45.BC,2021-11-11,Reparado / Garantía Lab,0,1,239.0,239,0
7403479,CVB45.BC,2022-11-07,Reparado,0,0,0.0,0,0
7403481,CVB45.BC,2025-10-03,Reparado,0,0,0.0,0,1
7403481,CVB45.BC,2025-10-09,Reparado / Garantía Lab,1,1,6.0,6,1
7403481,CVB45.BC,2025-10-21,Proceso,2,2,12.0,18,0
7403484,CVB45.BC,2025-07-08,Reparado,0,0,0.0,0,0
7403485,CVB45.BC,2023-10-04,Reparado,0,0,0.0,0,0
7403486,CVB45.BC,2021-08-09,Reparado,0,0,0.0,0,0
7403486,CVB45.BC,2022-12-15,Reparado / Garantía Lab,0,0,493.0,493,0
7403486,CVB45.BC,2025-08-26,Reparado / Garantía Lab,0,0,985.0,1478,0
7403487,CVB45.BC,2022-06-15,Reparado,0,0,0.0,0,0
7403487,CVB45.BC,2024-01-30,Reparado / Garantía Lab,0,0,594.0,594,0
7403488,CVB45.BC,2020-11-17,Reparado,0,0,0.0,0,0
7403488,CVB45.BC,2021-07-17,Reparado / Garantía Lab,0,1,242.0,242,0
7403488,CVB45.BC,2022-11-23,Reparado / Garantía Lab,0,0,494.0,736,1
7403488,CVB45.BC,2022-12-12,Reparado,1,1,19.0,755,0
7403488,CVB45.BC,2024-11-22,Reparado / Garantía Lab,0,0,711.0,1466,0
7403488,CVB45.BC,2025-09-24,Reparado / Garantía Lab,0,1,306.0,1772,1
7403488,CVB45.BC,2025-09-29,Reparado / Garantía Lab,1,2,5.0,1777,0
7403489,CVB45.BC,2023-07-13,Reparado,0,0,0.0,0,0
7403489,CVB45.BC,2024-06-01,Reparado / Garantía Lab,0,1,324.0,324,0
7403491,CVB45.BC,2022-12-12,Reparado,0,0,0.0,0,0
7403492,CVB45.BC,2021-04-23,Reparado,0,0,0.0,0,0
7403493,CVB45.BC,2021-12-28,Reparado,0,0,0.0,0,0
7403497,CVB45.BC,2023-10-11,Reparado / Garantía Lab,0,0,0.0,0,0
7403497,CVB45.BC,2024-01-23,Reparado / Garantía Lab,1,1,104.0,104,0
7403499,CVB45.BC,2021-10-30,Reparado,0,0,0.0,0,0
7403499,CVB45.BC,2022-03-21,Reparado / Garantía Lab,1,1,142.0,142,0
7403501,CVB45.BC,2022-01-05,Reparado,0,0,0.0,0,0
7403501,CVB45.BC,2022-03-15,Reparado / Garantía Lab,1,1,69.0,69,0
7403501,CVB45.BC,2024-01-09,Reparado / Garantía Lab,0,0,665.0,734,0
7403502,CVB45.BC,2022-12-17,Reparado,0,0,0.0,0,0
7403503,CVB45.BC,2025-11-25,Reparado / Garantía Lab,0,0,0.0,0,0
7403504,CVB45.BC,2023-09-28,Reparado,0,0,0.0,0,0
7403504,CVB45.BC,2025-08-19,Reparado / Garantía Lab,0,0,691.0,691,0
7403505,CVB45.BC,2022-03-26,Reparado,0,0,0.0,0,0
7403505,CVB45.BC,2024-07-06,Reparado / Garantía Lab,0,0,833.0,833,0
7403505,CVB45.BC,2024-08-20,Reparado / Garantía Lab,1,1,45.0,878,0
7403506,CVB45.BC,2021-07-08,Reparado,0,0,0.0,0,0
7403506,CVB45.BC,2025-07-15,Reparado / Garantía Lab,0,0,1468.0,1468,0
7403506,CVB45.BC,2025-10-23,Reparado / Garantía Lab,1,1,100.0,1568,0
7403507,CVB45.BC,2021-01-28,Reparado,0,0,0.0,0,0
7403507,CVB45.BC,2021-10-13,Reparado,0,1,258.0,258,0
7403508,CVB45.BC,2021-01-27,Reparado,0,0,0.0,0,0
7403509,CVB45.BC,2022-11-05,Reparado,0,0,0.0,0,0
7403509,CVB45.BC,2025-07-08,Reparado / Garantía Lab,0,0,976.0,976,0
7403510,CVB45.BC,2021-02-24,Reparado,0,0,0.0,0,1
7403510,CVB45.BC,2021-02-25,Reparado / Garantía Lab,1,1,1.0,1,0
7403510,CVB45.BC,2022-07-05,POD Reparado,0,0,495.0,496,0
7403511,CVB45.BC,2023-07-27,Reparado,0,0,0.0,0,0
7403512,CVB45.BC,2023-05-06,Reparado,0,0,0.0,0,0
7403513,CVB45.BC,2021-06-08,Reparado,0,0,0.0,0,0
7403514,CVB45.BC,2024-09-05,Reparado,0,0,0.0,0,0
7403515,CVB45.BC,2023-08-29,Reparado,0,0,0.0,0,0
7403516,CVB45.BC,2024-09-13,Reparado,0,0,0.0,0,0
7403516,CVB45.BC,2024-11-15,Reparado / Garantía Lab,1,1,63.0,63,1
7403516,CVB45.BC,2024-11-21,Reparado / Garantía Lab,2,2,6.0,69,0
7403516,CVB45.BC,2025-01-14,Reparado / Garantía Lab,3,3,54.0,123,0
7403516,CVB45.BC,2025-05-16,Reparado / Garantía Lab,2,4,122.0,245,0
7403518,CVB45.BC,2022-06-06,Reparado,0,0,0.0,0,0
7403518,CVB45.BC,2024-08-07,Reparado / Garantía Lab,0,0,793.0,793,0
7403519,CVB45.BC,2024-07-30,Reparado,0,0,0.0,0,0
7403520,CVB45.BC,2021-01-28,Reparado,0,0,0.0,0,0
7403520,CVB45.BC,2025-08-25,Reparado / Garantía Lab,0,0,1670.0,1670,0
7403521,CVB45.BC,2024-07-06,Reparado,0,0,0.0,0,1
7403521,CVB45.BC,2024-07-11,Reparado / Garantía Lab,1,1,5.0,5,1
7403521,CVB45.BC,2024-07-18,Reparado / Garantía Lab,2,2,7.0,12,0
7403521,CVB45.BC,2025-10-27,Reparado / Garantía Lab,0,0,466.0,478,1
7403521,CVB45.BC,2025-11-03,Reparado / Garantía Lab,1,1,7.0,485,0
7403522,CVB45.BC,2023-05-27,Reparado,0,0,0.0,0,0
7403522,CVB45.BC,2025-08-14,Reparado / Garantía Lab,0,0,810.0,810,0
7403523,CVB45.BC,2024-05-15,Reparado,0,0,0.0,0,0
7403524,CVB45.BC,2021-06-12,Reparado,0,0,0.0,0,1
7403524,CVB45.BC,2021-06-22,Reparado / Garantía Lab,1,1,10.0,10,0
7403524,CVB45.BC,2022-02-12,Reparado / Garantía Lab,0,2,235.0,245,0
7403524,CVB45.BC,2022-05-07,Reparado / Garantía Lab,1,3,84.0,329,1
7403524,CVB45.BC,2022-05-11,Reparado / Garantía Lab,2,4,4.0,333,1
7403524,CVB45.BC,2022-05-25,Reparado / Garantía Lab,3,5,14.0,347,1
7403524,CVB45.BC,2022-05-30,Reparado / Garantía Lab,4,6,5.0,352,1
7403524,CVB45.BC,2022-06-14,Reparado / Garantía Lab,5,6,15.0,367,1
7403524,CVB45.BC,2022-06-20,Reparado / Garantía Lab,6,7,6.0,373,1
7403524,CVB45.BC,2022-07-15,Reparado / Garantía Lab,7,7,25.0,398,0
7403524,CVB45.BC,2022-09-14,Reparado / Garantía Lab,7,8,61.0,459,0
7403524,CVB45.BC,2023-02-23,Reparado,1,8,162.0,621,1
7403524,CVB45.BC,2023-03-02,Reparado / Garantía Lab,2,9,7.0,628,0
7403524,CVB45.BC,2023-04-24,Reparado / Garantía Lab,2,10,53.0,681,1
7403524,CVB45.BC,2023-05-23,Reparado / Garantía Lab,3,9,29.0,710,0
7403524,CVB45.BC,2023-06-27,Reparado / Garantía Lab,4,6,35.0,745,0
7403524,CVB45.BC,2023-08-22,Reparado / Garantía Lab,5,6,56.0,801,1
7403524,CVB45.BC,2023-09-06,Reparado / Garantía Lab,4,7,15.0,816,0
7403524,CVB45.BC,2024-04-25,Reparado / Garantía Lab,0,4,232.0,1048,0
7403524,CVB45.BC,2025-07-30,Reparado / Garantía Lab,0,0,461.0,1509,1
7403524,CVB45.BC,2025-08-18,Reparado / Garantía Lab,1,1,19.0,1528,1
7403524,CVB45.BC,2025-08-20,Reparado / Garantía Lab,2,2,2.0,1530,0
7403524,CVB45.BC,2025-10-22,Reparado / Garantía Lab,3,3,63.0,1593,0
7403525,CVB45.BC,2023-08-10,Reparado,0,0,0.0,0,0
7403526,CVB45.BC,2020-11-27,Reparado,0,0,0.0,0,1
7403526,CVB45.BC,2020-12-01,Reparado,1,1,4.0,4,0
7403526,CVB45.BC,2025-04-14,Reparado / Garantía Lab,0,0,1595.0,1599,1
7403526,CVB45.BC,2025-04-16,Reparado / Garantía Lab,1,1,2.0,1601,0
7403526,CVB45.BC,2025-07-14,Reparado / Garantía Lab,2,2,89.0,1690,1
7403526,CVB45.BC,2025-08-12,Reparado / Garantía Lab,3,3,29.0,1719,1
7403526,CVB45.BC,2025-09-11,Reparado / Garantía Lab,4,4,30.0,1749,0
7403528,CVB45.BC,2025-01-15,Reparado,0,0,0.0,0,0
7403529,CVB45.BC,2023-09-12,Reparado / Garantía Lab,0,0,0.0,0,0
7403529,CVB45.BC,2024-09-05,Reparado / Garantía Lab,0,1,359.0,359,1
7403529,CVB45.BC,2024-09-10,Reparado / Garantía Lab,1,2,5.0,364,0
7403529,CVB45.BC,2025-10-20,Reparado / Garantía Lab,0,0,405.0,769,0
7403530,CVB45.BC,2024-08-21,Reparado / Garantía Lab,0,0,0.0,0,1
7403530,CVB45.BC,2024-08-23,Reparado / Garantía Lab,1,1,2.0,2,0
7403532,CVB45.BC,2024-06-27,Reparado,0,0,0.0,0,0
7403533,CVB45.BC,2023-05-27,Reparado,0,0,0.0,0,0
7403533,CVB45.BC,2024-04-29,Reparado / Garantía Lab,0,1,338.0,338,0
7403533,CVB45.BC,2024-05-30,Reparado / Garantía Lab,1,1,31.0,369,0
7403533,CVB45.BC,2024-10-25,POD Reparado,2,2,148.0,517,0
7403534,CVB45.BC,2023-10-31,Reparado,0,0,0.0,0,0
7403534,CVB45.BC,2024-09-16,Reparado / Garantía Lab,0,1,321.0,321,0
7403535,CVB45.BC,2021-10-21,Reparado,0,0,0.0,0,0
7403537,CVB45.BC,2025-09-11,Reparado,0,0,0.0,0,1
7403537,CVB45.BC,2025-09-23,Reparado / Garantía Lab,1,1,12.0,12,0
7403538,CVB45.BC,2024-08-19,Reparado,0,0,0.0,0,0
7403540,CVB45.BC,2023-08-26,Reparado,0,0,0.0,0,0
7403540,CVB45.BC,2024-06-27,Reparado / Garantía Lab,0,1,306.0,306,0
7403540,CVB45.BC,2025-05-19,Reparado / Garantía Lab,0,1,326.0,632,0
7403541,CVB45.BC,2024-07-04,Reparado,0,0,0.0,0,1
7403541,CVB45.BC,2024-07-14,Reparado / Garantía Lab,1,1,10.0,10,0
7403542,CVB45.BC,2023-12-11,Reparado / Garantía Lab,0,0,0.0,0,1
7403542,CVB45.BC,2023-12-18,Reparado / Garantía Lab,1,1,7.0,7,1
7403542,CVB45.BC,2023-12-22,Reparado / Garantía Lab,2,2,4.0,11,1
7403542,CVB45.BC,2024-01-12,Reparado / Garantía Lab,3,3,21.0,32,1
7403542,CVB45.BC,2024-01-17,Reparado / Garantía Lab,4,4,5.0,37,0
7403543,CVB45.BC,2025-11-13,Reparado,0,0,0.0,0,0
7403544,CVB45.BC,2023-07-10,Reparado,0,0,0.0,0,0
7403545,CVB45.BC,2023-03-21,Reparado,0,0,0.0,0,0
7403546,CVB45.BC,2021-05-04,Reparado,0,0,0.0,0,0
7403546,CVB45.BC,2021-06-08,Reparado / Garantía Lab,1,1,35.0,35,0
7403546,CVB45.BC,2021-07-31,Reparado / Garantía Lab,2,2,53.0,88,0
7403546,CVB45.BC,2021-11-26,Reparado / Garantía Lab,2,3,118.0,206,0
7403546,CVB45.BC,2022-02-17,Reparado,1,4,83.0,289,1
7403546,CVB45.BC,2022-02-25,Reparado / Garantía Lab,2,5,8.0,297,1
7403546,CVB45.BC,2022-02-28,Reparado / Garantía Lab,3,6,3.0,300,1
7403546,CVB45.BC,2022-03-02,Reparado / Garantía Lab,4,7,2.0,302,0
7403546,CVB45.BC,2022-07-14,Reparado / Garantía Lab,4,6,134.0,436,0
7403546,CVB45.BC,2022-08-22,Reparado / Garantía Lab,4,6,39.0,475,1
7403546,CVB45.BC,2022-09-07,Reparado / Garantía Lab,2,7,16.0,491,0
7403546,CVB45.BC,2023-01-15,Reparado / Garantía Lab,2,7,130.0,621,0
7403546,CVB45.BC,2024-10-04,Reparado / Garantía Lab,0,0,628.0,1249,0
7403546,CVB45.BC,2024-11-15,POD Reparado,1,1,42.0,1291,0
7403546,CVB45.BC,2024-12-20,POD Reparado,2,2,35.0,1326,0
7403548,CVB45.BC,2024-04-03,Reparado,0,0,0.0,0,0
7403550,CVB45.BC,2025-11-21,Reparado / Garantía Lab,0,0,0.0,0,1
7403550,CVB45.BC,2025-12-04,Proceso,1,1,13.0,13,0
7403551,CVB45.BC,2021-12-18,Reparado,0,0,0.0,0,1
7403551,CVB45.BC,2021-12-22,Reparado / Garantía Lab,1,1,4.0,4,1
7403551,CVB45.BC,2021-12-29,Reparado / Garantía Lab,2,2,7.0,11,1
7403551,CVB45.BC,2022-01-03,Reparado / Garantía Lab,3,3,5.0,16,1
7403551,CVB45.BC,2022-01-06,Reparado / Garantía Lab,4,4,3.0,19,1
7403551,CVB45.BC,2022-01-11,Reparado / Garantía Lab,5,5,5.0,24,0
7403551,CVB45.BC,2022-02-25,Reparado / Garantía Lab,6,6,45.0,69,1
7403551,CVB45.BC,2022-03-04,Reparado / Garantía Lab,7,7,7.0,76,0
7403551,CVB45.BC,2022-04-25,POD Reparado,8,8,52.0,128,0
7403551,CVB45.BC,2022-08-12,Reparado / Garantía Lab,3,9,109.0,237,0
7403551,CVB45.BC,2022-11-09,Reparado / Garantía Lab,1,10,89.0,326,1
7403551,CVB45.BC,2022-11-23,Reparado / Garantía Lab,2,11,14.0,340,0
7403551,CVB45.BC,2023-01-24,Reparado / Garantía Lab,3,6,62.0,402,0
7403551,CVB45.BC,2024-07-25,Reparado / Garantía Lab,0,0,548.0,950,0
7403551,CVB45.BC,2024-10-14,Reparado / Garantía Lab,1,1,81.0,1031,0
7403551,CVB45.BC,2025-05-12,Reparado / Garantía Lab,0,2,210.0,1241,1
7403551,CVB45.BC,2025-05-26,Reparado,1,3,14.0,1255,1
7403551,CVB45.BC,2025-06-06,Reparado / Garantía Lab,2,4,11.0,1266,0
7403553,CVB45.BC,2021-12-27,Reparado,0,0,0.0,0,0
7403553,CVB45.BC,2024-11-28,Reparado / Garantía Lab,0,0,1067.0,1067,1
7403553,CVB45.BC,2024-12-03,Reparado / Garantía Lab,1,1,5.0,1072,0
7403554,CVB45.BC,2023-04-29,Reparado,0,0,0.0,0,0
7403558,CVB45.BC,2021-05-28,Reparado,0,0,0.0,0,0
7403558,CVB45.BC,2022-07-01,Reparado / Garantía Lab,0,0,399.0,399,0
7403558,CVB45.BC,2022-08-18,Reparado / Garantía Lab,1,1,48.0,447,1
7403558,CVB45.BC,2022-08-23,Reparado / Garantía Lab,2,2,5.0,452,1
7403558,CVB45.BC,2022-08-29,Reparado / Garantía Lab,3,3,6.0,458,0
7403558,CVB45.BC,2022-12-19,Reparado / Garantía Lab,4,4,112.0,570,0
7403558,CVB45.BC,2023-02-28,Reparado / Garantía Lab,1,5,71.0,641,0
7403558,CVB45.BC,2023-04-24,Reparado / Garantía Lab,2,6,55.0,696,0
7403558,CVB45.BC,2023-06-08,Reparado / Garantía Lab,3,7,45.0,741,1
7403558,CVB45.BC,2023-06-15,Reparado / Garantía Lab,4,8,7.0,748,1
7403558,CVB45.BC,2023-06-23,Reparado / Garantía Lab,4,9,8.0,756,1
7403558,CVB45.BC,2023-06-30,Reparado / Garantía Lab,5,10,7.0,763,1
7403558,CVB45.BC,2023-07-25,Reparado / Garantía Lab,6,10,25.0,788,1
7403558,CVB45.BC,2023-08-16,Reparado / Garantía Lab,7,11,22.0,810,1
7403558,CVB45.BC,2023-09-05,Reparado / Garantía Lab,7,9,20.0,830,1
7403558,CVB45.BC,2023-09-20,Reparado / Garantía Lab,8,10,15.0,845,0
7403558,CVB45.BC,2023-10-21,Reparado / Garantía Lab,9,11,31.0,876,1
7403558,CVB45.BC,2023-11-07,Reparado / Garantía Lab,9,12,17.0,893,0
7403559,CVB45.BC,2021-08-26,Reparado,0,0,0.0,0,0
7403559,CVB45.BC,2023-07-03,Reparado / Garantía Lab,0,0,676.0,676,0
7403559,CVB45.BC,2024-06-17,Reparado / Garantía Lab,0,1,350.0,1026,0
7403559,CVB45.BC,2025-05-06,Reparado / Garantía Lab,0,1,323.0,1349,1
7403559,CVB45.BC,2025-05-08,Reparado / Garantía Lab,1,2,2.0,1351,0
7403559,CVB45.BC,2025-07-09,Reparado / Garantía Lab,2,2,62.0,1413,1
7403559,CVB45.BC,2025-07-11,Reparado / Garantía Lab,3,3,2.0,1415,1
7403559,CVB45.BC,2025-08-04,Reparado / Garantía Lab,4,4,24.0,1439,0
7403560,CVB45.BC,2024-10-04,Reparado,0,0,0.0,0,0
7403560,CVB45.BC,2024-11-27,Reparado / Garantía Lab,1,1,54.0,54,1
7403560,CVB45.BC,2024-12-02,Reparado / Garantía Lab,2,2,5.0,59,1
7403560,CVB45.BC,2024-12-05,Reparado / Garantía Lab,3,3,3.0,62,1
7403560,CVB45.BC,2024-12-24,Reparado / Garantía Lab,4,4,19.0,81,1
7403560,CVB45.BC,2024-12-30,Reparado / Garantía Lab,5,5,6.0,87,1
7403560,CVB45.BC,2025-01-07,Reparado / Garantía Lab,6,6,8.0,95,1
7403560,CVB45.BC,2025-01-10,Reparado / Garantía Lab,7,7,3.0,98,1
7403560,CVB45.BC,2025-01-14,Reparado / Garantía Lab,8,8,4.0,102,1
7403560,CVB45.BC,2025-01-21,Reparado / Garantía Lab,9,9,7.0,109,1
7403560,CVB45.BC,2025-01-27,Reparado / Garantía Lab,10,10,6.0,115,1
7403560,CVB45.BC,2025-01-29,Reparado / Garantía Lab,11,11,2.0,117,0
7403561,CVB45.BC,2022-03-15,Reparado,0,0,0.0,0,0
7403561,CVB45.BC,2023-10-14,Reparado / Garantía Lab,0,0,578.0,578,0
7403561,CVB45.BC,2025-11-07,Reparado / Garantía Lab,0,0,755.0,1333,1
7403561,CVB45.BC,2025-11-19,Reparado / Garantía Lab,1,1,12.0,1345,0
7403562,CVB45.BC,2025-01-21,Reparado,0,0,0.0,0,1
7403562,CVB45.BC,2025-01-27,Reparado / Garantía Lab,1,1,6.0,6,1
7403562,CVB45.BC,2025-01-30,Reparado / Garantía Lab,2,2,3.0,9,1
7403562,CVB45.BC,2025-02-04,Reparado / Garantía Lab,3,3,5.0,14,0
7403562,CVB45.BC,2025-03-10,Reparado / Garantía Lab,4,4,34.0,48,1
7403562,CVB45.BC,2025-03-13,Reparado / Garantía Lab,5,5,3.0,51,0
7403563,CVB45.BC,2021-05-19,Reparado,0,0,0.0,0,0
7403565,CVB45.BC,2025-05-20,POD Reparado,0,0,0.0,0,0
7403567,CVB45.BC,2021-09-30,Reparado,0,0,0.0,0,0
7403567,CVB45.BC,2022-06-19,Reparado / Garantía Lab,0,1,262.0,262,0
7403568,CVB45.BC,2023-09-01,Reparado,0,0,0.0,0,0
7403569,CVB45.BC,2023-04-06,Reparado,0,0,0.0,0,0
7403569,CVB45.BC,2024-04-24,Reparado / Garantía Lab,0,0,384.0,384,1
7403569,CVB45.BC,2024-05-02,Reparado / Garantía Lab,1,1,8.0,392,1
7403569,CVB45.BC,2024-05-07,Reparado / Garantía Lab,2,2,5.0,397,0
7403570,CVB45.BC,2023-01-18,Reparado,0,0,0.0,0,0
7403572,CVB45.BC,2023-05-19,Reparado,0,0,0.0,0,0
7403572,CVB45.BC,2025-05-06,Reparado / Garantía Lab,0,0,718.0,718,0
7403573,CVB45.BC,2023-10-31,Reparado,0,0,0.0,0,0
7403574,CVB45.BC,2025-09-04,Reparado / Garantía Lab,0,0,0.0,0,1
7403574,CVB45.BC,2025-09-09,Reparado / Garantía Lab,1,1,5.0,5,0
7403575,CVB45.BC,2021-08-27,Reparado,0,0,0.0,0,0
7403575,CVB45.BC,2025-07-09,Reparado / Garantía Lab,0,0,1412.0,1412,1
7403575,CVB45.BC,2025-07-11,Reparado / Garantía Lab,1,1,2.0,1414,0
7403576,CVB45.BC,2022-06-22,Reparado,0,0,0.0,0,0
7403576,CVB45.BC,2023-05-19,Reparado,0,1,331.0,331,0
7403576,CVB45.BC,2025-06-02,Reparado / Garantía Lab,0,0,745.0,1076,0
7403577,CVB45.BC,2023-09-12,Reparado,0,0,0.0,0,0
7403578,CVB45.BC,2021-07-22,Reparado,0,0,0.0,0,0
7403578,CVB45.BC,2023-10-12,Reparado / Garantía Lab,0,0,812.0,812,0
7403578,CVB45.BC,2025-09-09,Reparado / Garantía Lab,0,0,698.0,1510,0
7403578,CVB45.BC,2025-10-22,Reparado / Garantía Lab,1,1,43.0,1553,1
7403578,CVB45.BC,2025-10-27,Reparado / Garantía Lab,2,2,5.0,1558,0
7403579,CVB45.BC,2023-10-16,Reparado,0,0,0.0,0,0
7403581,CVB45.BC,2022-11-20,Reparado,0,0,0.0,0,0
7403581,CVB45.BC,2023-10-18,Reparado / Garantía Lab,0,1,332.0,332,0
7403582,CVB45.BC,2021-06-03,Reparado,0,0,0.0,0,0
7403582,CVB45.BC,2022-07-07,Reparado / Garantía Lab,0,0,399.0,399,0
7403582,CVB45.BC,2022-09-14,Reparado / Garantía Lab,1,1,69.0,468,0
7403582,CVB45.BC,2025-06-23,Reparado / Garantía Lab,0,0,1013.0,1481,0
7403582,CVB45.BC,2025-11-24,Reparado / Garantía Lab,1,1,154.0,1635,0
7403583,CVB45.BC,2021-06-14,Reparado,0,0,0.0,0,0
7403583,CVB45.BC,2022-01-08,Reparado / Garantía Lab,0,1,208.0,208,0
7403584,CVB45.BC,2023-08-28,Reparado,0,0,0.0,0,0
7403584,CVB45.BC,2024-09-05,Reparado / Garantía Lab,0,0,374.0,374,0
7403584,CVB45.BC,2025-06-09,Reparado / Garantía Lab,0,1,277.0,651,0
7403585,CVB45.BC,2023-05-25,Reparado,0,0,0.0,0,1
7403585,CVB45.BC,2023-05-31,Reparado / Garantía Lab,1,1,6.0,6,1
7403585,CVB45.BC,2023-06-13,Reparado / Garantía Lab,2,2,13.0,19,0
7403586,CVB45.BC,2022-08-22,Reparado,0,0,0.0,0,0
7403587,CVB45.BC,2025-08-05,Reparado,0,0,0.0,0,0
7403588,CVB45.BC,2021-06-26,Reparado,0,0,0.0,0,0
7403588,CVB45.BC,2025-08-22,Reparado / Garantía Lab,0,0,1518.0,1518,0
7403589,CVB45.BC,2021-04-27,Reparado,0,0,0.0,0,0
7403589,CVB45.BC,2025-03-07,Reparado / Garantía Lab,0,0,1410.0,1410,0
7403590,CVB45.BC,2025-12-02,Reparado / Garantía Lab,0,0,0.0,0,1
7403590,CVB45.BC,2025-12-04,Proceso,1,1,2.0,2,0
7403592,CVB45.BC,2021-02-24,Reparado,0,0,0.0,0,0
7403592,CVB45.BC,2021-06-07,Reparado / Garantía Lab,1,1,103.0,103,0
7403592,CVB45.BC,2023-10-21,Reparado / Garantía Lab,0,0,866.0,969,0
7403593,CVB45.BC,2024-09-04,Reparado,0,0,0.0,0,0
7403593,CVB45.BC,2024-10-10,Reparado / Garantía Lab,1,1,36.0,36,0
7403593,CVB45.BC,2025-03-07,Reparado / Garantía Lab,1,2,148.0,184,1
7403593,CVB45.BC,2025-03-28,Reparado / Garantía Lab,2,3,21.0,205,0
7403593,CVB45.BC,2025-04-29,Reparado / Garantía Lab,2,4,32.0,237,0
7403594,CVB45.BC,2024-06-01,Reparado,0,0,0.0,0,0
7403594,CVB45.BC,2025-06-25,Reparado / Garantía Lab,0,0,389.0,389,1
7403594,CVB45.BC,2025-06-30,Reparado / Garantía Lab,1,1,5.0,394,0
7403595,CVB45.BC,2024-03-07,Reparado / Garantía Lab,0,0,0.0,0,1
7403595,CVB45.BC,2024-03-13,Reparado / Garantía Lab,1,1,6.0,6,0
7403598,CVB45.BC,2021-11-16,Reparado,0,0,0.0,0,0
7403598,CVB45.BC,2023-01-05,Reparado / Garantía Lab,0,0,415.0,415,0
7403598,CVB45.BC,2025-11-07,Reparado / Garantía Lab,0,0,1037.0,1452,1
7403598,CVB45.BC,2025-11-26,Reparado / Garantía Lab,1,1,19.0,1471,0
7403599,CVB45.BC,2021-03-15,Reparado,0,0,0.0,0,0
7403600,CVB45.BC,2024-11-04,Reparado,0,0,0.0,0,0
7403601,CVB45.BC,2024-01-12,Reparado,0,0,0.0,0,0
7403603,CVB45.BC,2021-11-04,Reparado,0,0,0.0,0,0
7403604,CVB45.BC,2025-02-18,Reparado,0,0,0.0,0,0
7403605,CVB45.BC,2023-09-25,Reparado,0,0,0.0,0,0
7403606,CVB45.BC,2021-04-09,Reparado,0,0,0.0,0,0
7403606,CVB45.BC,2024-07-11,Reparado / Garantía Lab,0,0,1189.0,1189,0
7403607,CVB45.BC,2023-11-24,Reparado,0,0,0.0,0,0
7403608,CVB45.BC,2021-02-11,Reparado,0,0,0.0,0,0
7403608,CVB45.BC,2022-08-11,Reparado / Garantía Lab,0,0,546.0,546,0
7403608,CVB45.BC,2023-05-19,Reparado,0,1,281.0,827,0
7403609,CVB45.BC,2021-07-28,Reparado,0,0,0.0,0,0
7403609,CVB45.BC,2021-09-15,Reparado / Garantía Lab,1,1,49.0,49,1
7403609,CVB45.BC,2021-09-23,Reparado / Garantía Lab,2,2,8.0,57,1
7403609,CVB45.BC,2021-09-28,Reparado / Garantía Lab,3,3,5.0,62,0
7403609,CVB45.BC,2021-12-14,Reparado / Garantía Lab,4,4,77.0,139,0
7403609,CVB45.BC,2022-03-21,Reparado / Garantía Lab,3,5,97.0,236,0
7403610,CVB45.BC,2024-05-28,POD Reparado,0,0,0.0,0,0
7403610,CVB45.BC,2024-09-09,Reparado / Garantía Lab,1,1,104.0,104,0
7403611,CVB45.BC,2023-09-20,Reparado,0,0,0.0,0,0
7403612,CVB45.BC,2023-09-22,Reparado,0,0,0.0,0,0
7403613,CVB45.BC,2023-09-22,Reparado,0,0,0.0,0,0
7403613,CVB45.BC,2024-11-15,Reparado / Garantía Lab,0,0,420.0,420,1
7403613,CVB45.BC,2024-12-06,Reparado / Garantía Lab,1,1,21.0,441,0
7403613,CVB45.BC,2025-01-28,Reparado / Garantía Lab,2,2,53.0,494,1
7403613,CVB45.BC,2025-02-24,Reparado / Garantía Lab,3,3,27.0,521,1
7403613,CVB45.BC,2025-03-20,Reparado / Garantía Lab,4,4,24.0,545,0
7403613,CVB45.BC,2025-05-08,Reparado / Garantía Lab,5,5,49.0,594,0
7403613,CVB45.BC,2025-09-09,Reparado / Garantía Lab,2,6,124.0,718,0
7403613,CVB45.BC,2025-11-04,POD Reparado,2,7,56.0,774,0
7403614,CVB45.BC,2023-06-12,Reparado,0,0,0.0,0,0
7403615,CVB45.BC,2022-05-14,Reparado,0,0,0.0,0,0
7403615,CVB45.BC,2025-09-11,Reparado / Garantía Lab,0,0,1216.0,1216,0
7403617,CVB45.BC,2021-06-15,Reparado,0,0,0.0,0,0
7403617,CVB45.BC,2024-06-28,Reparado / Garantía Lab,0,0,1109.0,1109,1
7403617,CVB45.BC,2024-07-10,Reparado / Garantía Lab,1,1,12.0,1121,0
7403619,CVB45.BC,2021-09-17,Reparado,0,0,0.0,0,0
7403619,CVB45.BC,2024-05-17,Reparado / Garantía Lab,0,0,973.0,973,0
7403620,CVB45.BC,2021-12-30,Reparado,0,0,0.0,0,0
7403620,CVB45.BC,2025-05-12,Reparado / Garantía Lab,0,0,1229.0,1229,0
7403621,CVB45.BC,2021-12-11,Reparado,0,0,0.0,0,0
7403621,CVB45.BC,2023-06-21,Reparado / Garantía Lab,0,0,557.0,557,0
7403622,CVB45.BC,2022-10-17,Reparado,0,0,0.0,0,0
7403623,CVB45.BC,2022-05-31,Reparado,0,0,0.0,0,0
7403625,CVB45.BC,2024-09-30,Reparado,0,0,0.0,0,0
7403626,CVB45.BC,2021-08-31,Reparado,0,0,0.0,0,0
7403626,CVB45.BC,2025-01-02,Reparado / Garantía Lab,0,0,1220.0,1220,0
7403627,CVB45.BC,2022-06-19,Reparado,0,0,0.0,0,0
7403628,CVB45.BC,2025-08-12,Reparado / Garantía Lab,0,0,0.0,0,1
7403628,CVB45.BC,2025-08-18,Reparado / Garantía Lab,1,1,6.0,6,0
7403629,CVB45.BC,2021-11-22,Reparado,0,0,0.0,0,0
7403629,CVB45.BC,2024-07-15,Reparado / Garantía Lab,0,0,966.0,966,0
7403630,CVB45.BC,2023-01-18,Reparado,0,0,0.0,0,0
7403630,CVB45.BC,2025-09-09,Reparado / Garantía Lab,0,0,965.0,965,1
7403630,CVB45.BC,2025-09-12,Reparado / Garantía Lab,1,1,3.0,968,0
7403631,CVB45.BC,2020-11-28,Reparado,0,0,0.0,0,0
7403631,CVB45.BC,2021-05-11,Reparado / Garantía Lab,1,1,164.0,164,0
7403631,CVB45.BC,2021-07-28,Reparado / Garantía Lab,1,2,78.0,242,1
7403631,CVB45.BC,2021-08-27,Reparado / Garantía Lab,2,3,30.0,272,1
7403631,CVB45.BC,2021-09-02,Reparado / Garantía Lab,3,4,6.0,278,1
7403631,CVB45.BC,2021-09-07,Reparado / Garantía Lab,4,5,5.0,283,1
7403631,CVB45.BC,2021-10-07,Reparado / Garantía Lab,5,6,30.0,313,0
7403631,CVB45.BC,2022-03-12,POD Reparado,1,6,156.0,469,0
7403631,CVB45.BC,2022-12-15,Reparado / Garantía Lab,0,1,278.0,747,0
7403631,CVB45.BC,2023-01-24,Reparado / Garantía Lab,1,2,40.0,787,0
7403631,CVB45.BC,2023-08-03,Reparado / Garantía Lab,0,2,191.0,978,1
7403631,CVB45.BC,2023-08-16,Reparado / Garantía Lab,1,3,13.0,991,0
7403631,CVB45.BC,2024-03-13,Reparado / Garantía Lab,0,2,210.0,1201,0
7403631,CVB45.BC,2024-10-15,Reparado / Garantía Lab,0,1,216.0,1417,0
7403631,CVB45.BC,2024-11-22,Reparado / Garantía Lab,1,2,38.0,1455,0
7403632,CVB45.BC,2025-08-14,Reparado / Garantía Lab,0,0,0.0,0,1
7403632,CVB45.BC,2025-08-26,Reparado / Garantía Lab,1,1,12.0,12,0
7403633,CVB45.BC,2025-10-20,Reparado,0,0,0.0,0,0
7403634,CVB45.BC,2024-04-25,Reparado,0,0,0.0,0,0
7403635,CVB45.BC,2025-09-12,Reparado,0,0,0.0,0,1
7403635,CVB45.BC,2025-09-22,Reparado / Garantía Lab,1,1,10.0,10,0
7403636,CVB45.BC,2021-02-17,Reparado,0,0,0.0,0,0
7403636,CVB45.BC,2021-05-20,POD,1,1,92.0,92,0
7403636,CVB45.BC,2021-08-20,POD Reparado,1,2,92.0,184,0
7403636,CVB45.BC,2022-12-20,Reparado / Garantía Lab,0,0,487.0,671,0
7403637,CVB45.BC,2021-07-20,Reparado,0,0,0.0,0,1
7403637,CVB45.BC,2021-08-03,Reparado / Garantía Lab,1,1,14.0,14,0
7403637,CVB45.BC,2023-10-19,Reparado / Garantía Lab,0,0,807.0,821,0
7403638,CVB45.BC,2023-01-19,Reparado,0,0,0.0,0,0
7403639,CVB45.BC,2021-12-27,Reparado,0,0,0.0,0,0
7403640,CVB45.BC,2023-09-11,Reparado,0,0,0.0,0,0
7403640,CVB45.BC,2024-06-25,Reparado / Garantía Lab,0,1,288.0,288,0
7403640,CVB45.BC,2025-08-22,Reparado / Garantía Lab,0,0,423.0,711,0
7403642,CVB45.BC,2025-08-29,Reparado,0,0,0.0,0,0
7403644,CVB45.BC,2020-12-15,Reparado,0,0,0.0,0,0
7403644,CVB45.BC,2021-01-19,Reparado / Garantía Lab,1,1,35.0,35,1
7403644,CVB45.BC,2021-01-22,Reparado,2,2,3.0,38,0
7403644,CVB45.BC,2022-06-07,Reparado / Garantía Lab,0,0,501.0,539,1
7403644,CVB45.BC,2022-06-10,Reparado / Garantía Lab,1,1,3.0,542,1
7403644,CVB45.BC,2022-06-23,Reparado / Garantía Lab,2,2,13.0,555,1
7403644,CVB45.BC,2022-07-11,Reparado / Garantía Lab,3,3,18.0,573,1
7403644,CVB45.BC,2022-08-09,Reparado / Garantía Lab,4,4,29.0,602,0
7403644,CVB45.BC,2024-09-02,Reparado / Garantía Lab,0,0,755.0,1357,1
7403644,CVB45.BC,2024-09-05,Reparado / Garantía Lab,1,1,3.0,1360,1
7403644,CVB45.BC,2024-09-30,Reparado / Garantía Lab,2,2,25.0,1385,1
7403644,CVB45.BC,2024-10-08,Reparado / Garantía Lab,3,3,8.0,1393,1
7403644,CVB45.BC,2024-10-18,Reparado / Garantía Lab,4,4,10.0,1403,1
7403644,CVB45.BC,2024-11-11,Reparado / Garantía Lab,5,5,24.0,1427,1
7403644,CVB45.BC,2024-11-22,Reparado / Garantía Lab,6,6,11.0,1438,1
7403644,CVB45.BC,2024-11-26,Reparado / Garantía Lab,7,7,4.0,1442,1
7403644,CVB45.BC,2024-12-02,Reparado / Garantía Lab,8,8,6.0,1448,1
7403644,CVB45.BC,2024-12-04,Reparado / Garantía Lab,9,9,2.0,1450,1
7403644,CVB45.BC,2024-12-06,Reparado / Garantía Lab,10,10,2.0,1452,0
7403644,CVB45.BC,2025-01-15,Reparado,11,11,40.0,1492,1
7403644,CVB45.BC,2025-01-20,Reparado / Garantía Lab,12,12,5.0,1497,1
7403644,CVB45.BC,2025-02-07,Reparado / Garantía Lab,13,13,18.0,1515,1
7403644,CVB45.BC,2025-02-14,Reparado / Garantía Lab,14,14,7.0,1522,0
7403644,CVB45.BC,2025-06-09,Reparado / Garantía Lab,4,15,115.0,1637,0
7403644,CVB45.BC,2025-11-28,Reparado / Garantía Lab,1,8,172.0,1809,0
7403646,CVB45.BC,2022-04-22,Reparado,0,0,0.0,0,0
7403647,CVB45.BC,2021-02-03,Reparado,0,0,0.0,0,0
7403648,CVB45.BC,2020-09-15,Reparado,0,0,0.0,0,0
7403649,CVB45.BC,2025-11-28,Reparado / Garantía Lab,0,0,0.0,0,0
7403650,CVB45.BC,2025-06-06,Reparado,0,0,0.0,0,1
7403650,CVB45.BC,2025-06-30,Reparado / Garantía Lab,1,1,24.0,24,0
7403650,CVB45.BC,2025-09-11,Reparado / Garantía Lab,2,2,73.0,97,0
7403650,CVB45.BC,2025-10-22,Reparado / Garantía Lab,3,3,41.0,138,0
7403651,CVB45.BC,2022-08-17,Reparado,0,0,0.0,0,0
7403653,CVB45.BC,2022-11-10,Reparado,0,0,0.0,0,0
7403654,CVB45.BC,2024-07-11,Reparado,0,0,0.0,0,0
7403654,CVB45.BC,2025-10-15,Reparado / Garantía Lab,0,0,461.0,461,0
7403655,CVB45.BC,2024-10-01,Reparado,0,0,0.0,0,0
7403656,CVB45.BC,2025-11-11,Reparado,0,0,0.0,0,0
7403657,CVB45.BC,2022-05-27,Reparado,0,0,0.0,0,0
7403657,CVB45.BC,2024-06-12,Reparado / Garantía Lab,0,0,747.0,747,0
7403658,CVB45.BC,2025-08-28,Reparado,0,0,0.0,0,0
7403661,CVB45.BC,2022-12-14,Reparado,0,0,0.0,0,0
7403661,CVB45.BC,2025-06-06,Reparado / Garantía Lab,0,0,905.0,905,0
7403662,CVB45.BC,2021-05-24,Reparado,0,0,0.0,0,0
7403662,CVB45.BC,2023-05-23,Reparado / Garantía Lab,0,0,729.0,729,0
7403663,CVB45.BC,2021-02-02,Reparado,0,0,0.0,0,0
7403666,CVB45.BC,2024-05-28,Reparado,0,0,0.0,0,0
7403666,CVB45.BC,2025-08-06,Reparado / Garantía Lab,0,0,435.0,435,1
7403666,CVB45.BC,2025-08-11,Reparado / Garantía Lab,1,1,5.0,440,0
7403667,CVB45.BC,2021-11-26,Reparado,0,0,0.0,0,0
7403668,CVB45.BC,2023-06-03,Reparado,0,0,0.0,0,0
7403669,CVB45.BC,2025-05-02,Reparado,0,0,0.0,0,0
7403669,CVB45.BC,2025-08-04,Reparado / Garantía Lab,1,1,94.0,94,1
7403669,CVB45.BC,2025-08-07,Reparado / Garantía Lab,2,2,3.0,97,0
7403669,CVB45.BC,2025-10-09,Reparado / Garantía Lab,3,3,63.0,160,1
7403669,CVB45.BC,2025-10-30,Reparado / Garantía Lab,3,4,21.0,181,0
7403674,CVB45.BC,2021-09-01,Reparado,0,0,0.0,0,0
7403674,CVB45.BC,2024-05-08,Reparado / Garantía Lab,0,0,980.0,980,0
7403676,CVB45.BC,2025-06-25,Reparado,0,0,0.0,0,1
7403676,CVB45.BC,2025-06-30,Reparado / Garantía Lab,1,1,5.0,5,0
7403677,CVB45.BC,2022-03-30,POD Reparado,0,0,0.0,0,0
7403680,CVB45.BC,2021-02-11,Reparado,0,0,0.0,0,0
7403680,CVB45.BC,2021-11-05,Reparado / Garantía Lab,0,1,267.0,267,0
7403680,CVB45.BC,2021-12-21,Reparado / Garantía Lab,1,2,46.0,313,0
7403680,CVB45.BC,2022-03-29,Reparado / Garantía Lab,2,2,98.0,411,0
7403680,CVB45.BC,2024-04-11,Reparado / Garantía Lab,0,0,744.0,1155,0
7403681,CVB45.BC,2024-09-25,Reparado,0,0,0.0,0,1
7403681,CVB45.BC,2024-10-25,Reparado / Garantía Lab,1,1,30.0,30,0
7403682,CVB45.BC,2021-12-28,Reparado,0,0,0.0,0,0
7403683,CVB45.BC,2021-04-28,Reparado,0,0,0.0,0,0
7403684,CVB45.BC,2022-08-04,Reparado,0,0,0.0,0,0
7403685,CVB45.BC,2025-02-24,Reparado / Garantía Lab,0,0,0.0,0,1
7403685,CVB45.BC,2025-02-27,Reparado / Garantía Lab,1,1,3.0,3,0
7403685,CVB45.BC,2025-04-15,Reparado / Garantía Lab,2,2,47.0,50,1
7403685,CVB45.BC,2025-04-28,Reparado / Garantía Lab,3,3,13.0,63,1
7403685,CVB45.BC,2025-04-30,Reparado / Garantía Lab,4,4,2.0,65,0
7403686,CVB45.BC,2021-01-12,Reparado / Garantía Lab,0,0,0.0,0,1
7403686,CVB45.BC,2021-02-08,Reparado,1,1,27.0,27,1
7403686,CVB45.BC,2021-02-09,Reparado / Garantía Lab,2,2,1.0,28,1
7403686,CVB45.BC,2021-02-18,Reparado / Garantía Lab,3,3,9.0,37,0
7403687,CVB45.BC,2022-01-13,Reparado,0,0,0.0,0,0
7403687,CVB45.BC,2023-01-05,Reparado / Garantía Lab,0,1,357.0,357,0
7403688,CVB45.BC,2021-04-21,Reparado,0,0,0.0,0,1
7403688,CVB45.BC,2021-04-29,Reparado / Garantía Lab,1,1,8.0,8,0
7403688,CVB45.BC,2021-08-23,Reparado / Garantía Lab,2,2,116.0,124,0
7403688,CVB45.BC,2021-11-13,Reparado / Garantía Lab,1,3,82.0,206,0
7403689,CVB45.BC,2021-07-10,Reparado,0,0,0.0,0,0
7403689,CVB45.BC,2021-08-31,Reparado / Garantía Lab,1,1,52.0,52,0
7403689,CVB45.BC,2024-07-16,Reparado,0,0,1050.0,1102,1
7403689,CVB45.BC,2024-07-21,Reparado / Garantía Lab,1,1,5.0,1107,0
7403690,CVB45.BC,2022-07-04,Reparado,0,0,0.0,0,0
7403691,CVB45.BC,2021-02-24,Reparado,0,0,0.0,0,0
7403691,CVB45.BC,2023-10-21,Reparado / Garantía Lab,0,0,969.0,969,0
7403693,CVB45.BC,2023-10-17,Reparado,0,0,0.0,0,0
7403694,CVB45.BC,2022-06-01,Reparado,0,0,0.0,0,0
7403695,CVB45.BC,2024-02-27,Reparado,0,0,0.0,0,0
7403696,CVB45.BC,2022-07-18,Reparado,0,0,0.0,0,0
7403697,CVB45.BC,2023-05-18,Reparado,0,0,0.0,0,0
7403697,CVB45.BC,2025-08-26,Reparado / Garantía Lab,0,0,831.0,831,0
7403699,CVB45.BC,2023-10-16,Reparado,0,0,0.0,0,0
7403701,CVB45.BC,2021-05-26,Reparado,0,0,0.0,0,0
7403701,CVB45.BC,2023-06-24,Reparado / Garantía Lab,0,0,759.0,759,0
7403702,CVB45.BC,2021-08-31,Reparado,0,0,0.0,0,1
7403702,CVB45.BC,2021-09-14,Reparado / Garantía Lab,1,1,14.0,14,0
7403703,CVB45.BC,2020-12-04,Reparado,0,0,0.0,0,1
7403703,CVB45.BC,2020-12-07,Reparado / Garantía Lab,1,1,3.0,3,0
7403703,CVB45.BC,2021-01-12,Reparado / Garantía Lab,2,2,36.0,39,0
7403703,CVB45.BC,2022-11-15,Reparado / Garantía Lab,0,0,672.0,711,0
7403704,CVB45.BC,2024-06-26,Reparado,0,0,0.0,0,0
7403704,CVB45.BC,2025-08-26,Reparado / Garantía Lab,0,0,426.0,426,0
7403705,CVB45.BC,2020-11-27,Reparado,0,0,0.0,0,0
7403705,CVB45.BC,2021-01-29,Reparado / Garantía Lab,1,1,63.0,63,0
7403705,CVB45.BC,2021-04-06,Reparado / Garantía Lab,2,2,67.0,130,0
7403705,CVB45.BC,2021-08-16,Reparado / Garantía Lab,1,3,132.0,262,0
7403705,CVB45.BC,2025-01-16,Reparado / Garantía Lab,0,0,1249.0,1511,0
7403705,CVB45.BC,2025-09-05,Reparado / Garantía Lab,0,1,232.0,1743,0
7403706,CVB45.BC,2021-09-14,Reparado,0,0,0.0,0,0
7403706,CVB45.BC,2024-04-09,Reparado / Garantía Lab,0,0,938.0,938,0
7403708,CVB45.BC,2023-01-20,Reparado,0,0,0.0,0,0
7403710,CVB45.BC,2025-08-25,Reparado,0,0,0.0,0,0
7403711,CVB45.BC,2021-10-19,Reparado,0,0,0.0,0,0
7403712,CVB45.BC,2023-05-26,Reparado,0,0,0.0,0,0
7403713,CVB45.BC,2023-10-04,Reparado,0,0,0.0,0,0
7403713,CVB45.BC,2025-04-09,Reparado / Garantía Lab,0,0,553.0,553,0
7403715,CVB45.BC,2023-02-02,Reparado,0,0,0.0,0,0
7403716,CVB45.BC,2021-02-01,Reparado,0,0,0.0,0,0
7403717,CVB45.BC,2021-07-02,Reparado,0,0,0.0,0,0
7403718,CVB45.BC,2022-12-17,Reparado,0,0,0.0,0,0
7403720,CVB45.BC,2021-08-11,Reparado,0,0,0.0,0,0
7403723,CVB45.BC,2025-03-27,Reparado,0,0,0.0,0,0
7403723,CVB45.BC,2025-10-14,Reparado,0,1,201.0,201,0
7403724,CVB45.BC,2025-09-05,Reparado,0,0,0.0,0,0
7403725,CVB45.BC,2021-03-29,Reparado,0,0,0.0,0,0
7403726,CVB45.BC,2021-10-14,Reparado,0,0,0.0,0,0
7403727,CVB45.BC,2025-02-20,Reparado,0,0,0.0,0,1
7403727,CVB45.BC,2025-02-24,Reparado / Garantía Lab,1,1,4.0,4,0
7403727,CVB45.BC,2025-04-11,Reparado / Garantía Lab,2,2,46.0,50,0
7403727,CVB45.BC,2025-05-28,Reparado / Garantía Lab,3,3,47.0,97,1
7403727,CVB45.BC,2025-06-03,Reparado / Garantía Lab,4,4,6.0,103,0
7403728,CVB45.BC,2023-05-31,Reparado,0,0,0.0,0,0
7403728,CVB45.BC,2025-04-14,Reparado / Garantía Lab,0,0,684.0,684,0
7403729,CVB45.BC,2021-08-11,Reparado,0,0,0.0,0,0
7403729,CVB45.BC,2024-09-26,Reparado / Garantía Lab,0,0,1142.0,1142,0
7403731,CVB45.BC,2021-12-10,Reparado,0,0,0.0,0,0
7403731,CVB45.BC,2023-05-11,Reparado / Garantía Lab,0,0,517.0,517,0
7403731,CVB45.BC,2025-09-09,Reparado / Garantía Lab,0,0,852.0,1369,0
7403732,CVB45.BC,2025-08-05,POD Reparado,0,0,0.0,0,1
7403732,CVB45.BC,2025-08-19,Reparado / Garantía Lab,1,1,14.0,14,1
7403732,CVB45.BC,2025-09-01,Reparado / Garantía Lab,2,2,13.0,27,0
7403735,CVB45.BC,2023-12-28,Reparado,0,0,0.0,0,0
7403736,CVB45.BC,2023-10-03,Reparado,0,0,0.0,0,0
7403736,CVB45.BC,2025-02-18,Reparado / Garantía Lab,0,0,504.0,504,0
7403737,CVB45.BC,2023-02-04,Reparado,0,0,0.0,0,0
7403738,CVB45.BC,2021-09-15,Reparado,0,0,0.0,0,0
7403738,CVB45.BC,2025-08-25,Reparado / Garantía Lab,0,0,1440.0,1440,0
7403740,CVB45.BC,2023-06-14,Reparado,0,0,0.0,0,0
7403741,CVB45.BC,2022-08-26,POD Reparado,0,0,0.0,0,1
7403741,CVB45.BC,2022-09-12,Reparado / Garantía Lab,1,1,17.0,17,0
7403741,CVB45.BC,2022-11-10,Reparado / Garantía Lab,2,2,59.0,76,0
7403741,CVB45.BC,2023-05-10,Reparado,0,3,181.0,257,0
7403743,CVB45.BC,2021-05-18,Reparado,0,0,0.0,0,1
7403743,CVB45.BC,2021-06-15,Reparado / Garantía Lab,1,1,28.0,28,1
7403743,CVB45.BC,2021-06-29,Reparado / Garantía Lab,2,2,14.0,42,1
7403743,CVB45.BC,2021-07-09,Reparado,3,3,10.0,52,0
7403743,CVB45.BC,2022-03-12,Reparado / Garantía Lab,0,4,246.0,298,1
7403743,CVB45.BC,2022-03-16,Reparado / Garantía Lab,1,5,4.0,302,0
7403743,CVB45.BC,2022-06-10,Reparado / Garantía Lab,2,5,86.0,388,1
7403743,CVB45.BC,2022-06-15,Reparado / Garantía Lab,3,6,5.0,393,0
7403743,CVB45.BC,2024-11-13,Reparado / Garantía Lab,0,0,882.0,1275,0
7403744,CVB45.BC,2025-11-25,Reparado / Garantía Lab,0,0,0.0,0,0
7403745,CVB45.BC,2023-10-21,Reparado,0,0,0.0,0,0
7403745,CVB45.BC,2025-08-06,Reparado / Garantía Lab,0,0,655.0,655,1
7403745,CVB45.BC,2025-08-11,Reparado / Garantía Lab,1,1,5.0,660,0
7403746,CVB45.BC,2021-06-17,Reparado,0,0,0.0,0,0
7403746,CVB45.BC,2025-04-07,Reparado / Garantía Lab,0,0,1390.0,1390,1
7403746,CVB45.BC,2025-04-10,Reparado / Garantía Lab,1,1,3.0,1393,0
7403748,CVB45.BC,2024-11-13,Reparado,0,0,0.0,0,1
7403748,CVB45.BC,2024-11-15,Reparado / Garantía Lab,1,1,2.0,2,1
7403748,CVB45.BC,2024-11-21,Reparado / Garantía Lab,2,2,6.0,8,1
7403748,CVB45.BC,2024-11-25,Reparado / Garantía Lab,3,3,4.0,12,1
7403748,CVB45.BC,2024-11-28,Reparado / Garantía Lab,4,4,3.0,15,0
7403748,CVB45.BC,2025-05-15,Reparado / Garantía Lab,3,5,168.0,183,0
7403748,CVB45.BC,2025-08-14,Reparado / Garantía Lab,1,6,91.0,274,0
7403750,CVB45.BC,2020-10-10,Reparado,0,0,0.0,0,0
7403750,CVB45.BC,2020-12-22,Reparado,1,1,73.0,73,0
7403750,CVB45.BC,2022-06-01,Reparado / Garantía Lab,0,0,526.0,599,0
7403750,CVB45.BC,2023-09-15,Reparado / Garantía Lab,0,0,471.0,1070,0
7403750,CVB45.BC,2024-05-10,Reparado / Garantía Lab,0,1,238.0,1308,0
7403750,CVB45.BC,2025-04-22,Reparado / Garantía Lab,0,1,347.0,1655,0
7403751,CVB45.BC,2021-07-05,Reparado,0,0,0.0,0,0
7403752,CVB45.BC,2021-05-23,Reparado,0,0,0.0,0,0
7403752,CVB45.BC,2021-12-02,Reparado / Garantía Lab,0,1,193.0,193,0
7403752,CVB45.BC,2022-04-26,Reparado / Garantía Lab,1,2,145.0,338,1
7403752,CVB45.BC,2022-05-09,Reparado / Garantía Lab,2,3,13.0,351,1
7403752,CVB45.BC,2022-06-03,Reparado / Garantía Lab,2,3,25.0,376,1
7403752,CVB45.BC,2022-06-10,Reparado / Garantía Lab,3,4,7.0,383,0
7403753,CVB45.BC,2023-10-31,Reparado,0,0,0.0,0,0
7403753,CVB45.BC,2025-09-02,Reparado / Garantía Lab,0,0,672.0,672,1
7403753,CVB45.BC,2025-09-04,Reparado / Garantía Lab,1,1,2.0,674,0
7403754,CVB45.BC,2021-02-02,Reparado,0,0,0.0,0,0
7403754,CVB45.BC,2024-08-19,Reparado / Garantía Lab,0,0,1294.0,1294,0
7403755,CVB45.BC,2021-11-16,Reparado,0,0,0.0,0,0
7403756,CVB45.BC,2024-05-30,Reparado,0,0,0.0,0,0
7403756,CVB45.BC,2025-08-20,Reparado / Garantía Lab,0,0,447.0,447,1
7403756,CVB45.BC,2025-08-25,Reparado / Garantía Lab,1,1,5.0,452,0
7403757,CVB45.BC,2024-08-07,Reparado,0,0,0.0,0,0
7403758,CVB45.BC,2021-02-18,Reparado,0,0,0.0,0,1
7403758,CVB45.BC,2021-02-23,Reparado / Garantía Lab,1,1,5.0,5,0
7403758,CVB45.BC,2021-10-22,Reparado / Garantía Lab,0,2,241.0,246,0
7403758,CVB45.BC,2022-03-07,Reparado / Garantía Lab,1,1,136.0,382,0
7403758,CVB45.BC,2024-09-13,Reparado / Garantía Lab,0,0,921.0,1303,0
7403758,CVB45.BC,2024-11-27,Reparado / Garantía Lab,1,1,75.0,1378,1
7403758,CVB45.BC,2024-12-02,Reparado / Garantía Lab,2,2,5.0,1383,1
7403758,CVB45.BC,2024-12-05,Reparado / Garantía Lab,3,3,3.0,1386,1
7403758,CVB45.BC,2024-12-09,Reparado / Garantía Lab,4,4,4.0,1390,1
7403758,CVB45.BC,2024-12-12,Reparado / Garantía Lab,5,5,3.0,1393,1
7403758,CVB45.BC,2025-01-07,Reparado / Garantía Lab,6,6,26.0,1419,1
7403758,CVB45.BC,2025-01-10,Reparado / Garantía Lab,7,7,3.0,1422,1
7403758,CVB45.BC,2025-01-16,Reparado / Garantía Lab,8,8,6.0,1428,1
7403758,CVB45.BC,2025-01-20,Reparado / Garantía Lab,9,9,4.0,1432,1
7403758,CVB45.BC,2025-01-22,Reparado / Garantía Lab,10,10,2.0,1434,1
7403758,CVB45.BC,2025-01-27,Reparado / Garantía Lab,11,11,5.0,1439,1
7403758,CVB45.BC,2025-02-04,Reparado / Garantía Lab,12,12,8.0,1447,0
7403758,CVB45.BC,2025-10-14,Reparado,0,12,252.0,1699,0
7403759,CVB45.BC,2025-09-08,Reparado,0,0,0.0,0,0
7403760,CVB45.BC,2024-06-27,Reparado,0,0,0.0,0,0
7403760,CVB45.BC,2024-12-19,Reparado / Garantía Lab,1,1,175.0,175,1
7403760,CVB45.BC,2024-12-24,Reparado / Garantía Lab,2,2,5.0,180,0
7403760,CVB45.BC,2025-05-08,Reparado / Garantía Lab,2,3,135.0,315,1
7403760,CVB45.BC,2025-05-13,Reparado / Garantía Lab,3,4,5.0,320,0
7403761,CVB45.BC,2022-10-04,Reparado,0,0,0.0,0,0
7403762,CVB45.BC,2023-09-03,Reparado,0,0,0.0,0,0
7403763,CVB45.BC,2021-07-19,Reparado,0,0,0.0,0,0
7403763,CVB45.BC,2021-09-02,Reparado / Garantía Lab,1,1,45.0,45,0
7403763,CVB45.BC,2022-07-11,Reparado / Garantía Lab,0,2,312.0,357,0
7403763,CVB45.BC,2022-09-21,Reparado / Garantía Lab,1,1,72.0,429,0
7403763,CVB45.BC,2023-01-23,Reparado / Garantía Lab,1,2,124.0,553,0
7403763,CVB45.BC,2023-03-23,Reparado / Garantía Lab,1,3,59.0,612,0
7403763,CVB45.BC,2025-10-02,Reparado / Garantía Lab,0,0,924.0,1536,0
7403765,CVB45.BC,2021-09-21,Reparado,0,0,0.0,0,0
7403765,CVB45.BC,2023-08-31,Reparado / Garantía Lab,0,0,709.0,709,0
7403765,CVB45.BC,2024-08-20,Reparado / Garantía Lab,0,1,355.0,1064,0
7403766,CVB45.BC,2021-01-28,Reparado,0,0,0.0,0,0
7403766,CVB45.BC,2023-09-22,Reparado / Garantía Lab,0,0,967.0,967,0
7403766,CVB45.BC,2024-09-04,Reparado / Garantía Lab,0,1,348.0,1315,0
7403768,CVB45.BC,2023-05-27,Reparado,0,0,0.0,0,0
7403768,CVB45.BC,2023-08-28,Reparado / Garantía Lab,1,1,93.0,93,0
7403768,CVB45.BC,2024-08-07,Reparado / Garantía Lab,0,1,345.0,438,1
7403768,CVB45.BC,2024-08-09,Reparado / Garantía Lab,1,2,2.0,440,1
7403768,CVB45.BC,2024-08-13,Reparado / Garantía Lab,2,3,4.0,444,1
7403768,CVB45.BC,2024-08-19,Reparado / Garantía Lab,3,4,6.0,450,1
7403768,CVB45.BC,2024-08-21,Reparado / Garantía Lab,4,5,2.0,452,1
7403768,CVB45.BC,2024-08-23,Reparado / Garantía Lab,5,6,2.0,454,1
7403768,CVB45.BC,2024-08-27,Reparado / Garantía Lab,6,7,4.0,458,1
7403768,CVB45.BC,2024-08-29,Reparado / Garantía Lab,7,7,2.0,460,1
7403768,CVB45.BC,2024-09-03,Reparado / Garantía Lab,8,8,5.0,465,1
7403768,CVB45.BC,2024-09-09,Reparado / Garantía Lab,9,9,6.0,471,1
7403768,CVB45.BC,2024-09-11,Reparado / Garantía Lab,10,10,2.0,473,1
7403768,CVB45.BC,2024-09-13,Reparado / Garantía Lab,11,11,2.0,475,0
7403770,CVB45.BC,2022-09-14,Reparado,0,0,0.0,0,0
7403770,CVB45.BC,2023-06-16,Reparado / Garantía Lab,0,1,275.0,275,0
7403771,CVB45.BC,2023-10-31,Reparado,0,0,0.0,0,0
7403772,CVB45.BC,2021-02-01,Reparado,0,0,0.0,0,0
7403774,CVB45.BC,2022-06-08,Reparado,0,0,0.0,0,1
7403774,CVB45.BC,2022-06-27,Reparado / Garantía Lab,1,1,19.0,19,0
7403774,CVB45.BC,2024-12-18,Reparado / Garantía Lab,0,0,905.0,924,0
7403775,CVB45.BC,2021-11-09,Reparado,0,0,0.0,0,0
7403775,CVB45.BC,2022-01-04,Reparado / Garantía Lab,1,1,56.0,56,0
7403776,CVB45.BC,2021-12-01,Reparado,0,0,0.0,0,0
7403776,CVB45.BC,2022-03-11,Reparado / Garantía Lab,1,1,100.0,100,0
7403776,CVB45.BC,2023-05-15,Reparado / Garantía Lab,0,0,430.0,530,0
7403776,CVB45.BC,2024-08-07,Reparado / Garantía Lab,0,0,450.0,980,1
7403776,CVB45.BC,2024-08-12,Reparado / Garantía Lab,1,1,5.0,985,0
7403778,CVB45.BC,2021-02-15,Reparado,0,0,0.0,0,0
7403778,CVB45.BC,2021-07-08,Reparado,1,1,143.0,143,0
7403778,CVB45.BC,2022-10-04,Reparado / Garantía Lab,0,0,453.0,596,0
7403779,CVB45.BC,2022-03-28,Reparado,0,0,0.0,0,1
7403779,CVB45.BC,2022-03-31,Reparado / Garantía Lab,1,1,3.0,3,0
7403779,CVB45.BC,2024-07-05,Reparado / Garantía Lab,0,0,827.0,830,0
7403779,CVB45.BC,2024-12-17,Reparado / Garantía Lab,1,1,165.0,995,0
7403779,CVB45.BC,2025-04-09,Reparado / Garantía Lab,1,2,113.0,1108,1
7403779,CVB45.BC,2025-04-22,Reparado / Garantía Lab,2,3,13.0,1121,0
7403779,CVB45.BC,2025-06-12,Reparado / Garantía Lab,3,4,51.0,1172,0
7403780,CVB45.BC,2022-06-01,Reparado,0,0,0.0,0,0
7403781,CVB45.BC,2021-06-09,Reparado,0,0,0.0,0,0
7403782,CVB45.BC,2024-12-18,Reparado,0,0,0.0,0,0
7403783,CVB45.BC,2021-08-31,Reparado,0,0,0.0,0,0
7403784,CVB45.BC,2022-07-24,Reparado,0,0,0.0,0,0
7403784,CVB45.BC,2023-10-03,Reparado / Garantía Lab,0,0,436.0,436,0
7403784,CVB45.BC,2024-02-23,Reparado / Garantía Lab,1,1,143.0,579,0
7403788,CVB45.BC,2023-10-13,Reparado,0,0,0.0,0,0
7403789,CVB45.BC,2023-05-22,Reparado,0,0,0.0,0,0
7403790,CVB45.BC,2025-06-12,Reparado / Garantía Lab,0,0,0.0,0,1
7403790,CVB45.BC,2025-06-17,Reparado / Garantía Lab,1,1,5.0,5,0
7403791,CVB45.BC,2022-10-05,Reparado,0,0,0.0,0,0
7403792,CVB45.BC,2025-12-02,Reparado / Garantía Lab,0,0,0.0,0,0
7403794,CVB45.BC,2021-01-29,Reparado,0,0,0.0,0,0
7403794,CVB45.BC,2022-01-13,Reparado / Garantía Lab,0,1,349.0,349,0
7403795,CVB45.BC,2022-05-16,Reparado,0,0,0.0,0,0
7403795,CVB45.BC,2025-09-15,Reparado / Garantía Lab,0,0,1218.0,1218,0
7403796,CVB45.BC,2021-07-12,Reparado / Garantía Lab,0,0,0.0,0,1
7403796,CVB45.BC,2021-07-22,Reparado / Garantía Lab,1,1,10.0,10,1
7403796,CVB45.BC,2021-08-06,Reparado / Garantía Lab,2,2,15.0,25,1
7403796,CVB45.BC,2021-08-24,Reparado / Garantía Lab,3,3,18.0,43,0
7403796,CVB45.BC,2021-10-07,Reparado / Garantía Lab,4,4,44.0,87,0
7403796,CVB45.BC,2022-01-06,Reparado / Garantía Lab,5,5,91.0,178,0
7403796,CVB45.BC,2022-07-28,Reparado / Garantía Lab,0,4,203.0,381,1
7403796,CVB45.BC,2022-08-05,Reparado / Garantía Lab,1,5,8.0,389,1
7403796,CVB45.BC,2022-08-09,Reparado / Garantía Lab,2,5,4.0,393,0
7403796,CVB45.BC,2025-08-05,Reparado / Garantía Lab,0,0,1092.0,1485,0
7403796,CVB45.BC,2025-09-30,Reparado / Garantía Lab,1,1,56.0,1541,0
7403797,CVB45.BC,2023-05-31,Reparado,0,0,0.0,0,0
7403797,CVB45.BC,2025-05-06,Reparado / Garantía Lab,0,0,706.0,706,1
7403797,CVB45.BC,2025-05-08,Reparado / Garantía Lab,1,1,2.0,708,1
7403797,CVB45.BC,2025-05-13,Reparado / Garantía Lab,2,2,5.0,713,0
7403798,CVB45.BC,2021-02-10,Reparado,0,0,0.0,0,0
7403799,CVB45.BC,2023-05-04,Reparado,0,0,0.0,0,0
7403799,CVB45.BC,2024-02-28,Reparado / Garantía Lab,0,1,300.0,300,0
7403799,CVB45.BC,2024-07-25,Reparado / Garantía Lab,1,1,148.0,448,0
7403801,CVB45.BC,2022-11-21,Reparado,0,0,0.0,0,0
7403801,CVB45.BC,2024-04-28,Reparado,0,0,524.0,524,1
7403801,CVB45.BC,2024-05-12,Reparado / Garantía Lab,1,1,14.0,538,1
7403801,CVB45.BC,2024-05-16,Reparado / Garantía Lab,2,2,4.0,542,0
7403803,CVB45.BC,2021-09-23,Reparado,0,0,0.0,0,0
7403805,CVB45.BC,2023-06-01,Reparado,0,0,0.0,0,0
7403806,CVB45.BC,2023-12-20,Reparado,0,0,0.0,0,0
7403806,CVB45.BC,2025-07-11,Reparado / Garantía Lab,0,0,569.0,569,1
7403806,CVB45.BC,2025-07-17,Reparado / Garantía Lab,1,1,6.0,575,0
7403807,CVB45.BC,2024-02-24,Reparado,0,0,0.0,0,0
7403808,CVB45.BC,2022-11-18,Reparado,0,0,0.0,0,0
7403808,CVB45.BC,2025-05-28,Reparado / Garantía Lab,0,0,922.0,922,0
7403809,CVB45.BC,2022-11-20,Reparado,0,0,0.0,0,0
7403809,CVB45.BC,2025-05-06,Reparado / Garantía Lab,0,0,898.0,898,0
7403809,CVB45.BC,2025-11-25,Reparado / Garantía Lab,0,1,203.0,1101,0
7403810,CVB45.BC,2024-02-26,Reparado,0,0,0.0,0,0
7403811,CVB45.BC,2021-11-24,Reparado,0,0,0.0,0,0
7403811,CVB45.BC,2022-03-07,Reparado / Garantía Lab,1,1,103.0,103,0
7403811,CVB45.BC,2022-08-24,Reparado / Garantía Lab,1,2,170.0,273,0
7403811,CVB45.BC,2025-02-07,Reparado / Garantía Lab,0,0,898.0,1171,1
7403811,CVB45.BC,2025-03-04,Reparado / Garantía Lab,1,1,25.0,1196,1
7403811,CVB45.BC,2025-03-26,Reparado / Garantía Lab,2,2,22.0,1218,1
7403811,CVB45.BC,2025-04-15,Reparado / Garantía Lab,3,3,20.0,1238,1
7403811,CVB45.BC,2025-04-21,Reparado / Garantía Lab,4,4,6.0,1244,1
7403811,CVB45.BC,2025-04-24,Reparado / Garantía Lab,5,5,3.0,1247,0
7403812,CVB45.BC,2022-01-15,Reparado,0,0,0.0,0,0
7403812,CVB45.BC,2022-11-25,Reparado / Garantía Lab,0,1,314.0,314,0
7403813,CVB45.BC,2024-11-04,Reparado,0,0,0.0,0,0
7403814,CVB45.BC,2025-07-04,Reparado,0,0,0.0,0,0
7403815,CVB45.BC,2022-12-16,Reparado,0,0,0.0,0,0
7403815,CVB45.BC,2025-04-22,Reparado / Garantía Lab,0,0,858.0,858,0
7403815,CVB45.BC,2025-08-12,Reparado / Garantía Lab,1,1,112.0,970,0
7403816,CVB45.BC,2021-11-21,Reparado,0,0,0.0,0,0
7403818,CVB45.BC,2024-08-13,Reparado,0,0,0.0,0,0
7403818,CVB45.BC,2025-08-28,Reparado / Garantía Lab,0,0,380.0,380,1
7403818,CVB45.BC,2025-09-23,Reparado / Garantía Lab,1,1,26.0,406,1
7403818,CVB45.BC,2025-10-08,Reparado / Garantía Lab,2,2,15.0,421,0
7403820,CVB45.BC,2023-08-02,Reparado / Garantía Lab,0,0,0.0,0,1
7403820,CVB45.BC,2023-08-22,Reparado / Garantía Lab,1,1,20.0,20,1
7403820,CVB45.BC,2023-08-30,Reparado / Garantía Lab,2,2,8.0,28,0
7403820,CVB45.BC,2025-01-27,Reparado / Garantía Lab,0,0,516.0,544,1
7403820,CVB45.BC,2025-01-29,Reparado / Garantía Lab,1,1,2.0,546,1
7403820,CVB45.BC,2025-02-03,Reparado / Garantía Lab,2,2,5.0,551,1
7403820,CVB45.BC,2025-02-28,Reparado / Garantía Lab,3,3,25.0,576,1
7403820,CVB45.BC,2025-03-17,Reparado / Garantía Lab,4,4,17.0,593,1
7403820,CVB45.BC,2025-03-20,Reparado / Garantía Lab,5,5,3.0,596,0
7403820,CVB45.BC,2025-08-26,Reparado / Garantía Lab,3,6,159.0,755,1
7403820,CVB45.BC,2025-08-28,Reparado / Garantía Lab,3,7,2.0,757,0
7403821,CVB45.BC,2025-07-23,Reparado,0,0,0.0,0,0
7403823,CVB45.BC,2021-08-16,Reparado,0,0,0.0,0,0
7403825,CVB45.BC,2022-03-03,Reparado,0,0,0.0,0,0
7403825,CVB45.BC,2022-06-24,Reparado / Garantía Lab,1,1,113.0,113,0
7403825,CVB45.BC,2025-04-22,Reparado / Garantía Lab,0,0,1033.0,1146,1
7403825,CVB45.BC,2025-04-29,Reparado / Garantía Lab,1,1,7.0,1153,0
7403825,CVB45.BC,2025-06-04,Reparado / Garantía Lab,2,2,36.0,1189,1
7403825,CVB45.BC,2025-06-06,Reparado / Garantía Lab,3,3,2.0,1191,0
7403826,CVB45.BC,2021-12-05,Reparado,0,0,0.0,0,0
7403827,CVB45.BC,2023-07-04,Reparado,0,0,0.0,0,0
7403828,CVB45.BC,2023-06-01,Reparado,0,0,0.0,0,0
7403828,CVB45.BC,2025-06-25,Reparado / Garantía Lab,0,0,755.0,755,0
7403830,CVB45.BC,2025-03-07,Reparado,0,0,0.0,0,0
7403831,CVB45.BC,2021-06-19,Reparado,0,0,0.0,0,0
7403832,CVB45.BC,2022-12-23,POD Reparado,0,0,0.0,0,0
7403833,CVB45.BC,2021-08-19,Reparado,0,0,0.0,0,1
7403833,CVB45.BC,2021-08-31,Reparado / Garantía Lab,1,1,12.0,12,0
7403833,CVB45.BC,2022-12-09,POD Reparado,0,0,465.0,477,0
7403834,CVB45.BC,2023-06-14,Reparado,0,0,0.0,0,0
7403835,CVB45.BC,2021-12-09,Reparado,0,0,0.0,0,0
7403835,CVB45.BC,2022-03-09,Reparado / Garantía Lab,1,1,90.0,90,0
7403836,CVB45.BC,2025-07-14,Reparado / Garantía Lab,0,0,0.0,0,1
7403836,CVB45.BC,2025-07-17,Reparado / Garantía Lab,1,1,3.0,3,0
7403837,CVB45.BC,2021-02-17,Reparado,0,0,0.0,0,0
7403837,CVB45.BC,2022-03-08,Reparado / Garantía Lab,0,0,384.0,384,0
7403838,CVB45.BC,2022-03-28,Reparado,0,0,0.0,0,0
7403838,CVB45.BC,2024-01-17,Reparado / Garantía Lab,0,0,660.0,660,0
7403838,CVB45.BC,2025-08-13,Reparado / Garantía Lab,0,0,574.0,1234,0
7403839,CVB45.BC,2021-06-20,Reparado,0,0,0.0,0,0
7403839,CVB45.BC,2024-06-01,Reparado / Garantía Lab,0,0,1077.0,1077,0
7403839,CVB45.BC,2025-11-07,Reparado / Garantía Lab,0,0,524.0,1601,1
7403839,CVB45.BC,2025-11-11,Reparado / Garantía Lab,1,1,4.0,1605,0
7403840,CVB45.BC,2025-04-14,Reparado / Garantía Lab,0,0,0.0,0,1
7403840,CVB45.BC,2025-04-16,Reparado / Garantía Lab,1,1,2.0,2,0
7403841,CVB45.BC,2023-05-25,Reparado,0,0,0.0,0,0
7403841,CVB45.BC,2024-09-30,Reparado,0,0,494.0,494,1
7403841,CVB45.BC,2024-10-21,Reparado / Garantía Lab,1,1,21.0,515,0
7403841,CVB45.BC,2024-12-18,Reparado / Garantía Lab,2,2,58.0,573,0
7403841,CVB45.BC,2025-08-21,Reparado / Garantía Lab,0,3,246.0,819,1
7403841,CVB45.BC,2025-08-25,Reparado / Garantía Lab,1,4,4.0,823,0
7403842,CVB45.BC,2022-10-22,Reparado,0,0,0.0,0,0
7403842,CVB45.BC,2022-11-23,Reparado / Garantía Lab,1,1,32.0,32,0
7403843,CVB45.BC,2022-12-05,Reparado,0,0,0.0,0,0
7403844,CVB45.BC,2021-02-10,Reparado,0,0,0.0,0,0
7403844,CVB45.BC,2025-10-15,Reparado / Garantía Lab,0,0,1708.0,1708,0
7403845,CVB45.BC,2021-09-01,Reparado,0,0,0.0,0,0
7403845,CVB45.BC,2022-04-01,Reparado / Garantía Lab,0,1,212.0,212,0
7403847,CVB45.BC,2021-04-10,Reparado,0,0,0.0,0,0
7403848,CVB45.BC,2020-09-15,Reparado,0,0,0.0,0,0
7403848,CVB45.BC,2021-01-07,Reparado / Garantía Lab,1,1,114.0,114,0
7403848,CVB45.BC,2023-11-06,Reparado / Garantía Lab,0,0,1033.0,1147,0
7403849,CVB45.BC,2021-11-25,Reparado,0,0,0.0,0,0
7403849,CVB45.BC,2022-01-03,Reparado / Garantía Lab,1,1,39.0,39,0
7403849,CVB45.BC,2024-10-08,POD Reparado,0,0,1009.0,1048,0
7403849,CVB45.BC,2025-10-27,Reparado / Garantía Lab,0,0,384.0,1432,0
7403850,CVB45.BC,2022-11-19,Reparado,0,0,0.0,0,0
7403851,CVB45.BC,2021-12-31,Reparado,0,0,0.0,0,0
7403854,CVB45.BC,2020-11-27,Reparado,0,0,0.0,0,0
7403854,CVB45.BC,2023-05-27,Reparado / Garantía Lab,0,0,911.0,911,0
7403854,CVB45.BC,2025-08-21,Reparado / Garantía Lab,0,0,817.0,1728,0
7403855,CVB45.BC,2021-09-22,Reparado,0,0,0.0,0,1
7403855,CVB45.BC,2021-10-13,Reparado / Garantía Lab,1,1,21.0,21,0
7403855,CVB45.BC,2021-11-14,Reparado / Garantía Lab,2,2,32.0,53,0
7403855,CVB45.BC,2023-02-08,Reparado / Garantía Lab,0,0,451.0,504,0
7403855,CVB45.BC,2025-04-29,Reparado / Garantía Lab,0,0,811.0,1315,0
7403855,CVB45.BC,2025-07-24,Reparado / Garantía Lab,1,1,86.0,1401,0
7403856,CVB45.BC,2021-08-10,Reparado,0,0,0.0,0,0
7403856,CVB45.BC,2023-10-30,Reparado / Garantía Lab,0,0,811.0,811,0
7403857,CVB45.BC,2023-09-28,Reparado,0,0,0.0,0,0
7403857,CVB45.BC,2024-11-08,Reparado / Garantía Lab,0,0,407.0,407,0
7403857,CVB45.BC,2025-03-06,Reparado / Garantía Lab,1,1,118.0,525,1
7403857,CVB45.BC,2025-03-18,Reparado / Garantía Lab,2,2,12.0,537,1
7403857,CVB45.BC,2025-03-20,Reparado / Garantía Lab,3,3,2.0,539,1
7403857,CVB45.BC,2025-04-10,Reparado / Garantía Lab,4,4,21.0,560,1
7403857,CVB45.BC,2025-04-14,Reparado / Garantía Lab,5,5,4.0,564,1
7403857,CVB45.BC,2025-04-23,Reparado / Garantía Lab,6,6,9.0,573,1
7403857,CVB45.BC,2025-04-28,Reparado / Garantía Lab,7,7,5.0,578,1
7403857,CVB45.BC,2025-04-30,Reparado / Garantía Lab,8,8,2.0,580,0
7403858,CVB45.BC,2022-10-22,Reparado,0,0,0.0,0,0
7403859,CVB45.BC,2021-02-11,Reparado,0,0,0.0,0,0
7403859,CVB45.BC,2023-10-27,Reparado / Garantía Lab,0,0,988.0,988,0
7403859,CVB45.BC,2025-05-28,Reparado / Garantía Lab,0,0,579.0,1567,1
7403859,CVB45.BC,2025-06-02,Reparado / Garantía Lab,1,1,5.0,1572,0
7403859,CVB45.BC,2025-12-02,Reparado / Garantía Lab,0,2,183.0,1755,0
7403862,CVB45.BC,2022-09-12,Reparado,0,0,0.0,0,0
7403864,CVB45.BC,2021-10-01,Reparado,0,0,0.0,0,0
7403865,CVB45.BC,2021-04-23,Reparado,0,0,0.0,0,1
7403865,CVB45.BC,2021-05-19,Reparado / Garantía Lab,1,1,26.0,26,0
7403865,CVB45.BC,2022-07-04,Reparado / Garantía Lab,0,0,411.0,437,0
7403866,CVB45.BC,2021-11-27,Reparado,0,0,0.0,0,0
7403867,CVB45.BC,2025-12-02,Reparado / Garantía Lab,0,0,0.0,0,0
7403868,CVB45.BC,2021-02-12,Reparado,0,0,0.0,0,0
7403868,CVB45.BC,2024-06-01,Reparado / Garantía Lab,0,0,1205.0,1205,0
7403869,CVB45.BC,2021-04-01,Reparado,0,0,0.0,0,0
7403869,CVB45.BC,2021-06-29,Reparado,1,1,89.0,89,1
7403869,CVB45.BC,2021-07-29,Reparado / Garantía Lab,2,2,30.0,119,0
7403869,CVB45.BC,2022-05-25,Reparado / Garantía Lab,0,2,300.0,419,0
7403869,CVB45.BC,2022-07-12,Reparado / Garantía Lab,1,2,48.0,467,1
7403869,CVB45.BC,2022-08-09,Reparado / Garantía Lab,2,2,28.0,495,0
7403869,CVB45.BC,2023-05-31,Reparado / Garantía Lab,0,2,295.0,790,0
7403869,CVB45.BC,2023-12-29,Reparado / Garantía Lab,0,1,212.0,1002,0
7403869,CVB45.BC,2024-09-26,Reparado / Garantía Lab,0,1,272.0,1274,0
7403870,CVB45.BC,2021-01-27,Reparado,0,0,0.0,0,0
7403870,CVB45.BC,2025-08-07,Reparado / Garantía Lab,0,0,1653.0,1653,0
7403871,CVB45.BC,2021-07-03,Reparado,0,0,0.0,0,0
7403872,CVB45.BC,2023-10-05,Reparado,0,0,0.0,0,0
7403872,CVB45.BC,2025-12-02,Reparado / Garantía Lab,0,0,789.0,789,1
7403872,CVB45.BC,2025-12-05,Proceso,1,1,3.0,792,0
7403874,CVB45.BC,2021-12-24,Reparado / Garantía Lab,0,0,0.0,0,0
7403874,CVB45.BC,2024-04-26,Reparado / Garantía Lab,0,0,854.0,854,0
7403877,CVB45.BC,2020-07-29,Reparado,0,0,0.0,0,0
7403877,CVB45.BC,2021-01-22,Reparado,1,1,177.0,177,1
7403877,CVB45.BC,2021-01-28,Reparado / Garantía Lab,1,2,6.0,183,0
7403877,CVB45.BC,2022-06-05,Reparado / Garantía Lab,0,0,493.0,676,0
7403878,CVB45.BC,2025-05-08,Reparado / Garantía Lab,0,0,0.0,0,1
7403878,CVB45.BC,2025-05-19,Reparado / Garantía Lab,1,1,11.0,11,0
7403878,CVB45.BC,2025-10-09,Reparado / Garantía Lab,2,2,143.0,154,1
7403878,CVB45.BC,2025-10-29,Reparado / Garantía Lab,3,3,20.0,174,0
7403879,CVB45.BC,2021-01-18,Reparado,0,0,0.0,0,0
7403880,CVB45.BC,2021-11-13,Reparado,0,0,0.0,0,0
7403880,CVB45.BC,2022-05-29,Reparado / Garantía Lab,0,1,197.0,197,0
7403880,CVB45.BC,2024-11-15,Reparado / Garantía Lab,0,0,901.0,1098,0
7403881,CVB45.BC,2024-12-06,Reparado,0,0,0.0,0,0
7403881,CVB45.BC,2025-11-25,Reparado / Garantía Lab,0,1,354.0,354,0
7403882,CVB45.BC,2023-10-18,Reparado,0,0,0.0,0,0
7403883,CVB45.BC,2022-11-21,Reparado,0,0,0.0,0,0
7403883,CVB45.BC,2024-06-27,Reparado / Garantía Lab,0,0,584.0,584,0
7403884,CVB45.BC,2023-07-03,Reparado,0,0,0.0,0,0
7403884,CVB45.BC,2024-08-20,Reparado / Garantía Lab,0,0,414.0,414,0
7403885,CVB45.BC,2022-04-08,Reparado,0,0,0.0,0,0
7403887,CVB45.BC,2020-12-15,Reparado,0,0,0.0,0,0
7403887,CVB45.BC,2022-06-18,Reparado / Garantía Lab,0,0,550.0,550,1
7403887,CVB45.BC,2022-06-24,Reparado / Garantía Lab,1,1,6.0,556,0
7403888,CVB45.BC,2024-01-08,Reparado,0,0,0.0,0,0
7403889,CVB45.BC,2020-08-19,Reparado,0,0,0.0,0,0
7403889,CVB45.BC,2021-12-01,Reparado,0,0,469.0,469,0
7403891,CVB45.BC,2021-08-05,Reparado,0,0,0.0,0,0
7403891,CVB45.BC,2025-08-22,Reparado / Garantía Lab,0,0,1478.0,1478,0
7403892,CVB45.BC,2025-03-17,Reparado / Garantía Lab,0,0,0.0,0,1
7403892,CVB45.BC,2025-03-20,Reparado / Garantía Lab,1,1,3.0,3,1
7403892,CVB45.BC,2025-03-26,Reparado / Garantía Lab,2,2,6.0,9,0
7403893,CVB45.BC,2023-10-14,Reparado,0,0,0.0,0,0
7403893,CVB45.BC,2025-08-11,Reparado / Garantía Lab,0,0,667.0,667,0
7403893,CVB45.BC,2025-09-15,Reparado / Garantía Lab,1,1,35.0,702,0
7403894,CVB45.BC,2021-07-22,Reparado,0,0,0.0,0,0
7403895,CVB45.BC,2024-01-02,POD Reparado,0,0,0.0,0,0
7403897,CVB45.BC,2023-10-16,Reparado,0,0,0.0,0,0
7403899,CVB45.BC,2024-12-02,Reparado / Garantía Lab,0,0,0.0,0,1
7403899,CVB45.BC,2024-12-17,Reparado / Garantía Lab,1,1,15.0,15,0
7403899,CVB45.BC,2025-09-25,Reparado / Garantía Lab,0,2,282.0,297,1
7403899,CVB45.BC,2025-10-01,Reparado / Garantía Lab,1,3,6.0,303,0
7403901,CVB45.BC,2021-02-01,Reparado,0,0,0.0,0,0
7403901,CVB45.BC,2022-05-21,Reparado,0,0,474.0,474,0
7403903,CVB45.BC,2021-04-28,Reparado,0,0,0.0,0,0
7403903,CVB45.BC,2021-06-16,Reparado / Garantía Lab,1,1,49.0,49,0
7403903,CVB45.BC,2021-10-12,Reparado / Garantía Lab,2,2,118.0,167,0
7403903,CVB45.BC,2023-10-04,Reparado / Garantía Lab,0,0,722.0,889,0
7403903,CVB45.BC,2025-07-18,Reparado / Garantía Lab,0,0,653.0,1542,1
7403903,CVB45.BC,2025-07-23,Reparado / Garantía Lab,1,1,5.0,1547,0
7403903,CVB45.BC,2025-10-27,Reparado / Garantía Lab,2,2,96.0,1643,0
7403904,CVB45.BC,2022-12-21,Reparado,0,0,0.0,0,0
7403905,CVB45.BC,2023-05-17,Reparado,0,0,0.0,0,0
7403906,CVB45.BC,2021-03-09,Reparado,0,0,0.0,0,0
7403906,CVB45.BC,2022-04-07,Reparado / Garantía Lab,0,0,394.0,394,0
7403907,CVB45.BC,2024-10-25,Reparado,0,0,0.0,0,0
7403908,CVB45.BC,2023-11-27,Reparado / Garantía Lab,0,0,0.0,0,1
7403908,CVB45.BC,2023-11-30,Reparado / Garantía Lab,1,1,3.0,3,0
7403909,CVB45.BC,2025-07-02,Reparado / Garantía Lab,0,0,0.0,0,1
7403909,CVB45.BC,2025-07-07,Reparado / Garantía Lab,1,1,5.0,5,1
7403909,CVB45.BC,2025-07-10,Reparado / Garantía Lab,2,2,3.0,8,0
7403910,CVB45.BC,2025-10-20,Reparado,0,0,0.0,0,0
7403911,CVB45.BC,2023-07-04,Reparado,0,0,0.0,0,0
7403911,CVB45.BC,2025-08-13,Reparado / Garantía Lab,0,0,771.0,771,0
7403912,CVB45.BC,2025-09-09,Reparado,0,0,0.0,0,0
7403913,CVB45.BC,2023-10-19,Reparado,0,0,0.0,0,0
7403915,CVB45.BC,2023-01-16,Reparado,0,0,0.0,0,0
7403918,CVB45.BC,2024-02-21,Reparado,0,0,0.0,0,0
7403918,CVB45.BC,2025-06-06,Reparado / Garantía Lab,0,0,471.0,471,0
7403919,CVB45.BC,2024-03-22,Reparado / Garantía Lab,0,0,0.0,0,1
7403919,CVB45.BC,2024-04-10,Reparado / Garantía Lab,1,1,19.0,19,1
7403919,CVB45.BC,2024-04-17,Reparado / Garantía Lab,2,2,7.0,26,1
7403919,CVB45.BC,2024-04-22,Reparado / Garantía Lab,3,3,5.0,31,1
7403919,CVB45.BC,2024-04-24,Reparado / Garantía Lab,4,4,2.0,33,1
7403919,CVB45.BC,2024-04-29,Reparado / Garantía Lab,5,5,5.0,38,0
7403920,CVB45.BC,2022-10-18,Reparado,0,0,0.0,0,0
7403921,CVB45.BC,2023-09-26,Reparado,0,0,0.0,0,0
7403922,CVB45.BC,2022-02-23,Reparado,0,0,0.0,0,0
7403923,CVB45.BC,2021-08-09,Reparado,0,0,0.0,0,0
7403923,CVB45.BC,2022-10-17,Reparado / Garantía Lab,0,0,434.0,434,0
7403924,CVB45.BC,2023-11-21,Reparado,0,0,0.0,0,0
7403925,CVB45.BC,2024-09-30,Reparado,0,0,0.0,0,0
7403926,CVB45.BC,2021-08-16,Reparado,0,0,0.0,0,1
7403926,CVB45.BC,2021-08-30,Reparado / Garantía Lab,1,1,14.0,14,0
7403928,CVB45.BC,2021-06-26,Reparado,0,0,0.0,0,0
7403928,CVB45.BC,2021-10-13,Reparado / Garantía Lab,1,1,109.0,109,0
7403928,CVB45.BC,2025-08-14,Reparado / Garantía Lab,0,0,1401.0,1510,0
7403929,CVB45.BC,2021-01-12,Reparado / Garantía Lab,0,0,0.0,0,0
7403929,CVB45.BC,2021-08-30,Reparado / Garantía Lab,0,1,230.0,230,0
7403930,CVB45.BC,2022-09-09,Reparado,0,0,0.0,0,1
7403930,CVB45.BC,2022-09-14,Reparado / Garantía Lab,1,1,5.0,5,0
7403931,CVB45.BC,2023-09-28,Reparado,0,0,0.0,0,0
7403932,CVB45.BC,2022-08-08,Reparado,0,0,0.0,0,0
7403933,CVB45.BC,2022-11-05,Reparado,0,0,0.0,0,0
7403933,CVB45.BC,2025-04-29,Reparado / Garantía Lab,0,0,906.0,906,0
7403934,CVB45.BC,2021-08-10,Reparado,0,0,0.0,0,0
7403934,CVB45.BC,2022-11-08,Reparado / Garantía Lab,0,0,455.0,455,0
7403934,CVB45.BC,2024-02-12,Reparado / Garantía Lab,0,0,461.0,916,0
7403937,CVB45.BC,2021-02-24,Reparado,0,0,0.0,0,0
7403938,CVB45.BC,2024-04-17,Reparado,0,0,0.0,0,0
7403940,CVB45.BC,2022-07-14,Reparado,0,0,0.0,0,0
7403940,CVB45.BC,2024-10-01,Reparado / Garantía Lab,0,0,810.0,810,0
7403940,CVB45.BC,2025-08-19,Reparado / Garantía Lab,0,1,322.0,1132,0
7403943,CVB45.BC,2023-05-29,Reparado,0,0,0.0,0,0
7403943,CVB45.BC,2025-11-26,Reparado / Garantía Lab,0,0,912.0,912,0
7403944,CVB45.BC,2023-06-17,Reparado,0,0,0.0,0,0
7403944,CVB45.BC,2024-06-17,Reparado / Garantía Lab,0,0,366.0,366,0
7403944,CVB45.BC,2025-09-16,Reparado / Garantía Lab,0,0,456.0,822,0
7403945,CVB45.BC,2025-01-13,Reparado,0,0,0.0,0,1
7403945,CVB45.BC,2025-02-10,Reparado / Garantía Lab,1,1,28.0,28,1
7403945,CVB45.BC,2025-02-14,Reparado / Garantía Lab,2,2,4.0,32,0
7403945,CVB45.BC,2025-09-15,Reparado / Garantía Lab,0,3,213.0,245,0
7403946,CVB45.BC,2023-05-22,Reparado,0,0,0.0,0,0
7403949,CVB45.BC,2022-06-01,Reparado,0,0,0.0,0,0
7403951,CVB45.BC,2023-07-06,Reparado,0,0,0.0,0,0
7403952,CVB45.BC,2023-05-29,Reparado,0,0,0.0,0,0
7403953,CVB45.BC,2023-09-27,Reparado,0,0,0.0,0,0
7403954,CVB45.BC,2022-09-02,Reparado,0,0,0.0,0,0
7403956,CVB45.BC,2025-06-04,Reparado,0,0,0.0,0,0
7403958,CVB45.BC,2025-08-25,Reparado,0,0,0.0,0,0
7403960,CVB45.BC,2020-12-04,Reparado,0,0,0.0,0,1
7403960,CVB45.BC,2020-12-21,Reparado,1,1,17.0,17,0
7403960,CVB45.BC,2022-08-05,POD Reparado,0,0,592.0,609,0
7403961,CVB45.BC,2023-08-31,Reparado,0,0,0.0,0,0
7403961,CVB45.BC,2024-10-02,Reparado / Garantía Lab,0,0,398.0,398,0
7403962,CVB45.BC,2025-06-23,Reparado,0,0,0.0,0,0
7403963,CVB45.BC,2021-10-13,Reparado,0,0,0.0,0,0
7403964,CVB45.BC,2021-10-13,Reparado,0,0,0.0,0,0
7403964,CVB45.BC,2021-12-03,Reparado / Garantía Lab,1,1,51.0,51,0
7403964,CVB45.BC,2022-09-22,Reparado / Garantía Lab,0,2,293.0,344,1
7403964,CVB45.BC,2022-09-29,Reparado / Garantía Lab,1,3,7.0,351,0
7403965,CVB45.BC,2022-08-01,Reparado,0,0,0.0,0,0
7403965,CVB45.BC,2023-08-17,Reparado / Garantía Lab,0,0,381.0,381,0
7403965,CVB45.BC,2025-10-27,Reparado / Garantía Lab,0,0,802.0,1183,0
7403966,CVB45.BC,2021-02-12,Reparado,0,0,0.0,0,0
7403966,CVB45.BC,2025-10-15,Reparado / Garantía Lab,0,0,1706.0,1706,0
7403967,CVB45.BC,2022-02-17,Reparado,0,0,0.0,0,0
7403967,CVB45.BC,2025-09-23,Reparado / Garantía Lab,0,0,1314.0,1314,0
7403967,CVB45.BC,2025-11-07,Reparado / Garantía Lab,1,1,45.0,1359,1
7403967,CVB45.BC,2025-11-12,Reparado / Garantía Lab,2,2,5.0,1364,0
7403968,CVB45.BC,2023-08-01,Reparado / Garantía Lab,0,0,0.0,0,1
7403968,CVB45.BC,2023-08-07,Reparado / Garantía Lab,1,1,6.0,6,0
7403969,CVB45.BC,2023-08-22,POD Reparado,0,0,0.0,0,0
7403970,CVB45.BC,2024-06-01,Reparado,0,0,0.0,0,0
7403972,CVB45.BC,2021-12-21,Reparado,0,0,0.0,0,0
7403973,CVB45.BC,2021-12-30,Reparado,0,0,0.0,0,1
7403973,CVB45.BC,2022-01-19,Reparado / Garantía Lab,1,1,20.0,20,0
7403973,CVB45.BC,2025-05-06,Reparado / Garantía Lab,0,0,1203.0,1223,0
7403974,CVB45.BC,2025-10-15,Reparado,0,0,0.0,0,0
7403975,CVB45.BC,2022-08-17,Reparado,0,0,0.0,0,0
7403975,CVB45.BC,2023-08-30,Reparado / Garantía Lab,0,0,378.0,378,0
7403977,CVB45.BC,2022-07-18,Reparado,0,0,0.0,0,0
7403977,CVB45.BC,2023-10-21,Reparado / Garantía Lab,0,0,460.0,460,0
7403977,CVB45.BC,2024-07-01,Reparado / Garantía Lab,0,1,254.0,714,0
7403978,CVB45.BC,2022-06-15,Reparado,0,0,0.0,0,0
7403978,CVB45.BC,2025-04-17,Reparado / Garantía Lab,0,0,1037.0,1037,0
7403979,CVB45.BC,2021-01-29,Reparado,0,0,0.0,0,0
7403980,CVB45.BC,2022-01-26,Reparado,0,0,0.0,0,0
7403981,CVB45.BC,2021-02-16,Reparado,0,0,0.0,0,0
7403981,CVB45.BC,2021-11-05,Reparado,0,1,262.0,262,0
7403982,CVB45.BC,2022-09-06,Reparado,0,0,0.0,0,0
7403982,CVB45.BC,2023-01-10,Reparado / Garantía Lab,1,1,126.0,126,0
7403984,CVB45.BC,2021-11-04,Reparado,0,0,0.0,0,0
7403984,CVB45.BC,2022-04-20,Reparado / Garantía Lab,1,1,167.0,167,1
7403984,CVB45.BC,2022-04-27,Reparado / Garantía Lab,2,2,7.0,174,0
7403984,CVB45.BC,2023-07-11,POD Reparado,0,0,440.0,614,1
7403984,CVB45.BC,2023-08-08,Reparado / Garantía Lab,1,1,28.0,642,0
7403985,CVB45.BC,2021-03-11,Reparado,0,0,0.0,0,1
7403985,CVB45.BC,2021-03-17,Reparado / Garantía Lab,1,1,6.0,6,1
7403985,CVB45.BC,2021-04-07,Reparado / Garantía Lab,2,2,21.0,27,0
7403985,CVB45.BC,2022-01-19,Reparado / Garantía Lab,0,3,287.0,314,0
7403985,CVB45.BC,2022-04-05,Reparado / Garantía Lab,1,2,76.0,390,0
7403985,CVB45.BC,2022-08-03,Reparado / Garantía Lab,1,2,120.0,510,0
7403985,CVB45.BC,2022-11-28,Reparado / Garantía Lab,1,3,117.0,627,0
7403985,CVB45.BC,2023-08-04,Reparado / Garantía Lab,0,1,249.0,876,0
7403985,CVB45.BC,2024-01-26,Reparado / Garantía Lab,1,1,175.0,1051,0
7403985,CVB45.BC,2024-02-29,Reparado / Garantía Lab,1,2,34.0,1085,1
7403985,CVB45.BC,2024-03-05,Reparado / Garantía Lab,2,3,5.0,1090,0
7403986,CVB45.BC,2025-08-26,Reparado / Garantía Lab,0,0,0.0,0,1
7403986,CVB45.BC,2025-09-01,Reparado / Garantía Lab,1,1,6.0,6,0
7403987,CVB45.BC,2021-03-03,Reparado,0,0,0.0,0,1
7403987,CVB45.BC,2021-03-11,Reparado / Garantía Lab,1,1,8.0,8,1
7403987,CVB45.BC,2021-03-17,Reparado / Garantía Lab,2,2,6.0,14,1
7403987,CVB45.BC,2021-03-29,Reparado / Garantía Lab,3,3,12.0,26,1
7403987,CVB45.BC,2021-04-07,Reparado / Garantía Lab,4,4,9.0,35,0
7403991,CVB45.BC,2023-01-12,Reparado,0,0,0.0,0,0
7403991,CVB45.BC,2023-11-14,Reparado / Garantía Lab,0,1,306.0,306,0
7403991,CVB45.BC,2024-12-16,POD Reparado,0,0,398.0,704,0
7403992,CVB45.BC,2021-05-10,Reparado,0,0,0.0,0,0
7403992,CVB45.BC,2022-08-26,POD Reparado,0,0,473.0,473,0
7403993,CVB45.BC,2023-10-31,Reparado,0,0,0.0,0,0
7403993,CVB45.BC,2024-09-16,Reparado / Garantía Lab,0,1,321.0,321,0
7403995,CVB45.BC,2023-11-30,Reparado / Garantía Lab,0,0,0.0,0,1
7403995,CVB45.BC,2023-12-05,Reparado / Garantía Lab,1,1,5.0,5,1
7403995,CVB45.BC,2023-12-08,Reparado / Garantía Lab,2,2,3.0,8,1
7403995,CVB45.BC,2023-12-14,Reparado / Garantía Lab,3,3,6.0,14,1
7403995,CVB45.BC,2023-12-18,Reparado / Garantía Lab,4,4,4.0,18,1
7403995,CVB45.BC,2023-12-22,Reparado / Garantía Lab,5,5,4.0,22,0
7403995,CVB45.BC,2024-05-08,Reparado / Garantía Lab,6,6,138.0,160,0
7403996,CVB45.BC,2022-01-17,Reparado,0,0,0.0,0,0
7403997,CVB45.BC,2021-02-24,Reparado,0,0,0.0,0,0
7403998,CVB45.BC,2025-02-12,Reparado,0,0,0.0,0,0
7404001,CVB45.BC,2023-09-27,Reparado,0,0,0.0,0,0
7404003,CVB45.BC,2022-05-27,Reparado,0,0,0.0,0,0
7404003,CVB45.BC,2024-01-24,Reparado / Garantía Lab,0,0,607.0,607,0
7404004,CVB45.BC,2025-06-10,Reparado,0,0,0.0,0,0
7404004,CVB45.BC,2025-09-30,Reparado / Garantía Lab,1,1,112.0,112,0
7404004,CVB45.BC,2025-11-17,Reparado / Garantía Lab,2,2,48.0,160,1
7404004,CVB45.BC,2025-11-24,Reparado / Garantía Lab,3,3,7.0,167,1
7404004,CVB45.BC,2025-11-26,Reparado / Garantía Lab,4,4,2.0,169,0
7404006,CVB45.BC,2022-04-02,Reparado,0,0,0.0,0,0
7404006,CVB45.BC,2024-06-01,Reparado / Garantía Lab,0,0,791.0,791,0
7404007,CVB45.BC,2024-11-15,Reparado,0,0,0.0,0,0
7404007,CVB45.BC,2025-08-29,Reparado / Garantía Lab,0,1,287.0,287,0
7404008,CVB45.BC,2021-10-15,Reparado,0,0,0.0,0,0
7404008,CVB45.BC,2022-06-14,Reparado / Garantía Lab,0,1,242.0,242,0
7404009,CVB45.BC,2021-07-28,Reparado,0,0,0.0,0,0
7404009,CVB45.BC,2023-02-17,Reparado / Garantía Lab,0,0,569.0,569,0
7404010,CVB45.BC,2025-07-28,Reparado,0,0,0.0,0,1
7404010,CVB45.BC,2025-08-14,Reparado / Garantía Lab,1,1,17.0,17,0
7404011,CVB45.BC,2022-03-27,Reparado,0,0,0.0,0,0
7404011,CVB45.BC,2022-06-11,Reparado / Garantía Lab,1,1,76.0,76,0
7404011,CVB45.BC,2024-03-28,Reparado / Garantía Lab,0,0,656.0,732,1
7404011,CVB45.BC,2024-04-12,Reparado / Garantía Lab,1,1,15.0,747,0
7404012,CVB45.BC,2021-11-11,Reparado,0,0,0.0,0,0
7404013,CVB45.BC,2021-09-21,Reparado,0,0,0.0,0,0
7404013,CVB45.BC,2021-11-17,Reparado / Garantía Lab,1,1,57.0,57,0
7404013,CVB45.BC,2022-06-23,Reparado / Garantía Lab,0,2,218.0,275,0
7404013,CVB45.BC,2025-10-07,Reparado / Garantía Lab,0,0,1202.0,1477,1
7404013,CVB45.BC,2025-10-10,Reparado / Garantía Lab,1,1,3.0,1480,0
7404015,CVB45.BC,2021-12-06,Reparado,0,0,0.0,0,0
7404015,CVB45.BC,2024-08-29,Reparado / Garantía Lab,0,0,997.0,997,0
7404016,CVB45.BC,2020-11-27,Reparado,0,0,0.0,0,0
7404016,CVB45.BC,2021-04-28,Reparado / Garantía Lab,1,1,152.0,152,1
7404016,CVB45.BC,2021-05-12,Reparado / Garantía Lab,2,2,14.0,166,0
7404016,CVB45.BC,2022-06-11,Reparado / Garantía Lab,0,0,395.0,561,0
7404016,CVB45.BC,2023-01-05,Reparado / Garantía Lab,0,1,208.0,769,0
7404016,CVB45.BC,2023-09-28,Reparado / Garantía Lab,0,1,266.0,1035,0
7404016,CVB45.BC,2025-05-20,Reparado / Garantía Lab,0,0,600.0,1635,1
7404016,CVB45.BC,2025-06-05,Reparado / Garantía Lab,1,1,16.0,1651,0
7404016,CVB45.BC,2025-07-11,Reparado / Garantía Lab,2,2,36.0,1687,0
7404016,CVB45.BC,2025-10-02,Reparado / Garantía Lab,3,3,83.0,1770,0
7404019,CVB45.BC,2021-01-27,Reparado,0,0,0.0,0,0
7404020,CVB45.BC,2021-02-10,Reparado,0,0,0.0,0,0
7404020,CVB45.BC,2023-07-06,Reparado / Garantía Lab,0,0,876.0,876,0
7404021,CVB45.BC,2021-06-02,Reparado,0,0,0.0,0,0
7404021,CVB45.BC,2021-07-09,Reparado,1,1,37.0,37,0
7404021,CVB45.BC,2021-10-14,Reparado / Garantía Lab,2,2,97.0,134,0
7404021,CVB45.BC,2022-03-11,Reparado / Garantía Lab,1,3,148.0,282,1
7404021,CVB45.BC,2022-03-27,Reparado / Garantía Lab,2,4,16.0,298,0
7404021,CVB45.BC,2022-06-08,Reparado / Garantía Lab,2,4,73.0,371,0
7404021,CVB45.BC,2023-05-18,Reparado / Garantía Lab,0,1,344.0,715,0
7404021,CVB45.BC,2023-12-26,Reparado / Garantía Lab,0,1,222.0,937,0
7404021,CVB45.BC,2024-12-18,POD Reparado,0,1,358.0,1295,0
7404021,CVB45.BC,2025-05-09,Reparado / Garantía Lab,1,1,142.0,1437,0
7404022,CVB45.BC,2021-02-25,Reparado,0,0,0.0,0,0
7404022,CVB45.BC,2022-08-04,Reparado / Garantía Lab,0,0,525.0,525,0
7404022,CVB45.BC,2022-10-21,Reparado / Garantía Lab,1,1,78.0,603,0
7404022,CVB45.BC,2023-09-01,Reparado / Garantía Lab,0,1,315.0,918,0
7404023,CVB45.BC,2022-06-22,Reparado,0,0,0.0,0,0
7404023,CVB45.BC,2022-10-12,Reparado / Garantía Lab,1,1,112.0,112,0
7404023,CVB45.BC,2025-01-13,Reparado / Garantía Lab,0,0,824.0,936,0
7404023,CVB45.BC,2025-06-03,Reparado / Garantía Lab,1,1,141.0,1077,1
7404023,CVB45.BC,2025-07-03,Reparado / Garantía Lab,2,2,30.0,1107,1
7404023,CVB45.BC,2025-07-08,Reparado / Garantía Lab,3,3,5.0,1112,0
7404024,CVB45.BC,2024-12-18,Reparado,0,0,0.0,0,1
7404024,CVB45.BC,2025-01-16,Reparado / Garantía Lab,1,1,29.0,29,0
7404024,CVB45.BC,2025-03-17,Reparado / Garantía Lab,2,2,60.0,89,1
7404024,CVB45.BC,2025-04-14,Reparado / Garantía Lab,3,3,28.0,117,0
7404025,CVB45.BC,2021-07-01,Reparado,0,0,0.0,0,0
7404025,CVB45.BC,2021-08-17,Reparado / Garantía Lab,1,1,47.0,47,0
7404025,CVB45.BC,2022-10-10,Reparado / Garantía Lab,0,0,419.0,466,0
7404026,CVB45.BC,2021-11-08,Reparado,0,0,0.0,0,0
7404027,CVB45.BC,2023-10-04,Reparado,0,0,0.0,0,0
7404027,CVB45.BC,2024-10-01,Reparado / Garantía Lab,0,1,363.0,363,0
7404029,CVB45.BC,2022-10-22,Reparado,0,0,0.0,0,0
7404029,CVB45.BC,2022-11-23,Reparado / Garantía Lab,1,1,32.0,32,0
7404030,CVB45.BC,2021-05-19,Reparado,0,0,0.0,0,0
7404032,CVB45.BC,2023-05-23,Reparado,0,0,0.0,0,0
7404032,CVB45.BC,2024-06-11,Reparado / Garantía Lab,0,0,385.0,385,0
7404033,CVB45.BC,2024-10-17,Reparado,0,0,0.0,0,0
7404033,CVB45.BC,2024-12-18,Reparado / Garantía Lab,1,1,62.0,62,0
7404034,CVB45.BC,2023-09-08,Reparado,0,0,0.0,0,0
7404034,CVB45.BC,2025-09-26,Reparado / Garantía Lab,0,0,749.0,749,0
7404035,CVB45.BC,2023-10-20,Reparado,0,0,0.0,0,0
7404036,CVB45.BC,2021-08-07,Reparado,0,0,0.0,0,0
7404036,CVB45.BC,2022-08-26,POD Reparado,0,0,384.0,384,0
7404036,CVB45.BC,2024-09-13,Reparado / Garantía Lab,0,0,749.0,1133,0
7404037,CVB45.BC,2021-02-18,Reparado,0,0,0.0,0,0
7404037,CVB45.BC,2021-06-03,Reparado / Garantía Lab,1,1,105.0,105,0
7404037,CVB45.BC,2022-03-15,Reparado / Garantía Lab,0,1,285.0,390,0
7404037,CVB45.BC,2022-05-03,Reparado / Garantía Lab,1,2,49.0,439,0
7404037,CVB45.BC,2022-08-22,Reparado / Garantía Lab,2,2,111.0,550,0
7404038,CVB45.BC,2023-06-14,Reparado,0,0,0.0,0,0
7404039,CVB45.BC,2021-11-30,Reparado,0,0,0.0,0,0
7404039,CVB45.BC,2025-08-21,Reparado / Garantía Lab,0,0,1360.0,1360,1
7404039,CVB45.BC,2025-09-09,Reparado / Garantía Lab,1,1,19.0,1379,0
7404039,CVB45.BC,2025-11-25,Reparado / Garantía Lab,2,2,77.0,1456,0
7404040,CVB45.BC,2024-06-01,Reparado,0,0,0.0,0,0
7404040,CVB45.BC,2025-02-12,Reparado / Garantía Lab,0,1,256.0,256,0
7404040,CVB45.BC,2025-08-14,Reparado / Garantía Lab,0,1,183.0,439,0
7404041,CVB45.BC,2025-11-25,Reparado / Garantía Lab,0,0,0.0,0,0
7404044,CVB45.BC,2023-09-21,Reparado,0,0,0.0,0,0
7404044,CVB45.BC,2024-09-24,Reparado / Garantía Lab,0,0,369.0,369,0
7404046,CVB45.BC,2021-12-19,Reparado,0,0,0.0,0,0
7404047,CVB45.BC,2021-05-24,Reparado,0,0,0.0,0,0
7404050,CVB45.BC,2024-06-14,POD Reparado,0,0,0.0,0,0
7404050,CVB45.BC,2024-09-09,POD Reparado,1,1,87.0,87,0
7404053,CVB45.BC,2022-06-01,Reparado,0,0,0.0,0,0
7404055,CVB45.BC,2021-10-13,Reparado,0,0,0.0,0,0
7404055,CVB45.BC,2022-01-20,Reparado / Garantía Lab,1,1,99.0,99,0
7404057,CVB45.BC,2021-06-26,Reparado,0,0,0.0,0,0
7404057,CVB45.BC,2021-12-21,Reparado / Garantía Lab,1,1,178.0,178,0
7404057,CVB45.BC,2022-06-02,Reparado / Garantía Lab,1,2,163.0,341,0
7404057,CVB45.BC,2023-10-24,Reparado / Garantía Lab,0,0,509.0,850,0
7404059,CVB45.BC,2023-05-29,Reparado,0,0,0.0,0,0
7404059,CVB45.BC,2025-11-03,Reparado / Garantía Lab,0,0,889.0,889,1
7404059,CVB45.BC,2025-11-06,Reparado / Garantía Lab,1,1,3.0,892,0
7404060,CVB45.BC,2021-04-29,Reparado,0,0,0.0,0,0
7404061,CVB45.BC,2022-04-25,Reparado,0,0,0.0,0,0
7404061,CVB45.BC,2023-05-08,Reparado / Garantía Lab,0,0,378.0,378,0
7404061,CVB45.BC,2023-07-10,Reparado / Garantía Lab,1,1,63.0,441,0
7404061,CVB45.BC,2023-11-07,Reparado / Garantía Lab,1,2,120.0,561,1
7404061,CVB45.BC,2023-11-16,Reparado / Garantía Lab,2,3,9.0,570,0
7404061,CVB45.BC,2025-12-02,Reparado / Garantía Lab,0,0,747.0,1317,0
7404062,CVB45.BC,2021-07-15,Reparado,0,0,0.0,0,0
7404064,CVB45.BC,2022-06-08,Reparado,0,0,0.0,0,0
7404066,CVB45.BC,2021-01-28,Reparado,0,0,0.0,0,0
7404066,CVB45.BC,2022-11-05,Reparado / Garantía Lab,0,0,646.0,646,1
7404066,CVB45.BC,2022-11-23,Reparado / Garantía Lab,1,1,18.0,664,0
7404066,CVB45.BC,2023-05-23,Reparado / Garantía Lab,0,2,181.0,845,0
7404066,CVB45.BC,2024-07-10,Reparado / Garantía Lab,0,0,414.0,1259,1
7404066,CVB45.BC,2024-08-08,Reparado / Garantía Lab,1,1,29.0,1288,1
7404066,CVB45.BC,2024-08-14,Reparado / Garantía Lab,2,2,6.0,1294,0
7404067,CVB45.BC,2021-02-11,Reparado,0,0,0.0,0,0
7404067,CVB45.BC,2021-03-17,Reparado,1,1,34.0,34,0
7404067,CVB45.BC,2021-11-23,Reparado / Garantía Lab,0,2,251.0,285,0
7404069,CVB45.BC,2020-12-23,Reparado,0,0,0.0,0,0
7404070,CVB45.BC,2023-05-16,Reparado,0,0,0.0,0,0
7404072,CVB45.BC,2025-01-13,Reparado / Garantía Lab,0,0,0.0,0,1
7404072,CVB45.BC,2025-01-15,Reparado / Garantía Lab,1,1,2.0,2,1
7404072,CVB45.BC,2025-01-20,Reparado / Garantía Lab,2,2,5.0,7,1
7404072,CVB45.BC,2025-01-28,Reparado / Garantía Lab,3,3,8.0,15,0
7404072,CVB45.BC,2025-03-28,Reparado / Garantía Lab,4,4,59.0,74,1
7404072,CVB45.BC,2025-04-09,Reparado / Garantía Lab,5,5,12.0,86,1
7404072,CVB45.BC,2025-04-11,Reparado / Garantía Lab,6,6,2.0,88,0
7404072,CVB45.BC,2025-07-29,Reparado / Garantía Lab,3,7,109.0,197,1
7404072,CVB45.BC,2025-07-31,Reparado / Garantía Lab,4,8,2.0,199,0
7404074,CVB45.BC,2025-03-07,Reparado,0,0,0.0,0,0
7404075,CVB45.BC,2021-02-25,Reparado,0,0,0.0,0,0
7404076,CVB45.BC,2021-11-29,Reparado,0,0,0.0,0,0
7404076,CVB45.BC,2025-02-24,Reparado / Garantía Lab,0,0,1183.0,1183,0
7404077,CVB45.BC,2024-04-01,Reparado,0,0,0.0,0,0
7404080,CVB45.BC,2021-02-10,Reparado,0,0,0.0,0,0
7404080,CVB45.BC,2023-07-27,Reparado / Garantía Lab,0,0,897.0,897,0
7404087,CVB45.BC,2021-12-22,Reparado,0,0,0.0,0,0
7404088,CVB45.BC,2023-06-06,Reparado,0,0,0.0,0,0
7404091,CVB45.BC,2024-01-07,Reparado,0,0,0.0,0,0
7404091,CVB45.BC,2024-08-30,Reparado / Garantía Lab,0,1,236.0,236,1
7404091,CVB45.BC,2024-09-05,Reparado / Garantía Lab,1,2,6.0,242,0
7404091,CVB45.BC,2025-01-13,Reparado / Garantía Lab,2,2,130.0,372,1
7404091,CVB45.BC,2025-01-15,Reparado / Garantía Lab,3,3,2.0,374,1
7404091,CVB45.BC,2025-02-07,Reparado / Garantía Lab,4,4,23.0,397,0
7404093,CVB45.BC,2022-07-18,Reparado,0,0,0.0,0,0
7404094,CVB45.BC,2021-04-27,Reparado,0,0,0.0,0,0
7404095,CVB45.BC,2023-10-31,Reparado,0,0,0.0,0,0
7404098,CVB45.BC,2023-12-22,Reparado,0,0,0.0,0,0
7404098,CVB45.BC,2025-10-20,Reparado / Garantía Lab,0,0,668.0,668,0
7404099,CVB45.BC,2022-08-04,Reparado,0,0,0.0,0,0
7404099,CVB45.BC,2022-10-20,Reparado / Garantía Lab,1,1,77.0,77,0
7404099,CVB45.BC,2022-11-23,Reparado / Garantía Lab,2,2,34.0,111,0
7404099,CVB45.BC,2023-01-16,Reparado / Garantía Lab,3,3,54.0,165,0
7404099,CVB45.BC,2024-11-08,Reparado / Garantía Lab,0,0,662.0,827,0
7404099,CVB45.BC,2025-03-24,Reparado / Garantía Lab,1,1,136.0,963,1
7404099,CVB45.BC,2025-03-26,Reparado / Garantía Lab,2,2,2.0,965,0
7404099,CVB45.BC,2025-08-08,Reparado / Garantía Lab,2,3,135.0,1100,1
7404099,CVB45.BC,2025-08-13,Reparado / Garantía Lab,3,4,5.0,1105,1
7404099,CVB45.BC,2025-08-19,Reparado / Garantía Lab,4,5,6.0,1111,1
7404099,CVB45.BC,2025-08-22,Reparado / Garantía Lab,5,6,3.0,1114,1
7404099,CVB45.BC,2025-08-28,Reparado / Garantía Lab,6,7,6.0,1120,0
7404099,CVB45.BC,2025-11-28,Reparado / Garantía Lab,5,7,92.0,1212,1
7404099,CVB45.BC,2025-12-02,Reparado / Garantía Lab,6,8,4.0,1216,0
7404100,CVB45.BC,2024-09-05,Reparado,0,0,0.0,0,0
7404101,CVB45.BC,2021-02-02,Reparado,0,0,0.0,0,0
7404105,CVB45.BC,2023-11-26,Reparado / Garantía Lab,0,0,0.0,0,1
7404105,CVB45.BC,2023-12-06,Reparado / Garantía Lab,1,1,10.0,10,1
7404105,CVB45.BC,2023-12-13,Reparado / Garantía Lab,2,2,7.0,17,1
7404105,CVB45.BC,2023-12-18,Reparado / Garantía Lab,3,3,5.0,22,1
7404105,CVB45.BC,2023-12-22,Reparado / Garantía Lab,4,4,4.0,26,1
7404105,CVB45.BC,2024-01-09,Reparado / Garantía Lab,5,5,18.0,44,1
7404105,CVB45.BC,2024-01-25,Reparado / Garantía Lab,6,6,16.0,60,0
7404105,CVB45.BC,2024-05-02,Reparado / Garantía Lab,7,7,98.0,158,1
7404105,CVB45.BC,2024-05-13,Reparado / Garantía Lab,8,8,11.0,169,1
7404105,CVB45.BC,2024-05-29,Reparado / Garantía Lab,8,9,16.0,185,1
7404105,CVB45.BC,2024-06-05,Reparado / Garantía Lab,8,10,7.0,192,0
7404105,CVB45.BC,2025-09-30,Reparado / Garantía Lab,0,0,482.0,674,1
7404105,CVB45.BC,2025-10-06,Reparado / Garantía Lab,1,1,6.0,680,0
7404106,CVB45.BC,2021-02-22,Reparado,0,0,0.0,0,0
7404106,CVB45.BC,2022-08-10,Reparado / Garantía Lab,0,0,534.0,534,0
7404107,CVB45.BC,2021-03-03,Reparado,0,0,0.0,0,0
7404108,CVB45.BC,2022-07-21,Reparado,0,0,0.0,0,0
7404108,CVB45.BC,2024-06-01,Reparado / Garantía Lab,0,0,681.0,681,0
7404109,CVB45.BC,2024-03-05,Reparado,0,0,0.0,0,0
7404110,CVB45.BC,2025-06-24,Reparado,0,0,0.0,0,0
7404112,CVB45.BC,2021-02-27,Reparado / Garantía Lab,0,0,0.0,0,1
7404112,CVB45.BC,2021-03-08,POD,1,1,9.0,9,0
7404112,CVB45.BC,2024-10-14,Reparado / Garantía Lab,0,0,1316.0,1325,0
7404112,CVB45.BC,2025-11-13,Reparado / Garantía Lab,0,0,395.0,1720,0
7404113,CVB45.BC,2022-10-22,Reparado,0,0,0.0,0,0
7404113,CVB45.BC,2022-11-25,Reparado / Garantía Lab,1,1,34.0,34,0
7404113,CVB45.BC,2025-09-25,Reparado / Garantía Lab,0,0,1035.0,1069,0
7404114,CVB45.BC,2022-04-05,Reparado,0,0,0.0,0,0
7404114,CVB45.BC,2025-09-16,Reparado / Garantía Lab,0,0,1260.0,1260,0
7404116,CVB45.BC,2023-08-26,Reparado,0,0,0.0,0,0
7404116,CVB45.BC,2024-08-26,Reparado / Garantía Lab,0,0,366.0,366,0
7404117,CVB45.BC,2024-09-11,Reparado,0,0,0.0,0,0
7404118,CVB45.BC,2023-10-13,Reparado,0,0,0.0,0,0
7404120,CVB45.BC,2025-07-29,POD Reparado,0,0,0.0,0,0
7404121,CVB45.BC,2023-11-11,Reparado,0,0,0.0,0,0
7404121,CVB45.BC,2024-08-12,Reparado / Garantía Lab,0,1,275.0,275,1
7404121,CVB45.BC,2024-08-14,Reparado / Garantía Lab,1,2,2.0,277,0
7404122,CVB45.BC,2021-07-20,Reparado,0,0,0.0,0,1
7404122,CVB45.BC,2021-07-21,Reparado / Garantía Lab,1,1,1.0,1,0
7404123,CVB45.BC,2020-12-23,Reparado / Garantía Lab,0,0,0.0,0,1
7404123,CVB45.BC,2021-01-12,Reparado / Garantía Lab,1,1,20.0,20,0
7404123,CVB45.BC,2021-04-09,Reparado / Garantía Lab,2,2,87.0,107,0
7404125,CVB45.BC,2023-01-17,Reparado,0,0,0.0,0,0
7404126,CVB45.BC,2022-12-03,Reparado,0,0,0.0,0,0
7404126,CVB45.BC,2025-09-09,Reparado / Garantía Lab,0,0,1011.0,1011,1
7404126,CVB45.BC,2025-09-12,Reparado / Garantía Lab,1,1,3.0,1014,0
7404127,CVB45.BC,2022-10-13,Reparado,0,0,0.0,0,0
7404127,CVB45.BC,2025-11-04,Reparado / Garantía Lab,0,0,1118.0,1118,0
7404128,CVB45.BC,2021-12-17,Reparado,0,0,0.0,0,1
7404128,CVB45.BC,2021-12-27,Reparado / Garantía Lab,1,1,10.0,10,1
7404128,CVB45.BC,2021-12-30,Reparado / Garantía Lab,2,2,3.0,13,1
7404128,CVB45.BC,2022-01-04,Reparado / Garantía Lab,3,3,5.0,18,0
7404128,CVB45.BC,2024-06-27,Reparado / Garantía Lab,0,0,905.0,923,0
7404129,CVB45.BC,2023-11-02,Reparado,0,0,0.0,0,0
7404130,CVB45.BC,2020-09-01,Reparado,0,0,0.0,0,0
7404130,CVB45.BC,2021-02-04,POD,1,1,156.0,156,0
7404132,CVB45.BC,2021-06-11,Reparado,0,0,0.0,0,0
7404132,CVB45.BC,2021-08-04,Reparado / Garantía Lab,1,1,54.0,54,0
7404132,CVB45.BC,2022-04-16,Reparado / Garantía Lab,0,2,255.0,309,0
7404132,CVB45.BC,2022-06-17,Reparado / Garantía Lab,1,2,62.0,371,0
7404132,CVB45.BC,2025-01-08,Reparado / Garantía Lab,0,0,936.0,1307,0
7404133,CVB45.BC,2022-10-22,Reparado,0,0,0.0,0,0
7404133,CVB45.BC,2022-11-25,Reparado / Garantía Lab,1,1,34.0,34,0
7404134,CVB45.BC,2024-09-02,Reparado,0,0,0.0,0,0
7404134,CVB45.BC,2025-09-12,Reparado / Garantía Lab,0,0,375.0,375,0
7404135,CVB45.BC,2020-08-06,Reparado / Garantía Lab,0,0,0.0,0,0
7404135,CVB45.BC,2021-01-12,Reparado / Garantía Lab,1,1,159.0,159,0
7404136,CVB45.BC,2024-05-24,Reparado,0,0,0.0,0,0
7404136,CVB45.BC,2025-11-13,Reparado / Garantía Lab,0,0,538.0,538,0
7404137,CVB45.BC,2023-08-25,Reparado,0,0,0.0,0,0
7404138,CVB45.BC,2024-09-30,Reparado / Garantía Lab,0,0,0.0,0,0
7404138,CVB45.BC,2025-02-26,Reparado / Garantía Lab,1,1,149.0,149,0
7404139,CVB45.BC,2021-10-19,Reparado,0,0,0.0,0,0
7404139,CVB45.BC,2022-03-09,Reparado / Garantía Lab,1,1,141.0,141,0
7404140,CVB45.BC,2022-09-09,Reparado,0,0,0.0,0,0
7404140,CVB45.BC,2025-07-18,Reparado / Garantía Lab,0,0,1043.0,1043,0
7404141,CVB45.BC,2020-09-11,Reparado,0,0,0.0,0,0
7404141,CVB45.BC,2020-12-11,Reparado / Garantía Lab,1,1,91.0,91,0
7404141,CVB45.BC,2021-01-12,Reparado / Garantía Lab,2,2,32.0,123,0
7404141,CVB45.BC,2021-06-01,Reparado / Garantía Lab,2,3,140.0,263,1
7404141,CVB45.BC,2021-06-09,Reparado,3,4,8.0,271,0
7404141,CVB45.BC,2021-07-20,Reparado / Garantía Lab,2,5,41.0,312,1
7404141,CVB45.BC,2021-08-06,Reparado / Garantía Lab,3,6,17.0,329,1
7404141,CVB45.BC,2021-08-19,Reparado / Garantía Lab,4,7,13.0,342,0
7404141,CVB45.BC,2024-06-01,Reparado / Garantía Lab,0,0,1017.0,1359,0
7404143,CVB45.BC,2023-09-07,Reparado,0,0,0.0,0,0
7404144,CVB45.BC,2024-03-28,Reparado,0,0,0.0,0,0
7404144,CVB45.BC,2025-07-11,Reparado / Garantía Lab,0,0,470.0,470,1
7404144,CVB45.BC,2025-07-18,Reparado / Garantía Lab,1,1,7.0,477,0
7404145,CVB45.BC,2024-02-26,Reparado,0,0,0.0,0,0
7404146,CVB45.BC,2022-01-29,POD Reparado,0,0,0.0,0,0
7404146,CVB45.BC,2023-12-26,POD Reparado,0,0,696.0,696,0
7404147,CVB45.BC,2021-06-16,Reparado,0,0,0.0,0,0
7404147,CVB45.BC,2024-11-28,Reparado / Garantía Lab,0,0,1261.0,1261,0
7404148,CVB45.BC,2024-04-02,Reparado,0,0,0.0,0,0
7404149,CVB45.BC,2022-05-03,Reparado,0,0,0.0,0,0
7404149,CVB45.BC,2022-09-25,Reparado / Garantía Lab,1,1,145.0,145,0
7404150,CVB45.BC,2020-09-01,Reparado,0,0,0.0,0,0
7404150,CVB45.BC,2020-12-04,Reparado,1,1,94.0,94,1
7404150,CVB45.BC,2020-12-22,Reparado,2,2,18.0,112,1
7404150,CVB45.BC,2021-01-05,Reparado / Garantía Lab,3,3,14.0,126,1
7404150,CVB45.BC,2021-01-15,Reparado / Garantía Lab,4,4,10.0,136,0
7404150,CVB45.BC,2021-02-21,Reparado,5,5,37.0,173,1
7404150,CVB45.BC,2021-02-26,Reparado / Garantía Lab,6,6,5.0,178,0
7404150,CVB45.BC,2022-11-23,Reparado / Garantía Lab,0,0,635.0,813,0
7404151,CVB45.BC,2020-08-03,POD,0,0,0.0,0,0
7404151,CVB45.BC,2020-11-27,Reparado,1,1,116.0,116,0
7404153,CVB45.BC,2020-12-28,Reparado,0,0,0.0,0,0
7404154,CVB45.BC,2022-10-28,Reparado,0,0,0.0,0,0
7404154,CVB45.BC,2024-06-16,Reparado / Garantía Lab,0,0,597.0,597,1
7404154,CVB45.BC,2024-06-25,Reparado / Garantía Lab,1,1,9.0,606,0
7404154,CVB45.BC,2025-09-26,Reparado / Garantía Lab,0,0,458.0,1064,1
7404154,CVB45.BC,2025-10-02,Reparado / Garantía Lab,1,1,6.0,1070,0
7404156,CVB45.BC,2022-12-31,Reparado,0,0,0.0,0,0
7404156,CVB45.BC,2025-05-15,Reparado / Garantía Lab,0,0,866.0,866,1
7404156,CVB45.BC,2025-05-19,Reparado / Garantía Lab,1,1,4.0,870,0
7404159,CVB45.BC,2021-07-17,Reparado,0,0,0.0,0,0
7404159,CVB45.BC,2023-05-05,Reparado / Garantía Lab,0,0,657.0,657,0
7404159,CVB45.BC,2025-11-28,Reparado / Garantía Lab,0,0,938.0,1595,0
7404160,CVB45.BC,2022-12-22,Reparado,0,0,0.0,0,0
7404161,CVB45.BC,2021-12-22,Reparado,0,0,0.0,0,0
7404162,CVB45.BC,2022-09-02,Reparado,0,0,0.0,0,0
7404163,CVB45.BC,2024-01-09,Reparado,0,0,0.0,0,0
7404163,CVB45.BC,2025-08-08,Reparado / Garantía Lab,0,0,577.0,577,1
7404163,CVB45.BC,2025-08-13,Reparado / Garantía Lab,1,1,5.0,582,0
7404165,CVB45.BC,2021-01-27,Reparado,0,0,0.0,0,0
7404165,CVB45.BC,2021-08-24,Reparado / Garantía Lab,0,1,209.0,209,0
7404166,CVB45.BC,2021-12-29,Reparado,0,0,0.0,0,0
7404168,CVB45.BC,2021-09-13,Reparado,0,0,0.0,0,0
7404169,CVB45.BC,2021-01-13,Reparado,0,0,0.0,0,1
7404169,CVB45.BC,2021-01-22,POD,1,1,9.0,9,1
7404169,CVB45.BC,2021-01-22,POD Reparado,1,1,9.0,9,1
7404169,CVB45.BC,2021-01-28,Reparado / Garantía Lab,3,3,6.0,15,0
7404169,CVB45.BC,2022-09-12,POD Reparado,0,0,592.0,607,0
7404169,CVB45.BC,2022-12-16,POD Reparado,1,1,95.0,702,0
7404169,CVB45.BC,2024-11-29,Reparado / Garantía Lab,0,0,714.0,1416,1
7404169,CVB45.BC,2024-12-04,Reparado / Garantía Lab,1,1,5.0,1421,1
7404169,CVB45.BC,2024-12-10,Reparado / Garantía Lab,2,2,6.0,1427,1
7404169,CVB45.BC,2024-12-17,Reparado / Garantía Lab,3,3,7.0,1434,1
7404169,CVB45.BC,2025-01-09,Reparado / Garantía Lab,4,4,23.0,1457,1
7404169,CVB45.BC,2025-01-13,Reparado / Garantía Lab,5,5,4.0,1461,1
7404169,CVB45.BC,2025-01-15,Reparado / Garantía Lab,6,6,2.0,1463,1
7404169,CVB45.BC,2025-01-20,Reparado / Garantía Lab,7,7,5.0,1468,1
7404169,CVB45.BC,2025-01-27,Reparado / Garantía Lab,8,8,7.0,1475,1
7404169,CVB45.BC,2025-01-29,Reparado / Garantía Lab,9,9,2.0,1477,1
7404169,CVB45.BC,2025-02-07,Reparado / Garantía Lab,10,10,9.0,1486,1
7404169,CVB45.BC,2025-02-12,Reparado / Garantía Lab,11,11,5.0,1491,0
7404169,CVB45.BC,2025-06-26,Reparado / Garantía Lab,8,12,134.0,1625,1
7404169,CVB45.BC,2025-07-15,Reparado / Garantía Lab,6,13,19.0,1644,0
7404169,CVB45.BC,2025-08-20,Reparado / Garantía Lab,2,14,36.0,1680,0
7404170,CVB45.BC,2024-09-05,Reparado,0,0,0.0,0,0
7404171,CVB45.BC,2021-06-01,Reparado,0,0,0.0,0,1
7404171,CVB45.BC,2021-06-09,Reparado / Garantía Lab,1,1,8.0,8,0
7404171,CVB45.BC,2021-07-23,Reparado / Garantía Lab,2,2,44.0,52,0
7404172,CVB45.BC,2021-06-29,Reparado,0,0,0.0,0,0
7404173,CVB45.BC,2021-01-27,Reparado,0,0,0.0,0,0
7404174,CVB45.BC,2024-09-03,Reparado,0,0,0.0,0,0
7404175,CVB45.BC,2025-03-17,Reparado / Garantía Lab,0,0,0.0,0,0
7404175,CVB45.BC,2025-04-24,Reparado / Garantía Lab,1,1,38.0,38,0
7404177,CVB45.BC,2021-02-10,Reparado,0,0,0.0,0,0
7404177,CVB45.BC,2024-11-27,Reparado / Garantía Lab,0,0,1386.0,1386,0
7404177,CVB45.BC,2025-07-28,Reparado / Garantía Lab,0,1,243.0,1629,0
7404177,CVB45.BC,2025-11-25,Reparado / Garantía Lab,1,2,120.0,1749,1
7404177,CVB45.BC,2025-12-04,Proceso,2,2,9.0,1758,0
7404178,CVB45.BC,2022-08-18,Reparado,0,0,0.0,0,0
7404180,CVB45.BC,2022-05-31,Reparado,0,0,0.0,0,0
7404180,CVB45.BC,2024-05-17,Reparado / Garantía Lab,0,0,717.0,717,0
7404183,CVB45.BC,2022-07-20,Reparado,0,0,0.0,0,0
7404184,CVB45.BC,2021-12-22,Reparado,0,0,0.0,0,0
7404184,CVB45.BC,2022-11-03,Reparado,0,1,316.0,316,0
7404185,CVB45.BC,2023-11-22,POD Reparado,0,0,0.0,0,0
7404185,CVB45.BC,2024-01-02,Reparado / Garantía Lab,1,1,41.0,41,0
7404186,CVB45.BC,2021-12-22,Reparado,0,0,0.0,0,0
7404186,CVB45.BC,2024-10-18,Reparado / Garantía Lab,0,0,1031.0,1031,0
7404188,CVB45.BC,2023-07-31,Reparado,0,0,0.0,0,0
7404188,CVB45.BC,2025-05-12,POD Reparado,0,0,651.0,651,1
7404188,CVB45.BC,2025-05-16,Reparado / Garantía Lab,1,1,4.0,655,1
7404188,CVB45.BC,2025-05-20,Reparado / Garantía Lab,2,2,4.0,659,1
7404188,CVB45.BC,2025-05-28,Reparado / Garantía Lab,3,3,8.0,667,0
7404189,CVB45.BC,2021-12-29,Reparado,0,0,0.0,0,0
7404189,CVB45.BC,2025-09-02,POD Reparado,0,0,1343.0,1343,1
7404189,CVB45.BC,2025-10-02,Reparado / Garantía Lab,1,1,30.0,1373,0
7404191,CVB45.BC,2021-12-17,Reparado,0,0,0.0,0,0
7404192,CVB45.BC,2022-01-14,Reparado,0,0,0.0,0,0
7404192,CVB45.BC,2023-04-11,Reparado,0,0,452.0,452,0
7404192,CVB45.BC,2024-02-12,POD Reparado,0,1,307.0,759,0
7404193,CVB45.BC,2022-09-30,Reparado,0,0,0.0,0,0
7404195,CVB45.BC,2023-07-13,POD Reparado,0,0,0.0,0,0
7404196,CVB45.BC,2025-04-30,Reparado / Garantía Lab,0,0,0.0,0,1
7404196,CVB45.BC,2025-05-05,Reparado / Garantía Lab,1,1,5.0,5,0
7404197,CVB45.BC,2022-12-15,Reparado,0,0,0.0,0,0
7404198,CVB45.BC,2021-12-23,Reparado,0,0,0.0,0,0
7404199,CVB45.BC,2021-12-23,Reparado,0,0,0.0,0,0
7404200,CVB45.BC,2023-09-01,POD Reparado,0,0,0.0,0,0
7404201,CVB45.BC,2021-12-27,Reparado,0,0,0.0,0,1
7404201,CVB45.BC,2022-01-04,Reparado / Garantía Lab,1,1,8.0,8,0
7404202,CVB45.BC,2023-07-11,Reparado,0,0,0.0,0,0
7404204,CVB45.BC,2024-01-19,Reparado,0,0,0.0,0,0
7404204,CVB45.BC,2025-05-20,Reparado / Garantía Lab,0,0,487.0,487,1
7404204,CVB45.BC,2025-05-30,Reparado / Garantía Lab,1,1,10.0,497,0
7404204,CVB45.BC,2025-12-05,Proceso,0,2,189.0,686,0
7404205,CVB45.BC,2025-01-07,Reparado,0,0,0.0,0,0
7404205,CVB45.BC,2025-04-14,Reparado / Garantía Lab,1,1,97.0,97,0
7404206,CVB45.BC,2021-12-27,Reparado,0,0,0.0,0,0
7404206,CVB45.BC,2024-10-18,Reparado / Garantía Lab,0,0,1026.0,1026,0
7404207,CVB45.BC,2020-12-04,Reparado,0,0,0.0,0,0
7404207,CVB45.BC,2025-08-07,Reparado / Garantía Lab,0,0,1707.0,1707,0
7404208,CVB45.BC,2024-01-08,Reparado,0,0,0.0,0,0
7404208,CVB45.BC,2025-07-15,Reparado / Garantía Lab,0,0,554.0,554,1
7404208,CVB45.BC,2025-07-18,Reparado / Garantía Lab,1,1,3.0,557,0
7404211,CVB45.BC,2021-01-29,Reparado,0,0,0.0,0,0
7404212,CVB45.BC,2021-01-27,Reparado,0,0,0.0,0,0
7404212,CVB45.BC,2021-08-06,Reparado / Garantía Lab,0,1,191.0,191,0
7404212,CVB45.BC,2021-10-08,Reparado / Garantía Lab,1,2,63.0,254,0
7404213,CVB45.BC,2021-12-10,Reparado,0,0,0.0,0,1
7404213,CVB45.BC,2021-12-16,Reparado / Garantía Lab,1,1,6.0,6,0
7404215,CVB45.BC,2022-10-25,Reparado,0,0,0.0,0,1
7404215,CVB45.BC,2022-11-03,Reparado,1,1,9.0,9,0
7404215,CVB45.BC,2025-04-17,POD Reparado,0,0,896.0,905,0
7404216,CVB45.BC,2024-09-12,Reparado,0,0,0.0,0,0
7404217,CVB45.BC,2023-10-16,Reparado,0,0,0.0,0,0
7404218,CVB45.BC,2022-12-27,Reparado,0,0,0.0,0,0
7404218,CVB45.BC,2024-02-19,Reparado / Garantía Lab,0,0,419.0,419,0
7404218,CVB45.BC,2024-08-05,Reparado / Garantía Lab,1,1,168.0,587,1
7404218,CVB45.BC,2024-08-08,Reparado / Garantía Lab,2,2,3.0,590,0
7404219,CVB45.BC,2024-09-27,Reparado,0,0,0.0,0,0
7404220,CVB45.BC,2020-12-18,Reparado,0,0,0.0,0,0
7404222,CVB45.BC,2022-01-26,Reparado,0,0,0.0,0,0
7404223,CVB45.BC,2021-01-28,Reparado,0,0,0.0,0,0
7404225,CVB45.BC,2021-01-27,Reparado,0,0,0.0,0,0
7404225,CVB45.BC,2023-01-11,Reparado / Garantía Lab,0,0,714.0,714,0
7404226,CVB45.BC,2022-08-26,Reparado,0,0,0.0,0,0
7404226,CVB45.BC,2022-11-08,Reparado / Garantía Lab,1,1,74.0,74,0
7404227,CVB45.BC,2023-01-21,Reparado,0,0,0.0,0,0
7404229,CVB45.BC,2025-03-31,Reparado,0,0,0.0,0,0
7404231,CVB45.BC,2021-04-21,Reparado,0,0,0.0,0,0
7404231,CVB45.BC,2021-06-30,Reparado,1,1,70.0,70,0
7404232,CVB45.BC,2022-09-22,Reparado,0,0,0.0,0,1
7404232,CVB45.BC,2022-09-29,Reparado / Garantía Lab,1,1,7.0,7,0
7404233,CVB45.BC,2025-04-21,Reparado,0,0,0.0,0,0
7404234,CVB45.BC,2022-06-08,Reparado,0,0,0.0,0,0
7404238,CVB45.BC,2021-06-10,Reparado,0,0,0.0,0,0
7404238,CVB45.BC,2022-01-20,Reparado / Garantía Lab,0,1,224.0,224,0
7404240,CVB45.BC,2021-07-12,Reparado,0,0,0.0,0,0
7404241,CVB45.BC,2021-03-01,Reparado,0,0,0.0,0,0
7404241,CVB45.BC,2022-12-28,Reparado / Garantía Lab,0,0,667.0,667,0
7404241,CVB45.BC,2025-06-26,POD Reparado,0,0,911.0,1578,0
7404243,CVB45.BC,2021-02-03,Reparado,0,0,0.0,0,0
7404243,CVB45.BC,2021-03-23,Reparado / Garantía Lab,1,1,48.0,48,0
7404243,CVB45.BC,2023-02-21,Reparado / Garantía Lab,0,0,700.0,748,1
7404243,CVB45.BC,2023-03-03,Reparado / Garantía Lab,1,1,10.0,758,0
7404243,CVB45.BC,2025-07-01,Reparado / Garantía Lab,0,0,851.0,1609,1
7404243,CVB45.BC,2025-07-04,Reparado / Garantía Lab,1,1,3.0,1612,1
7404243,CVB45.BC,2025-07-09,Reparado / Garantía Lab,2,2,5.0,1617,1
7404243,CVB45.BC,2025-08-06,Reparado / Garantía Lab,3,3,28.0,1645,1
7404243,CVB45.BC,2025-08-11,Reparado / Garantía Lab,4,4,5.0,1650,0
7404243,CVB45.BC,2025-09-11,Reparado / Garantía Lab,5,5,31.0,1681,0
7404245,CVB45.BC,2021-02-11,Reparado,0,0,0.0,0,0
7404246,CVB45.BC,2025-08-14,Reparado,0,0,0.0,0,0
7404247,CVB45.BC,2025-06-27,Reparado,0,0,0.0,0,0
7404247,CVB45.BC,2025-10-30,Reparado / Garantía Lab,1,1,125.0,125,0
7404247,CVB45.BC,2025-12-02,Reparado / Garantía Lab,2,2,33.0,158,0
7404249,CVB45.BC,2022-10-05,Reparado,0,0,0.0,0,0
7404252,CVB45.BC,2025-09-17,Reparado,0,0,0.0,0,0
7404254,CVB45.BC,2021-09-15,Reparado,0,0,0.0,0,0
7404254,CVB45.BC,2022-01-08,Reparado / Garantía Lab,1,1,115.0,115,0
7404255,CVB45.BC,2021-02-03,Reparado,0,0,0.0,0,0
7404255,CVB45.BC,2021-03-25,Reparado / Garantía Lab,1,1,50.0,50,1
7404255,CVB45.BC,2021-04-05,Reparado / Garantía Lab,2,2,11.0,61,0
7404255,CVB45.BC,2021-12-29,Reparado / Garantía Lab,0,3,268.0,329,0
7404256,CVB45.BC,2023-10-31,Reparado,0,0,0.0,0,0
7404257,CVB45.BC,2021-08-04,Reparado,0,0,0.0,0,0
7404257,CVB45.BC,2021-12-28,Reparado / Garantía Lab,1,1,146.0,146,0
7404257,CVB45.BC,2022-07-21,Reparado / Garantía Lab,0,2,205.0,351,0
7404257,CVB45.BC,2022-11-23,Reparado / Garantía Lab,1,2,125.0,476,0
7404257,CVB45.BC,2023-04-03,Reparado,1,2,131.0,607,0
7404257,CVB45.BC,2024-10-08,POD Reparado,0,0,554.0,1161,1
7404257,CVB45.BC,2024-10-16,Reparado / Garantía Lab,1,1,8.0,1169,1
7404257,CVB45.BC,2024-10-18,Reparado / Garantía Lab,2,2,2.0,1171,1
7404257,CVB45.BC,2024-10-23,Reparado / Garantía Lab,3,3,5.0,1176,0
7404411,CVB45.BC,2021-09-27,Reparado,0,0,0.0,0,0
7404429,CVB45.BC,2022-01-17,Reparado,0,0,0.0,0,0
7404438,CVB45.BC,2021-07-29,Reparado,0,0,0.0,0,0
7404449,CVB45.BC,2020-09-08,Reparado,0,0,0.0,0,0
7404581,CVB45.BC,2023-05-31,Reparado,0,0,0.0,0,0
7404582,CVB45.BC,2022-04-01,Reparado,0,0,0.0,0,1
7404582,CVB45.BC,2022-04-05,Reparado / Garantía Lab,1,1,4.0,4,0
7404583,CVB45.BC,2024-03-20,Reparado,0,0,0.0,0,0
7404584,CVB45.BC,2024-05-06,Reparado,0,0,0.0,0,0
7404585,CVB45.BC,2022-03-30,Reparado,0,0,0.0,0,0
7404585,CVB45.BC,2024-09-16,Reparado / Garantía Lab,0,0,901.0,901,0
7404586,CVB45.BC,2023-01-09,Reparado,0,0,0.0,0,0
7404587,CVB45.BC,2025-09-08,Reparado,0,0,0.0,0,0
7404588,CVB45.BC,2021-09-07,Reparado,0,0,0.0,0,0
7404588,CVB45.BC,2022-05-23,Reparado / Garantía Lab,0,1,258.0,258,0
7404588,CVB45.BC,2022-09-06,Reparado / Garantía Lab,1,2,106.0,364,0
7404589,CVB45.BC,2021-10-25,Reparado,0,0,0.0,0,0
7404589,CVB45.BC,2024-12-02,Reparado / Garantía Lab,0,0,1134.0,1134,1
7404589,CVB45.BC,2024-12-05,Reparado / Garantía Lab,1,1,3.0,1137,1
7404589,CVB45.BC,2024-12-09,Reparado / Garantía Lab,2,2,4.0,1141,1
7404589,CVB45.BC,2024-12-30,Reparado / Garantía Lab,3,3,21.0,1162,1
7404589,CVB45.BC,2025-01-02,Reparado / Garantía Lab,4,4,3.0,1165,1
7404589,CVB45.BC,2025-01-07,Reparado / Garantía Lab,5,5,5.0,1170,1
7404589,CVB45.BC,2025-01-10,Reparado / Garantía Lab,6,6,3.0,1173,0
7404589,CVB45.BC,2025-04-22,Reparado / Garantía Lab,7,7,102.0,1275,0
7404590,CVB45.BC,2024-09-03,Reparado,0,0,0.0,0,0
7404591,CVB45.BC,2022-10-24,Reparado,0,0,0.0,0,0
7404591,CVB45.BC,2023-09-09,Reparado / Garantía Lab,0,1,320.0,320,0
7404591,CVB45.BC,2025-07-30,Reparado / Garantía Lab,0,0,690.0,1010,0
7404592,CVB45.BC,2021-10-04,Reparado,0,0,0.0,0,0
7404592,CVB45.BC,2023-08-25,Reparado / Garantía Lab,0,0,690.0,690,0
7404593,CVB45.BC,2025-06-10,Reparado,0,0,0.0,0,0
7404593,CVB45.BC,2025-10-22,POD Reparado,1,1,134.0,134,0
7404595,CVB45.BC,2021-09-20,Reparado,0,0,0.0,0,1
7404595,CVB45.BC,2021-09-30,Reparado / Garantía Lab,1,1,10.0,10,0
7404596,CVB45.BC,2022-10-20,Reparado,0,0,0.0,0,1
7404596,CVB45.BC,2022-11-15,Reparado / Garantía Lab,1,1,26.0,26,0
7404596,CVB45.BC,2025-11-25,POD Reparado,0,0,1106.0,1132,0
7404597,CVB45.BC,2023-10-24,Reparado,0,0,0.0,0,0
7404599,CVB45.BC,2021-07-01,Reparado,0,0,0.0,0,0
7404600,CVB45.BC,2021-11-24,Reparado,0,0,0.0,0,0
7404600,CVB45.BC,2022-03-08,Reparado / Garantía Lab,1,1,104.0,104,0
7404600,CVB45.BC,2023-08-07,Reparado / Garantía Lab,0,0,517.0,621,0
7404600,CVB45.BC,2024-01-29,Reparado / Garantía Lab,1,1,175.0,796,1
7404600,CVB45.BC,2024-02-12,Reparado / Garantía Lab,1,2,14.0,810,0
7404600,CVB45.BC,2024-04-24,Reparado / Garantía Lab,2,3,72.0,882,1
7404600,CVB45.BC,2024-05-13,Reparado / Garantía Lab,3,4,19.0,901,1
7404600,CVB45.BC,2024-05-23,Reparado / Garantía Lab,4,5,10.0,911,0
7404600,CVB45.BC,2024-07-25,POD Reparado,5,6,63.0,974,0
7404600,CVB45.BC,2024-09-05,Reparado / Garantía Lab,4,6,42.0,1016,1
7404600,CVB45.BC,2024-09-27,Reparado / Garantía Lab,5,7,22.0,1038,1
7404600,CVB45.BC,2024-10-03,Reparado / Garantía Lab,6,8,6.0,1044,1
7404600,CVB45.BC,2024-10-08,Reparado / Garantía Lab,7,9,5.0,1049,0
7404600,CVB45.BC,2024-11-22,Reparado / Garantía Lab,5,10,45.0,1094,1
7404600,CVB45.BC,2024-12-19,Reparado / Garantía Lab,6,11,27.0,1121,0
7404600,CVB45.BC,2025-07-09,Reparado / Garantía Lab,0,7,202.0,1323,1
7404600,CVB45.BC,2025-07-11,Reparado / Garantía Lab,1,8,2.0,1325,0
7404600,CVB45.BC,2025-11-17,Reparado / Garantía Lab,2,4,129.0,1454,0
7404602,CVB45.BC,2021-02-25,Reparado,0,0,0.0,0,0
7404603,CVB45.BC,2020-09-01,Reparado,0,0,0.0,0,0
7404603,CVB45.BC,2021-02-01,Reparado,1,1,153.0,153,1
7404603,CVB45.BC,2021-02-03,Reparado / Garantía Lab,2,2,2.0,155,1
7404603,CVB45.BC,2021-02-16,Reparado / Garantía Lab,3,3,13.0,168,0
7404603,CVB45.BC,2021-11-23,Reparado / Garantía Lab,0,3,280.0,448,0
7404603,CVB45.BC,2024-08-14,Reparado / Garantía Lab,0,0,995.0,1443,1
7404603,CVB45.BC,2024-08-19,Reparado / Garantía Lab,1,1,5.0,1448,1
7404603,CVB45.BC,2024-08-21,Reparado / Garantía Lab,2,2,2.0,1450,0
7404603,CVB45.BC,2025-01-14,Reparado / Garantía Lab,3,3,146.0,1596,0
7404603,CVB45.BC,2025-08-08,Reparado / Garantía Lab,0,4,206.0,1802,0
7404604,CVB45.BC,2022-07-29,Reparado,0,0,0.0,0,0
7404604,CVB45.BC,2024-08-30,Reparado / Garantía Lab,0,0,763.0,763,0
7404605,CVB45.BC,2022-10-22,Reparado,0,0,0.0,0,0
7404605,CVB45.BC,2022-11-23,Reparado / Garantía Lab,1,1,32.0,32,0
7404605,CVB45.BC,2024-10-02,Reparado / Garantía Lab,0,0,679.0,711,0
7404606,CVB45.BC,2025-10-27,Reparado,0,0,0.0,0,0
7404607,CVB45.BC,2021-09-29,Reparado,0,0,0.0,0,0
7404607,CVB45.BC,2025-08-14,Reparado / Garantía Lab,0,0,1415.0,1415,1
7404607,CVB45.BC,2025-08-19,Reparado / Garantía Lab,1,1,5.0,1420,0
7404609,CVB45.BC,2024-03-21,Reparado,0,0,0.0,0,0
7404611,CVB45.BC,2022-10-07,Reparado,0,0,0.0,0,0
7404612,CVB45.BC,2023-11-30,POD Reparado,0,0,0.0,0,0
7404612,CVB45.BC,2025-01-24,Reparado / Garantía Lab,0,0,421.0,421,0
7404613,CVB45.BC,2024-07-12,Reparado,0,0,0.0,0,0
7404613,CVB45.BC,2025-07-28,Reparado / Garantía Lab,0,0,381.0,381,1
7404613,CVB45.BC,2025-07-30,Reparado / Garantía Lab,1,1,2.0,383,0
7404614,CVB45.BC,2021-12-22,Reparado,0,0,0.0,0,0
7404614,CVB45.BC,2023-11-22,POD Reparado,0,0,700.0,700,0
7404614,CVB45.BC,2025-11-27,Reparado / Garantía Lab,0,0,736.0,1436,0
7404615,CVB45.BC,2023-04-17,Reparado,0,0,0.0,0,0
7404616,CVB45.BC,2020-09-01,Reparado,0,0,0.0,0,0
7404617,CVB45.BC,2020-11-27,Reparado,0,0,0.0,0,0
7404617,CVB45.BC,2024-04-23,Reparado / Garantía Lab,0,0,1243.0,1243,1
7404617,CVB45.BC,2024-04-29,Reparado / Garantía Lab,1,1,6.0,1249,0
7404618,CVB45.BC,2023-10-10,Reparado,0,0,0.0,0,0
7404620,CVB45.BC,2024-02-27,Reparado,0,0,0.0,0,0
7404621,CVB45.BC,2021-12-19,Reparado,0,0,0.0,0,0
7404622,CVB45.BC,2022-07-10,Reparado,0,0,0.0,0,0
7404622,CVB45.BC,2024-08-07,Reparado / Garantía Lab,0,0,759.0,759,0
7404622,CVB45.BC,2025-10-14,Reparado,0,0,433.0,1192,0
7404623,CVB45.BC,2021-02-17,Reparado,0,0,0.0,0,0
7404623,CVB45.BC,2022-07-14,Reparado,0,0,512.0,512,0
7404624,CVB45.BC,2023-06-03,Reparado,0,0,0.0,0,0
7404624,CVB45.BC,2025-07-10,Reparado / Garantía Lab,0,0,768.0,768,1
7404624,CVB45.BC,2025-07-15,Reparado / Garantía Lab,1,1,5.0,773,0
7404624,CVB45.BC,2025-10-22,Reparado / Garantía Lab,2,2,99.0,872,0
7404625,CVB45.BC,2021-10-13,Reparado,0,0,0.0,0,0
7404625,CVB45.BC,2025-09-24,Reparado / Garantía Lab,0,0,1442.0,1442,1
7404625,CVB45.BC,2025-09-29,Reparado / Garantía Lab,1,1,5.0,1447,0
7404626,CVB45.BC,2024-05-25,Reparado,0,0,0.0,0,0
7404627,CVB45.BC,2021-06-12,Reparado / Garantía Lab,0,0,0.0,0,0
7404627,CVB45.BC,2021-09-02,Reparado,1,1,82.0,82,0
7404628,CVB45.BC,2022-08-26,Reparado,0,0,0.0,0,0
7404629,CVB45.BC,2023-03-01,Reparado,0,0,0.0,0,0
7404629,CVB45.BC,2025-08-26,Reparado / Garantía Lab,0,0,909.0,909,1
7404629,CVB45.BC,2025-09-03,Reparado / Garantía Lab,1,1,8.0,917,0
7404630,CVB45.BC,2021-12-07,Reparado,0,0,0.0,0,0
7404631,CVB45.BC,2024-03-19,Reparado,0,0,0.0,0,0
7404631,CVB45.BC,2024-11-28,Reparado / Garantía Lab,0,1,254.0,254,0
7404631,CVB45.BC,2025-05-13,Reparado / Garantía Lab,1,1,166.0,420,0
7404631,CVB45.BC,2025-11-11,Reparado / Garantía Lab,0,2,182.0,602,0
7404632,CVB45.BC,2022-11-19,Reparado,0,0,0.0,0,0
7404632,CVB45.BC,2024-08-13,Reparado / Garantía Lab,0,0,633.0,633,0
7404634,CVB45.BC,2022-05-31,Reparado,0,0,0.0,0,1
7404634,CVB45.BC,2022-06-15,Reparado / Garantía Lab,1,1,15.0,15,0
7404635,CVB45.BC,2022-06-28,Reparado,0,0,0.0,0,0
7404635,CVB45.BC,2023-10-28,Reparado / Garantía Lab,0,0,487.0,487,0
7404635,CVB45.BC,2025-11-13,Reparado / Garantía Lab,0,0,747.0,1234,1
7404635,CVB45.BC,2025-11-18,Reparado / Garantía Lab,1,1,5.0,1239,0
7404636,CVB45.BC,2022-08-26,Reparado,0,0,0.0,0,0
7404638,CVB45.BC,2021-10-16,Reparado,0,0,0.0,0,0
7404638,CVB45.BC,2022-11-08,Reparado / Garantía Lab,0,0,388.0,388,0
7404639,CVB45.BC,2021-12-21,Reparado,0,0,0.0,0,0
7404639,CVB45.BC,2022-12-06,Reparado / Garantía Lab,0,1,350.0,350,0
7404639,CVB45.BC,2025-11-17,Reparado / Garantía Lab,0,0,1077.0,1427,1
7404639,CVB45.BC,2025-12-05,Proceso,1,1,18.0,1445,0
7404640,CVB45.BC,2023-09-25,Reparado,0,0,0.0,0,0
7404640,CVB45.BC,2025-08-22,Reparado / Garantía Lab,0,0,697.0,697,0
7404641,CVB45.BC,2021-07-07,Reparado,0,0,0.0,0,0
7404641,CVB45.BC,2025-10-27,Reparado / Garantía Lab,0,0,1573.0,1573,0
7404642,CVB45.BC,2021-12-22,Reparado,0,0,0.0,0,0
7404643,CVB45.BC,2023-10-21,Reparado,0,0,0.0,0,0
7404647,CVB45.BC,2025-07-31,Reparado,0,0,0.0,0,0
7404649,CVB45.BC,2023-07-12,Reparado,0,0,0.0,0,0
7404649,CVB45.BC,2025-08-11,Reparado / Garantía Lab,0,0,761.0,761,0
7404650,CVB45.BC,2021-12-16,Reparado,0,0,0.0,0,0
7404651,CVB45.BC,2022-10-25,Reparado,0,0,0.0,0,1
7404651,CVB45.BC,2022-11-23,Reparado / Garantía Lab,1,1,29.0,29,0
7404654,CVB45.BC,2025-09-23,Reparado / Garantía Lab,0,0,0.0,0,1
7404654,CVB45.BC,2025-09-26,Reparado / Garantía Lab,1,1,3.0,3,0
7404655,CVB45.BC,2020-09-01,Reparado,0,0,0.0,0,0
7404655,CVB45.BC,2020-12-21,Reparado,1,1,111.0,111,0
7404655,CVB45.BC,2021-05-12,Reparado / Garantía Lab,1,2,142.0,253,0
7404656,CVB45.BC,2021-10-05,Reparado,0,0,0.0,0,0
7404656,CVB45.BC,2024-05-15,Reparado / Garantía Lab,0,0,953.0,953,0
7404657,CVB45.BC,2024-03-01,Reparado,0,0,0.0,0,0
7404658,CVB45.BC,2025-11-26,Reparado / Garantía Lab,0,0,0.0,0,0
7404659,CVB45.BC,2025-01-07,Reparado,0,0,0.0,0,0
7404659,CVB45.BC,2025-11-25,Reparado / Garantía Lab,0,1,322.0,322,0
7404661,CVB45.BC,2022-08-08,Reparado,0,0,0.0,0,0
7404661,CVB45.BC,2024-08-22,POD Reparado,0,0,745.0,745,0
7404661,CVB45.BC,2025-04-28,Reparado / Garantía Lab,0,1,249.0,994,0
7404662,CVB45.BC,2021-01-26,Reparado,0,0,0.0,0,0
7404662,CVB45.BC,2024-11-28,Reparado / Garantía Lab,0,0,1402.0,1402,0
7404662,CVB45.BC,2025-05-23,Reparado,1,1,176.0,1578,1
7404662,CVB45.BC,2025-06-06,Reparado / Garantía Lab,1,2,14.0,1592,1
7404662,CVB45.BC,2025-06-11,Reparado / Garantía Lab,2,3,5.0,1597,0
7404663,CVB45.BC,2022-05-30,Reparado,0,0,0.0,0,1
7404663,CVB45.BC,2022-06-15,Reparado / Garantía Lab,1,1,16.0,16,0
7404663,CVB45.BC,2023-09-14,Reparado / Garantía Lab,0,0,456.0,472,1
7404663,CVB45.BC,2023-10-01,Reparado / Garantía Lab,1,1,17.0,489,0
7404663,CVB45.BC,2024-05-25,Reparado / Garantía Lab,0,2,237.0,726,0
7404663,CVB45.BC,2025-06-02,Reparado / Garantía Lab,0,0,373.0,1099,0
7404665,CVB45.BC,2021-02-08,Reparado,0,0,0.0,0,0
7404665,CVB45.BC,2021-05-27,Reparado,1,1,108.0,108,0
7404665,CVB45.BC,2023-04-11,Reparado / Garantía Lab,0,0,684.0,792,0
7404668,CVB45.BC,2020-12-18,Reparado,0,0,0.0,0,1
7404668,CVB45.BC,2020-12-30,Reparado,1,1,12.0,12,0
7404668,CVB45.BC,2021-06-26,Reparado,1,2,178.0,190,0
7404668,CVB45.BC,2024-08-21,Reparado / Garantía Lab,0,0,1152.0,1342,0
7404669,CVB45.BC,2025-11-24,Reparado / Garantía Lab,0,0,0.0,0,1
7404669,CVB45.BC,2025-11-26,Reparado / Garantía Lab,1,1,2.0,2,0
7404670,CVB45.BC,2023-09-12,Reparado,0,0,0.0,0,0
7404672,CVB45.BC,2023-05-11,Reparado / Garantía Lab,0,0,0.0,0,1
7404672,CVB45.BC,2023-05-23,Reparado / Garantía Lab,1,1,12.0,12,0
7404672,CVB45.BC,2023-10-12,Reparado / Garantía Lab,2,2,142.0,154,0
7404674,CVB45.BC,2024-09-10,Reparado,0,0,0.0,0,0
7404675,CVB45.BC,2021-10-05,Reparado,0,0,0.0,0,0
7404675,CVB45.BC,2022-10-27,Reparado / Garantía Lab,0,0,387.0,387,0
7404676,CVB45.BC,2022-10-21,Reparado,0,0,0.0,0,0
7404676,CVB45.BC,2025-09-30,Reparado / Garantía Lab,0,0,1075.0,1075,0
7404676,CVB45.BC,2025-11-06,Reparado / Garantía Lab,1,1,37.0,1112,1
7404676,CVB45.BC,2025-11-10,Reparado / Garantía Lab,2,2,4.0,1116,0
7404677,CVB45.BC,2021-04-28,Reparado,0,0,0.0,0,1
7404677,CVB45.BC,2021-05-10,Reparado / Garantía Lab,1,1,12.0,12,1
7404677,CVB45.BC,2021-05-11,Reparado / Garantía Lab,2,2,1.0,13,0
7404678,CVB45.BC,2023-07-06,Reparado,0,0,0.0,0,0
7404679,CVB45.BC,2024-09-03,Reparado,0,0,0.0,0,0
7404679,CVB45.BC,2025-03-24,Reparado / Garantía Lab,0,1,202.0,202,0
7404679,CVB45.BC,2025-10-23,Reparado / Garantía Lab,0,1,213.0,415,0
7404681,CVB45.BC,2021-01-02,Reparado,0,0,0.0,0,0
7404681,CVB45.BC,2021-08-10,Reparado / Garantía Lab,0,1,220.0,220,0
7404681,CVB45.BC,2024-08-20,Reparado / Garantía Lab,0,0,1106.0,1326,0
7404683,CVB45.BC,2021-01-22,Reparado,0,0,0.0,0,0
7404683,CVB45.BC,2021-03-04,Reparado / Garantía Lab,1,1,41.0,41,0
7404684,CVB45.BC,2021-08-22,POD,0,0,0.0,0,0
7404684,CVB45.BC,2021-08-22,POD Reparado,0,0,0.0,0,0
7404684,CVB45.BC,2022-07-31,Reparado / Garantía Lab,0,2,343.0,343,0
7404687,CVB45.BC,2021-11-30,Reparado,0,0,0.0,0,0
7404687,CVB45.BC,2025-01-13,Reparado / Garantía Lab,0,0,1140.0,1140,0
7404689,CVB45.BC,2022-04-16,Reparado,0,0,0.0,0,0
7404690,CVB45.BC,2022-11-15,Reparado,0,0,0.0,0,0
7404691,CVB45.BC,2022-08-26,Reparado,0,0,0.0,0,0
7404691,CVB45.BC,2022-11-08,Reparado / Garantía Lab,1,1,74.0,74,0
7404692,CVB45.BC,2020-10-09,Reparado,0,0,0.0,0,0
7404692,CVB45.BC,2020-12-22,Reparado,1,1,74.0,74,0
7404692,CVB45.BC,2021-04-30,Reparado / Garantía Lab,1,2,129.0,203,0
7404692,CVB45.BC,2024-10-01,Reparado,0,0,1250.0,1453,1
7404692,CVB45.BC,2024-10-23,Reparado / Garantía Lab,1,1,22.0,1475,1
7404692,CVB45.BC,2024-10-25,Reparado / Garantía Lab,2,2,2.0,1477,1
7404692,CVB45.BC,2024-10-30,Reparado / Garantía Lab,3,3,5.0,1482,1
7404692,CVB45.BC,2024-11-26,Reparado / Garantía Lab,4,4,27.0,1509,0
7404694,CVB45.BC,2021-09-30,Reparado,0,0,0.0,0,0
7404694,CVB45.BC,2023-01-10,Reparado / Garantía Lab,0,0,467.0,467,0
7404695,CVB45.BC,2021-09-01,Reparado,0,0,0.0,0,0
7404696,CVB45.BC,2024-10-28,Reparado,0,0,0.0,0,1
7404696,CVB45.BC,2024-11-11,Reparado / Garantía Lab,1,1,14.0,14,0
7404696,CVB45.BC,2025-04-22,Reparado / Garantía Lab,2,2,162.0,176,1
7404696,CVB45.BC,2025-05-02,Reparado / Garantía Lab,2,3,10.0,186,0
7404696,CVB45.BC,2025-10-20,Reparado / Garantía Lab,1,4,171.0,357,0
7404697,CVB45.BC,2020-10-05,Reparado,0,0,0.0,0,0
7404697,CVB45.BC,2020-12-17,Reparado / Garantía Lab,1,1,73.0,73,0
7404697,CVB45.BC,2023-09-08,Reparado / Garantía Lab,0,0,995.0,1068,0
7404698,CVB45.BC,2023-03-09,Reparado,0,0,0.0,0,0
7404699,CVB45.BC,2024-07-05,Reparado,0,0,0.0,0,0
7404699,CVB45.BC,2025-08-04,Reparado / Garantía Lab,0,0,395.0,395,1
7404699,CVB45.BC,2025-08-13,Reparado / Garantía Lab,1,1,9.0,404,0
7404700,CVB45.BC,2023-06-05,Reparado,0,0,0.0,0,0
7404700,CVB45.BC,2025-08-22,Reparado / Garantía Lab,0,0,809.0,809,0
7404701,CVB45.BC,2023-01-10,Reparado,0,0,0.0,0,0
7404702,CVB45.BC,2023-10-17,Reparado,0,0,0.0,0,0
7404703,CVB45.BC,2021-05-10,Reparado,0,0,0.0,0,1
7404703,CVB45.BC,2021-05-18,Reparado / Garantía Lab,1,1,8.0,8,1
7404703,CVB45.BC,2021-05-24,Reparado / Garantía Lab,2,2,6.0,14,0
7404704,CVB45.BC,2022-10-21,Reparado,0,0,0.0,0,0
7404708,CVB45.BC,2023-06-15,Reparado,0,0,0.0,0,0
7404708,CVB45.BC,2025-03-10,POD Reparado,0,0,634.0,634,0
7404709,CVB45.BC,2021-06-15,Reparado,0,0,0.0,0,0
7404712,CVB45.BC,2023-01-17,Reparado,0,0,0.0,0,0
7404713,CVB45.BC,2023-09-27,Reparado,0,0,0.0,0,0
7404714,CVB45.BC,2025-06-11,Reparado,0,0,0.0,0,0
7404715,CVB45.BC,2022-02-04,Reparado,0,0,0.0,0,0
7404716,CVB45.BC,2025-09-23,Reparado,0,0,0.0,0,0
7404718,CVB45.BC,2025-06-25,Reparado / Garantía Lab,0,0,0.0,0,1
7404718,CVB45.BC,2025-06-30,Reparado / Garantía Lab,1,1,5.0,5,0
7404723,CVB45.BC,2022-07-01,Reparado,0,0,0.0,0,0
7404723,CVB45.BC,2025-10-27,Reparado / Garantía Lab,0,0,1214.0,1214,1
7404723,CVB45.BC,2025-11-03,Reparado / Garantía Lab,1,1,7.0,1221,0
7404724,CVB45.BC,2021-10-27,Reparado,0,0,0.0,0,0
7404725,CVB45.BC,2022-11-19,Reparado,0,0,0.0,0,0
7404725,CVB45.BC,2025-10-15,Reparado / Garantía Lab,0,0,1061.0,1061,0
7404727,CVB45.BC,2023-12-06,Reparado / Garantía Lab,0,0,0.0,0,0
7404727,CVB45.BC,2024-04-09,POD Reparado,1,1,125.0,125,0
7404727,CVB45.BC,2024-06-02,Reparado / Garantía Lab,2,2,54.0,179,0
7404727,CVB45.BC,2025-01-13,Reparado / Garantía Lab,0,2,225.0,404,0
7404728,CVB45.BC,2022-12-19,Reparado,0,0,0.0,0,0
7404730,CVB45.BC,2022-12-14,Reparado,0,0,0.0,0,0
7404731,CVB45.BC,2023-11-13,POD Reparado,0,0,0.0,0,0
7404732,CVB45.BC,2024-01-16,Reparado,0,0,0.0,0,0
7404735,CVB45.BC,2022-07-07,Reparado,0,0,0.0,0,0
7404736,CVB45.BC,2021-08-04,Reparado,0,0,0.0,0,0
7404736,CVB45.BC,2025-10-27,Reparado / Garantía Lab,0,0,1545.0,1545,0
7404737,CVB45.BC,2021-04-28,POD Reparado,0,0,0.0,0,1
7404737,CVB45.BC,2021-05-12,POD,1,1,14.0,14,0
7404738,CVB45.BC,2024-06-23,Reparado,0,0,0.0,0,0
7404738,CVB45.BC,2025-07-10,Reparado / Garantía Lab,0,0,382.0,382,0
7404739,CVB45.BC,2020-12-03,Reparado,0,0,0.0,0,0
7404739,CVB45.BC,2025-11-25,Reparado / Garantía Lab,0,0,1818.0,1818,0
7404740,CVB45.BC,2024-07-04,POD Reparado,0,0,0.0,0,0
7404740,CVB45.BC,2025-07-28,Reparado / Garantía Lab,0,0,389.0,389,0
7404742,CVB45.BC,2022-12-06,Reparado,0,0,0.0,0,1
7404742,CVB45.BC,2022-12-12,Reparado / Garantía Lab,1,1,6.0,6,0
7404746,CVB45.BC,2021-10-23,Reparado,0,0,0.0,0,0
7404747,CVB45.BC,2025-10-27,Reparado,0,0,0.0,0,0
7404748,CVB45.BC,2022-08-30,Reparado,0,0,0.0,0,0
7404748,CVB45.BC,2022-11-23,Reparado / Garantía Lab,1,1,85.0,85,0
7404748,CVB45.BC,2025-10-23,Reparado / Garantía Lab,0,0,1065.0,1150,1
7404748,CVB45.BC,2025-10-28,Reparado / Garantía Lab,1,1,5.0,1155,1
7404748,CVB45.BC,2025-11-04,Reparado / Garantía Lab,2,2,7.0,1162,0
7404749,CVB45.BC,2023-06-14,Reparado,0,0,0.0,0,0
7404749,CVB45.BC,2025-03-07,Reparado / Garantía Lab,0,0,632.0,632,1
7404749,CVB45.BC,2025-04-04,Reparado / Garantía Lab,1,1,28.0,660,0
7404749,CVB45.BC,2025-09-02,Reparado / Garantía Lab,2,2,151.0,811,0
7404752,CVB45.BC,2022-12-04,Reparado,0,0,0.0,0,1
7404752,CVB45.BC,2022-12-12,Reparado / Garantía Lab,1,1,8.0,8,0
7404753,CVB45.BC,2021-02-04,Reparado,0,0,0.0,0,0
7404755,CVB45.BC,2021-02-17,Reparado,0,0,0.0,0,0
7404757,CVB45.BC,2022-09-02,Reparado,0,0,0.0,0,0
7404757,CVB45.BC,2022-11-10,Reparado / Garantía Lab,1,1,69.0,69,0
7404757,CVB45.BC,2025-07-08,Reparado / Garantía Lab,0,0,971.0,1040,0
7404759,CVB45.BC,2022-12-09,Reparado,0,0,0.0,0,0
7404760,CVB45.BC,2022-02-11,Reparado,0,0,0.0,0,0
7404760,CVB45.BC,2023-06-24,Reparado / Garantía Lab,0,0,498.0,498,0
7404762,CVB45.BC,2022-12-09,Reparado,0,0,0.0,0,0
7404763,CVB45.BC,2025-08-25,Reparado,0,0,0.0,0,0
7404764,CVB45.BC,2022-02-18,Reparado,0,0,0.0,0,0
7404764,CVB45.BC,2022-09-13,Reparado / Garantía Lab,0,1,207.0,207,0
7404764,CVB45.BC,2023-01-27,Reparado / Garantía Lab,1,2,136.0,343,0
7404765,CVB45.BC,2022-06-16,Reparado,0,0,0.0,0,0
7404766,CVB45.BC,2024-03-18,Reparado,0,0,0.0,0,0
7404767,CVB45.BC,2023-03-24,Reparado,0,0,0.0,0,0
7404768,CVB45.BC,2022-12-29,Reparado,0,0,0.0,0,0
7404768,CVB45.BC,2025-02-12,Reparado / Garantía Lab,0,0,776.0,776,0
7404771,CVB45.BC,2021-01-28,Reparado,0,0,0.0,0,0
7404771,CVB45.BC,2021-03-19,Reparado,1,1,50.0,50,0
7404771,CVB45.BC,2022-05-16,Reparado / Garantía Lab,0,0,423.0,473,0
7404771,CVB45.BC,2022-08-04,Reparado / Garantía Lab,1,1,80.0,553,0
7404771,CVB45.BC,2022-12-12,Reparado / Garantía Lab,1,2,130.0,683,0
7404771,CVB45.BC,2023-07-21,Reparado / Garantía Lab,0,2,221.0,904,0
7404771,CVB45.BC,2023-08-30,Reparado / Garantía Lab,1,2,40.0,944,0
7404771,CVB45.BC,2024-03-05,Reparado / Garantía Lab,0,2,188.0,1132,1
7404771,CVB45.BC,2024-03-22,Reparado / Garantía Lab,1,3,17.0,1149,1
7404771,CVB45.BC,2024-04-12,Reparado / Garantía Lab,2,4,21.0,1170,1
7404771,CVB45.BC,2024-04-19,Reparado / Garantía Lab,3,5,7.0,1177,0
7404771,CVB45.BC,2024-10-15,Reparado / Garantía Lab,1,4,179.0,1356,1
7404771,CVB45.BC,2024-10-18,Reparado / Garantía Lab,1,5,3.0,1359,1
7404771,CVB45.BC,2024-10-28,Reparado / Garantía Lab,2,6,10.0,1369,0
7404771,CVB45.BC,2025-04-22,Reparado / Garantía Lab,1,3,176.0,1545,0
7404771,CVB45.BC,2025-11-28,Reparado / Garantía Lab,0,1,220.0,1765,0
7404772,CVB45.BC,2021-12-24,Reparado,0,0,0.0,0,0
7404773,CVB45.BC,2021-11-23,Reparado,0,0,0.0,0,0
7404773,CVB45.BC,2022-03-09,Reparado / Garantía Lab,1,1,106.0,106,1
7404773,CVB45.BC,2022-03-14,Reparado / Garantía Lab,2,2,5.0,111,1
7404773,CVB45.BC,2022-03-16,Reparado / Garantía Lab,3,3,2.0,113,1
7404773,CVB45.BC,2022-03-21,Reparado / Garantía Lab,4,4,5.0,118,1
7404773,CVB45.BC,2022-03-24,Reparado / Garantía Lab,5,5,3.0,121,0
7404773,CVB45.BC,2022-10-26,Reparado / Garantía Lab,0,6,216.0,337,0
7404773,CVB45.BC,2022-12-19,Reparado / Garantía Lab,1,6,54.0,391,0
7404774,CVB45.BC,2025-11-19,Reparado / Garantía Lab,0,0,0.0,0,0
7404775,CVB45.BC,2023-10-20,Reparado,0,0,0.0,0,0
7404776,CVB45.BC,2021-01-05,Reparado,0,0,0.0,0,0
7404776,CVB45.BC,2021-12-22,Reparado / Garantía Lab,0,1,351.0,351,0
7404776,CVB45.BC,2025-11-25,Reparado / Garantía Lab,0,0,1434.0,1785,0
7404777,CVB45.BC,2021-05-31,Reparado,0,0,0.0,0,0
7404778,CVB45.BC,2022-08-27,Reparado,0,0,0.0,0,0
7404779,CVB45.BC,2023-10-11,Reparado,0,0,0.0,0,0
7404781,CVB45.BC,2023-05-31,Reparado,0,0,0.0,0,0
7404781,CVB45.BC,2024-07-13,Reparado / Garantía Lab,0,0,409.0,409,0
7404781,CVB45.BC,2025-10-15,Reparado / Garantía Lab,0,0,459.0,868,0
7404782,CVB45.BC,2023-05-24,Reparado,0,0,0.0,0,0
7404786,CVB45.BC,2023-11-01,Reparado,0,0,0.0,0,0
7404787,CVB45.BC,2024-11-28,POD Reparado,0,0,0.0,0,0
7404788,CVB45.BC,2021-07-08,Reparado,0,0,0.0,0,0
7404789,CVB45.BC,2023-01-09,Reparado,0,0,0.0,0,0
7404790,CVB45.BC,2021-09-30,Reparado,0,0,0.0,0,0
7404790,CVB45.BC,2022-08-02,Reparado / Garantía Lab,0,1,306.0,306,0
7404792,CVB45.BC,2021-07-22,Reparado,0,0,0.0,0,0
7404792,CVB45.BC,2023-07-26,Reparado / Garantía Lab,0,0,734.0,734,0
7404792,CVB45.BC,2025-08-26,Reparado / Garantía Lab,0,0,762.0,1496,0
7404793,CVB45.BC,2021-02-16,Reparado,0,0,0.0,0,0
7404793,CVB45.BC,2023-10-12,Reparado / Garantía Lab,0,0,968.0,968,0
7404793,CVB45.BC,2025-01-14,POD Reparado,0,0,460.0,1428,0
7404793,CVB45.BC,2025-09-24,Reparado / Garantía Lab,0,1,253.0,1681,1
7404793,CVB45.BC,2025-09-29,Reparado / Garantía Lab,1,2,5.0,1686,0
7404793,CVB45.BC,2025-11-28,Reparado / Garantía Lab,2,3,60.0,1746,1
7404793,CVB45.BC,2025-12-04,Reparado / Garantía Lab,3,4,6.0,1752,0
7404794,CVB45.BC,2022-12-23,Reparado,0,0,0.0,0,0
7404794,CVB45.BC,2023-11-01,Reparado / Garantía Lab,0,1,313.0,313,0
7404795,CVB45.BC,2022-06-27,Reparado,0,0,0.0,0,0
7404797,CVB45.BC,2020-11-27,Reparado,0,0,0.0,0,0
7404798,CVB45.BC,2022-05-31,Reparado,0,0,0.0,0,0
7404798,CVB45.BC,2022-10-02,Reparado / Garantía Lab,1,1,124.0,124,1
7404798,CVB45.BC,2022-10-14,Reparado / Garantía Lab,2,2,12.0,136,0
7404800,CVB45.BC,2021-07-08,Reparado,0,0,0.0,0,0
7404800,CVB45.BC,2022-03-07,Reparado / Garantía Lab,0,1,242.0,242,1
7404800,CVB45.BC,2022-03-16,Reparado / Garantía Lab,1,2,9.0,251,0
7404802,CVB45.BC,2025-08-26,Reparado,0,0,0.0,0,0
7404804,CVB45.BC,2022-11-03,Reparado,0,0,0.0,0,1
7404804,CVB45.BC,2022-11-15,Reparado / Garantía Lab,1,1,12.0,12,0
7404804,CVB45.BC,2025-08-08,Reparado / Garantía Lab,0,0,997.0,1009,0
7404804,CVB45.BC,2025-09-11,Reparado / Garantía Lab,1,1,34.0,1043,1
7404804,CVB45.BC,2025-09-16,Reparado / Garantía Lab,2,2,5.0,1048,0
7404806,CVB45.BC,2021-12-13,Reparado,0,0,0.0,0,0
7404806,CVB45.BC,2022-02-16,Reparado / Garantía Lab,1,1,65.0,65,0
7404806,CVB45.BC,2022-07-27,Reparado / Garantía Lab,1,2,161.0,226,0
7404806,CVB45.BC,2022-09-05,Reparado / Garantía Lab,1,3,40.0,266,1
7404806,CVB45.BC,2022-09-08,Reparado / Garantía Lab,2,4,3.0,269,1
7404806,CVB45.BC,2022-09-13,Reparado / Garantía Lab,3,5,5.0,274,0
7404807,CVB45.BC,2024-01-07,Reparado,0,0,0.0,0,0
7404808,CVB45.BC,2021-07-08,Reparado,0,0,0.0,0,0
7404809,CVB45.BC,2025-08-07,Reparado,0,0,0.0,0,0
7404812,CVB45.BC,2022-05-17,Reparado,0,0,0.0,0,0
7404812,CVB45.BC,2024-10-18,Reparado / Garantía Lab,0,0,885.0,885,0
7404813,CVB45.BC,2023-10-12,Reparado,0,0,0.0,0,0
7404814,CVB45.BC,2023-03-27,Reparado,0,0,0.0,0,0
7404815,CVB45.BC,2022-09-07,Reparado,0,0,0.0,0,0
7404815,CVB45.BC,2023-03-29,Reparado / Garantía Lab,0,1,203.0,203,0
7404816,CVB45.BC,2021-12-20,Reparado,0,0,0.0,0,0
7404818,CVB45.BC,2020-11-27,Reparado,0,0,0.0,0,0
7404818,CVB45.BC,2024-09-10,Reparado / Garantía Lab,0,0,1383.0,1383,0
7404819,CVB45.BC,2024-01-09,Reparado,0,0,0.0,0,0
7404819,CVB45.BC,2025-10-15,Reparado / Garantía Lab,0,0,645.0,645,0
7404819,CVB45.BC,2025-11-26,Reparado / Garantía Lab,1,1,42.0,687,0
7404820,CVB45.BC,2021-07-27,Reparado,0,0,0.0,0,1
7404820,CVB45.BC,2021-08-09,Reparado / Garantía Lab,1,1,13.0,13,0
7404820,CVB45.BC,2023-10-24,Reparado / Garantía Lab,0,0,806.0,819,0
7404822,CVB45.BC,2024-10-01,Reparado,0,0,0.0,0,0
7404823,CVB45.BC,2020-03-12,Reparado,0,0,0.0,0,0
7404823,CVB45.BC,2020-12-14,Reparado / Garantía Lab,0,1,277.0,277,0
7404823,CVB45.BC,2024-02-24,Reparado / Garantía Lab,0,0,1167.0,1444,0
7404823,CVB45.BC,2025-08-21,Reparado / Garantía Lab,0,0,544.0,1988,0
7404823,CVB45.BC,2025-10-13,Reparado / Garantía Lab,1,1,53.0,2041,0
7404825,CVB45.BC,2021-09-30,Reparado,0,0,0.0,0,0
7404825,CVB45.BC,2021-12-07,Reparado / Garantía Lab,1,1,68.0,68,0
7404826,CVB45.BC,2021-01-27,Reparado,0,0,0.0,0,0
7404826,CVB45.BC,2025-03-20,Reparado / Garantía Lab,0,0,1513.0,1513,0
7404826,CVB45.BC,2025-04-24,Reparado / Garantía Lab,1,1,35.0,1548,1
7404826,CVB45.BC,2025-04-29,Reparado / Garantía Lab,2,2,5.0,1553,1
7404826,CVB45.BC,2025-05-02,Reparado / Garantía Lab,3,3,3.0,1556,0
7404826,CVB45.BC,2025-07-18,Reparado / Garantía Lab,4,4,77.0,1633,1
7404826,CVB45.BC,2025-07-23,Reparado / Garantía Lab,5,5,5.0,1638,0
7404827,CVB45.BC,2025-08-21,Reparado / Garantía Lab,0,0,0.0,0,1
7404827,CVB45.BC,2025-08-27,Reparado / Garantía Lab,1,1,6.0,6,0
7404828,CVB45.BC,2025-06-06,POD Reparado,0,0,0.0,0,0
7404829,CVB45.BC,2022-03-17,Reparado,0,0,0.0,0,0
7404830,CVB45.BC,2023-09-30,Reparado,0,0,0.0,0,0
7404830,CVB45.BC,2024-05-13,Reparado / Garantía Lab,0,1,226.0,226,0
7404831,CVB45.BC,2023-06-01,Reparado,0,0,0.0,0,0
7404832,CVB45.BC,2023-01-14,Reparado,0,0,0.0,0,0
7404833,CVB45.BC,2024-08-23,Reparado,0,0,0.0,0,0
7404834,CVB45.BC,2025-08-08,Reparado,0,0,0.0,0,1
7404834,CVB45.BC,2025-08-22,Reparado / Garantía Lab,1,1,14.0,14,1
7404834,CVB45.BC,2025-08-27,Reparado / Garantía Lab,2,2,5.0,19,0
7404834,CVB45.BC,2025-10-06,Reparado / Garantía Lab,3,3,40.0,59,1
7404834,CVB45.BC,2025-10-08,Reparado / Garantía Lab,4,4,2.0,61,0
7404835,CVB45.BC,2021-10-18,Reparado,0,0,0.0,0,0
7404835,CVB45.BC,2022-04-11,Reparado / Garantía Lab,1,1,175.0,175,0
7404835,CVB45.BC,2024-10-24,Reparado / Garantía Lab,0,0,927.0,1102,1
7404835,CVB45.BC,2024-10-28,Reparado / Garantía Lab,1,1,4.0,1106,0
7404841,CVB45.BC,2021-02-08,Reparado,0,0,0.0,0,0
7404841,CVB45.BC,2023-01-11,Reparado / Garantía Lab,0,0,702.0,702,0
7404842,CVB45.BC,2022-12-26,Reparado,0,0,0.0,0,0
7404843,CVB45.BC,2023-09-29,Reparado,0,0,0.0,0,0
7404844,CVB45.BC,2022-11-16,Reparado,0,0,0.0,0,0
7404845,CVB45.BC,2023-05-30,Reparado,0,0,0.0,0,0
7404849,CVB45.BC,2021-09-30,Reparado,0,0,0.0,0,0
7404850,CVB45.BC,2024-07-12,Reparado,0,0,0.0,0,0
7404851,CVB45.BC,2025-10-20,Reparado,0,0,0.0,0,0
7404852,CVB45.BC,2023-10-31,Reparado,0,0,0.0,0,0
7404853,CVB45.BC,2025-09-26,Reparado / Garantía Lab,0,0,0.0,0,1
7404853,CVB45.BC,2025-10-02,Reparado / Garantía Lab,1,1,6.0,6,0
7404854,CVB45.BC,2021-05-31,Reparado,0,0,0.0,0,0
7404854,CVB45.BC,2021-09-21,Reparado / Garantía Lab,1,1,113.0,113,0
7404854,CVB45.BC,2025-10-20,Reparado / Garantía Lab,0,0,1490.0,1603,0
7404855,CVB45.BC,2021-09-20,Reparado,0,0,0.0,0,0
7404855,CVB45.BC,2024-05-20,Reparado / Garantía Lab,0,0,973.0,973,0
7404855,CVB45.BC,2025-07-08,POD Reparado,0,0,414.0,1387,0
7404856,CVB45.BC,2024-04-18,Reparado,0,0,0.0,0,0
7404857,CVB45.BC,2024-03-17,POD Reparado,0,0,0.0,0,0
7404858,CVB45.BC,2021-08-09,Reparado,0,0,0.0,0,0
7404859,CVB45.BC,2022-08-26,Reparado,0,0,0.0,0,0
7404861,CVB45.BC,2022-06-08,Reparado,0,0,0.0,0,0
7404862,CVB45.BC,2025-08-26,Reparado,0,0,0.0,0,0
7404863,CVB45.BC,2021-12-22,Reparado,0,0,0.0,0,0
7404863,CVB45.BC,2023-12-06,Reparado / Garantía Lab,0,0,714.0,714,0
7404863,CVB45.BC,2024-08-13,Reparado / Garantía Lab,0,1,251.0,965,1
7404863,CVB45.BC,2024-08-16,Reparado / Garantía Lab,1,2,3.0,968,0
7404863,CVB45.BC,2025-10-22,Reparado / Garantía Lab,0,0,432.0,1400,1
7404863,CVB45.BC,2025-10-27,Reparado / Garantía Lab,1,1,5.0,1405,0
7404865,CVB45.BC,2025-09-17,Reparado,0,0,0.0,0,0
7404865,CVB45.BC,2025-11-28,Reparado / Garantía Lab,1,1,72.0,72,0
7404867,CVB45.BC,2022-11-03,Reparado,0,0,0.0,0,1
7404867,CVB45.BC,2022-11-15,Reparado / Garantía Lab,1,1,12.0,12,0
7404867,CVB45.BC,2025-04-17,Reparado / Garantía Lab,0,0,884.0,896,1
7404867,CVB45.BC,2025-04-22,Reparado / Garantía Lab,1,1,5.0,901,1
7404867,CVB45.BC,2025-04-28,Reparado / Garantía Lab,2,2,6.0,907,1
7404867,CVB45.BC,2025-04-30,Reparado / Garantía Lab,3,3,2.0,909,1
7404867,CVB45.BC,2025-05-19,Reparado,4,4,19.0,928,1
7404867,CVB45.BC,2025-05-28,Reparado / Garantía Lab,5,5,9.0,937,0
7404868,CVB45.BC,2024-06-27,Reparado,0,0,0.0,0,0
7404871,CVB45.BC,2025-08-22,Reparado,0,0,0.0,0,0
7404872,CVB45.BC,2023-06-02,Reparado,0,0,0.0,0,0
7404872,CVB45.BC,2025-08-11,Reparado / Garantía Lab,0,0,801.0,801,0
7404874,CVB45.BC,2025-09-23,Reparado,0,0,0.0,0,0
7404876,CVB45.BC,2022-07-11,Reparado,0,0,0.0,0,0
7404879,CVB45.BC,2025-10-16,Reparado,0,0,0.0,0,0
7404880,CVB45.BC,2023-10-24,Reparado,0,0,0.0,0,0
7404881,CVB45.BC,2021-08-18,Reparado,0,0,0.0,0,0
7404881,CVB45.BC,2024-08-21,Reparado / Garantía Lab,0,0,1099.0,1099,1
7404881,CVB45.BC,2024-08-23,Reparado / Garantía Lab,1,1,2.0,1101,0
7404881,CVB45.BC,2025-10-20,Reparado / Garantía Lab,0,0,423.0,1524,0
7404882,CVB45.BC,2024-04-21,Reparado,0,0,0.0,0,0
7404883,CVB45.BC,2025-10-14,Reparado,0,0,0.0,0,0
7404884,CVB45.BC,2021-07-16,Reparado,0,0,0.0,0,0
7404884,CVB45.BC,2023-11-26,Reparado / Garantía Lab,0,0,863.0,863,0
7404885,CVB45.BC,2021-07-26,Reparado,0,0,0.0,0,0
7404885,CVB45.BC,2021-11-12,Reparado / Garantía Lab,1,1,109.0,109,0
7404885,CVB45.BC,2025-08-29,Reparado / Garantía Lab,0,0,1386.0,1495,0
7404886,CVB45.BC,2025-02-10,Reparado,0,0,0.0,0,0
7404888,CVB45.BC,2022-11-07,POD Reparado,0,0,0.0,0,0
7404888,CVB45.BC,2022-12-26,Reparado / Garantía Lab,1,1,49.0,49,0
7404891,CVB45.BC,2023-04-11,Reparado,0,0,0.0,0,0
7404891,CVB45.BC,2025-02-20,Reparado / Garantía Lab,0,0,681.0,681,1
7404891,CVB45.BC,2025-02-26,Reparado / Garantía Lab,1,1,6.0,687,0
7404892,CVB45.BC,2022-04-20,Reparado,0,0,0.0,0,0
7404892,CVB45.BC,2025-09-17,Reparado / Garantía Lab,0,0,1246.0,1246,0
7404893,CVB45.BC,2025-09-11,Reparado,0,0,0.0,0,0
7404894,CVB45.BC,2023-01-10,Reparado,0,0,0.0,0,0
7404895,CVB45.BC,2025-05-06,Reparado,0,0,0.0,0,0
7404896,CVB45.BC,2023-08-25,Reparado,0,0,0.0,0,0
7404896,CVB45.BC,2024-05-25,Reparado / Garantía Lab,0,1,274.0,274,0
7404896,CVB45.BC,2025-10-29,Reparado / Garantía Lab,0,0,522.0,796,1
7404896,CVB45.BC,2025-11-18,Reparado / Garantía Lab,1,1,20.0,816,1
7404896,CVB45.BC,2025-11-21,Reparado / Garantía Lab,2,2,3.0,819,0
7404897,CVB45.BC,2023-07-13,Reparado,0,0,0.0,0,0
7404899,CVB45.BC,2022-10-25,Reparado,0,0,0.0,0,1
7404899,CVB45.BC,2022-11-03,Reparado / Garantía Lab,1,1,9.0,9,1
7404899,CVB45.BC,2022-11-15,Reparado / Garantía Lab,2,2,12.0,21,0
7404900,CVB45.BC,2021-09-02,Reparado,0,0,0.0,0,0
7404901,CVB45.BC,2021-03-18,Reparado,0,0,0.0,0,1
7404901,CVB45.BC,2021-03-25,Reparado / Garantía Lab,1,1,7.0,7,0
7404901,CVB45.BC,2021-10-20,POD Reparado,0,2,209.0,216,0
7404901,CVB45.BC,2023-07-07,Reparado / Garantía Lab,0,0,625.0,841,0
7404901,CVB45.BC,2024-07-23,Reparado / Garantía Lab,0,0,382.0,1223,0
7404902,CVB45.BC,2021-03-16,Reparado,0,0,0.0,0,0
7404902,CVB45.BC,2021-05-26,Reparado / Garantía Lab,1,1,71.0,71,0
7404902,CVB45.BC,2023-03-01,Reparado / Garantía Lab,0,0,644.0,715,0
7404902,CVB45.BC,2023-05-31,Reparado / Garantía Lab,1,1,91.0,806,0
7404903,CVB45.BC,2020-11-19,Reparado,0,0,0.0,0,0
7404903,CVB45.BC,2021-03-05,Reparado / Garantía Lab,1,1,106.0,106,0
7404903,CVB45.BC,2021-11-05,Reparado / Garantía Lab,0,2,245.0,351,0
7404903,CVB45.BC,2023-03-15,Reparado / Garantía Lab,0,0,495.0,846,0
7404904,CVB45.BC,2020-11-27,Reparado,0,0,0.0,0,1
7404904,CVB45.BC,2020-12-01,Reparado,1,1,4.0,4,1
7404904,CVB45.BC,2020-12-11,Reparado,2,2,10.0,14,0
7404905,CVB45.BC,2025-09-05,Reparado,0,0,0.0,0,0
7404907,CVB45.BC,2024-04-03,Reparado,0,0,0.0,0,0
7404909,CVB45.BC,2021-09-27,Reparado,0,0,0.0,0,0
7404909,CVB45.BC,2022-01-13,Reparado / Garantía Lab,1,1,108.0,108,0
7404910,CVB45.BC,2022-10-03,Reparado,0,0,0.0,0,0
7404913,CVB45.BC,2024-03-23,Reparado,0,0,0.0,0,0
7404913,CVB45.BC,2025-05-28,Reparado / Garantía Lab,0,0,431.0,431,1
7404913,CVB45.BC,2025-06-02,Reparado / Garantía Lab,1,1,5.0,436,0
7404914,CVB45.BC,2025-09-24,Reparado / Garantía Lab,0,0,0.0,0,1
7404914,CVB45.BC,2025-09-26,Reparado / Garantía Lab,1,1,2.0,2,0
7404919,CVB45.BC,2023-11-28,POD Reparado,0,0,0.0,0,1
7404919,CVB45.BC,2023-12-15,Reparado / Garantía Lab,1,1,17.0,17,0
7404921,CVB45.BC,2025-01-07,POD Reparado,0,0,0.0,0,0
7404921,CVB45.BC,2025-03-06,Reparado / Garantía Lab,1,1,58.0,58,1
7404921,CVB45.BC,2025-03-13,Reparado / Garantía Lab,2,2,7.0,65,1
7404921,CVB45.BC,2025-03-18,Reparado / Garantía Lab,3,3,5.0,70,1
7404921,CVB45.BC,2025-03-21,Reparado / Garantía Lab,4,4,3.0,73,1
7404921,CVB45.BC,2025-04-04,Reparado / Garantía Lab,5,5,14.0,87,1
7404921,CVB45.BC,2025-04-09,Reparado / Garantía Lab,6,6,5.0,92,1
7404921,CVB45.BC,2025-05-02,Reparado / Garantía Lab,7,7,23.0,115,0
7404921,CVB45.BC,2025-06-13,Reparado / Garantía Lab,8,8,42.0,157,1
7404921,CVB45.BC,2025-06-18,Reparado / Garantía Lab,9,9,5.0,162,1
7404921,CVB45.BC,2025-06-24,Reparado / Garantía Lab,10,10,6.0,168,0
7404921,CVB45.BC,2025-07-28,Reparado / Garantía Lab,10,11,34.0,202,0
7404922,CVB45.BC,2021-07-24,Reparado,0,0,0.0,0,0
7404923,CVB45.BC,2021-07-12,Reparado,0,0,0.0,0,0
7404923,CVB45.BC,2021-09-15,Reparado / Garantía Lab,1,1,65.0,65,0
7404923,CVB45.BC,2021-11-13,Reparado / Garantía Lab,2,2,59.0,124,0
7404923,CVB45.BC,2022-02-22,Reparado / Garantía Lab,2,3,101.0,225,0
7404924,CVB45.BC,2024-09-09,Reparado,0,0,0.0,0,0
7404924,CVB45.BC,2025-08-08,Reparado / Garantía Lab,0,1,333.0,333,0
7404925,CVB45.BC,2022-06-28,Reparado,0,0,0.0,0,0
7404925,CVB45.BC,2024-10-07,Reparado / Garantía Lab,0,0,832.0,832,0
7404926,CVB45.BC,2023-07-07,Reparado,0,0,0.0,0,0
7404926,CVB45.BC,2025-09-17,Reparado / Garantía Lab,0,0,803.0,803,0
7404927,CVB45.BC,2023-10-31,Reparado,0,0,0.0,0,0
7404928,CVB45.BC,2023-05-29,Reparado,0,0,0.0,0,0
7404931,CVB45.BC,2023-10-16,Reparado,0,0,0.0,0,0
7404931,CVB45.BC,2025-08-13,Reparado / Garantía Lab,0,0,667.0,667,0
7404932,CVB45.BC,2021-06-07,Reparado,0,0,0.0,0,0
7404933,CVB45.BC,2023-07-06,Reparado,0,0,0.0,0,1
7404933,CVB45.BC,2023-07-12,Reparado / Garantía Lab,1,1,6.0,6,0
7404934,CVB45.BC,2021-04-06,Reparado,0,0,0.0,0,0
7404934,CVB45.BC,2023-01-21,Reparado / Garantía Lab,0,0,655.0,655,0
7404936,CVB45.BC,2023-06-05,Reparado,0,0,0.0,0,0
7404936,CVB45.BC,2025-09-29,Reparado / Garantía Lab,0,0,847.0,847,0
7404938,CVB45.BC,2021-08-12,Reparado,0,0,0.0,0,0
7404938,CVB45.BC,2022-07-20,Reparado / Garantía Lab,0,1,342.0,342,0
7404940,CVB45.BC,2025-10-16,Reparado,0,0,0.0,0,0
7404942,CVB45.BC,2025-06-02,Reparado / Garantía Lab,0,0,0.0,0,1
7404942,CVB45.BC,2025-06-05,Reparado / Garantía Lab,1,1,3.0,3,0
7404942,CVB45.BC,2025-07-21,Reparado / Garantía Lab,2,2,46.0,49,0
7404945,CVB45.BC,2024-03-15,Reparado,0,0,0.0,0,0
7404945,CVB45.BC,2024-08-07,Reparado / Garantía Lab,1,1,145.0,145,0
7404946,CVB45.BC,2021-08-16,Reparado,0,0,0.0,0,0
7404946,CVB45.BC,2021-10-18,Reparado / Garantía Lab,1,1,63.0,63,0
7404948,CVB45.BC,2021-02-17,Reparado,0,0,0.0,0,0
7404948,CVB45.BC,2021-05-20,Reparado,1,1,92.0,92,0
7404948,CVB45.BC,2024-01-27,Reparado / Garantía Lab,0,0,982.0,1074,0
7404949,CVB45.BC,2023-05-06,Reparado,0,0,0.0,0,0
7404950,CVB45.BC,2020-09-01,Reparado,0,0,0.0,0,0
7404950,CVB45.BC,2021-09-18,Reparado / Garantía Lab,0,0,382.0,382,0
7404950,CVB45.BC,2023-08-31,Reparado / Garantía Lab,0,0,712.0,1094,0
7404951,CVB45.BC,2023-05-22,Reparado,0,0,0.0,0,0
7404951,CVB45.BC,2025-02-17,Reparado,0,0,637.0,637,0
7404952,CVB45.BC,2021-01-21,Reparado,0,0,0.0,0,0
7404952,CVB45.BC,2022-01-19,Reparado,0,1,363.0,363,0
7404952,CVB45.BC,2024-01-16,Reparado / Garantía Lab,0,0,727.0,1090,0
7404952,CVB45.BC,2025-02-24,Reparado / Garantía Lab,0,0,405.0,1495,0
7404953,CVB45.BC,2021-10-30,Reparado,0,0,0.0,0,0
7404953,CVB45.BC,2021-12-16,Reparado / Garantía Lab,1,1,47.0,47,0
7404953,CVB45.BC,2023-05-18,Reparado / Garantía Lab,0,0,518.0,565,0
7404954,CVB45.BC,2022-12-26,Reparado,0,0,0.0,0,0
7404955,CVB45.BC,2021-11-23,Reparado,0,0,0.0,0,0
7404955,CVB45.BC,2025-09-02,Reparado / Garantía Lab,0,0,1379.0,1379,0
7404956,CVB45.BC,2021-11-10,Reparado,0,0,0.0,0,0
7404957,CVB45.BC,2020-11-19,Reparado,0,0,0.0,0,1
7404957,CVB45.BC,2020-11-25,Reparado / Garantía Lab,1,1,6.0,6,0
7404957,CVB45.BC,2023-03-29,Reparado / Garantía Lab,0,0,854.0,860,0
7404958,CVB45.BC,2022-09-20,Reparado,0,0,0.0,0,1
7404958,CVB45.BC,2022-09-27,Reparado / Garantía Lab,1,1,7.0,7,1
7404958,CVB45.BC,2022-09-29,Reparado / Garantía Lab,2,2,2.0,9,0
7404958,CVB45.BC,2024-01-16,POD Reparado,0,0,474.0,483,0
7404961,CVB45.BC,2025-05-22,Reparado,0,0,0.0,0,0
7404962,CVB45.BC,2023-06-03,Reparado,0,0,0.0,0,0
7404964,CVB45.BC,2020-11-13,Reparado,0,0,0.0,0,0
7404964,CVB45.BC,2024-09-10,Reparado / Garantía Lab,0,0,1397.0,1397,1
7404964,CVB45.BC,2024-09-12,Reparado / Garantía Lab,1,1,2.0,1399,0
7404965,CVB45.BC,2022-01-25,Reparado,0,0,0.0,0,0
7404965,CVB45.BC,2022-09-30,Reparado / Garantía Lab,0,1,248.0,248,0
7404967,CVB45.BC,2022-12-06,Reparado,0,0,0.0,0,0
7404968,CVB45.BC,2022-10-13,Reparado,0,0,0.0,0,0
7404970,CVB45.BC,2021-06-25,Reparado,0,0,0.0,0,1
7404970,CVB45.BC,2021-07-10,Reparado / Garantía Lab,1,1,15.0,15,0
7404971,CVB45.BC,2024-09-17,Reparado / Garantía Lab,0,0,0.0,0,1
7404971,CVB45.BC,2024-09-25,Reparado,1,1,8.0,8,1
7404971,CVB45.BC,2024-10-14,Reparado / Garantía Lab,2,2,19.0,27,0
7404971,CVB45.BC,2024-11-22,Reparado / Garantía Lab,3,3,39.0,66,1
7404971,CVB45.BC,2024-11-26,Reparado / Garantía Lab,4,4,4.0,70,1
7404971,CVB45.BC,2024-12-02,Reparado / Garantía Lab,5,5,6.0,76,1
7404971,CVB45.BC,2024-12-05,Reparado / Garantía Lab,6,6,3.0,79,1
7404971,CVB45.BC,2024-12-09,Reparado / Garantía Lab,7,7,4.0,83,1
7404971,CVB45.BC,2024-12-12,Reparado / Garantía Lab,8,8,3.0,86,1
7404971,CVB45.BC,2025-01-09,Reparado / Garantía Lab,9,9,28.0,114,0
7404973,CVB45.BC,2023-10-30,Reparado,0,0,0.0,0,0
7404977,CVB45.BC,2025-03-24,Reparado,0,0,0.0,0,0
7404979,CVB45.BC,2023-08-19,Reparado,0,0,0.0,0,0
7404984,CVB45.BC,2024-11-20,Reparado,0,0,0.0,0,0
7404984,CVB45.BC,2025-10-20,Reparado / Garantía Lab,0,1,334.0,334,0
7404985,CVB45.BC,2022-12-16,Reparado,0,0,0.0,0,0
7404987,CVB45.BC,2023-01-07,Reparado,0,0,0.0,0,0
7404987,CVB45.BC,2025-02-24,Reparado / Garantía Lab,0,0,779.0,779,1
7404987,CVB45.BC,2025-02-27,Reparado / Garantía Lab,1,1,3.0,782,0
7404988,CVB45.BC,2022-08-03,Reparado,0,0,0.0,0,0
7404990,CVB45.BC,2020-12-03,Reparado,0,0,0.0,0,0
7404990,CVB45.BC,2024-02-22,Reparado / Garantía Lab,0,0,1176.0,1176,0
7404992,CVB45.BC,2021-05-29,Reparado,0,0,0.0,0,0
7404992,CVB45.BC,2024-09-24,Reparado / Garantía Lab,0,0,1214.0,1214,0
7404992,CVB45.BC,2025-11-10,Reparado / Garantía Lab,0,0,412.0,1626,1
7404992,CVB45.BC,2025-11-12,Reparado / Garantía Lab,1,1,2.0,1628,0
7404993,CVB45.BC,2020-12-30,Reparado,0,0,0.0,0,0
7404993,CVB45.BC,2023-06-07,Reparado / Garantía Lab,0,0,889.0,889,0
7404994,CVB45.BC,2023-05-31,Reparado,0,0,0.0,0,0
7404995,CVB45.BC,2021-05-15,Reparado,0,0,0.0,0,0
7404995,CVB45.BC,2023-05-15,Reparado / Garantía Lab,0,0,730.0,730,0
7404996,CVB45.BC,2023-10-27,Reparado,0,0,0.0,0,0
7404997,CVB45.BC,2021-09-02,Reparado,0,0,0.0,0,0
7404997,CVB45.BC,2022-03-31,Reparado / Garantía Lab,0,1,210.0,210,0
7404997,CVB45.BC,2022-07-14,Reparado / Garantía Lab,1,2,105.0,315,0
7404997,CVB45.BC,2023-01-06,Reparado / Garantía Lab,1,2,176.0,491,0
7404997,CVB45.BC,2023-09-08,Reparado / Garantía Lab,0,1,245.0,736,0
7404997,CVB45.BC,2024-02-20,Reparado / Garantía Lab,1,1,165.0,901,0
7404997,CVB45.BC,2024-04-04,Reparado / Garantía Lab,1,2,44.0,945,1
7404997,CVB45.BC,2024-04-09,Reparado / Garantía Lab,2,3,5.0,950,0
7404998,CVB45.BC,2023-12-05,Reparado,0,0,0.0,0,0
7404999,CVB45.BC,2025-05-02,Reparado,0,0,0.0,0,0
7405000,CVB45.BC,2021-04-01,Reparado,0,0,0.0,0,1
7405000,CVB45.BC,2021-04-15,POD,1,1,14.0,14,1
7405000,CVB45.BC,2021-04-19,POD Reparado,2,2,4.0,18,0
7405000,CVB45.BC,2021-10-07,Reparado / Garantía Lab,2,3,171.0,189,0
7405000,CVB45.BC,2022-06-27,Reparado / Garantía Lab,0,1,263.0,452,1
7405000,CVB45.BC,2022-07-04,Reparado / Garantía Lab,1,2,7.0,459,1
7405000,CVB45.BC,2022-07-25,Reparado / Garantía Lab,2,3,21.0,480,1
7405000,CVB45.BC,2022-07-28,Reparado / Garantía Lab,3,4,3.0,483,0
7405002,CVB45.BC,2024-06-13,Reparado,0,0,0.0,0,0
7405002,CVB45.BC,2024-11-28,Reparado / Garantía Lab,1,1,168.0,168,0
7405003,CVB45.BC,2021-09-20,Reparado,0,0,0.0,0,0
7405004,CVB45.BC,2022-11-19,Reparado,0,0,0.0,0,0
7405008,CVB45.BC,2021-02-24,Reparado,0,0,0.0,0,0
7405008,CVB45.BC,2021-08-02,Reparado / Garantía Lab,1,1,159.0,159,1
7405008,CVB45.BC,2021-08-20,Reparado / Garantía Lab,2,2,18.0,177,0
7405009,CVB45.BC,2021-01-22,Reparado,0,0,0.0,0,0
7405010,CVB45.BC,2021-10-07,Reparado,0,0,0.0,0,0
7405010,CVB45.BC,2022-03-12,POD Reparado,1,1,156.0,156,0
7405011,CVB45.BC,2025-07-10,Reparado,0,0,0.0,0,0
7405012,CVB45.BC,2023-07-05,Reparado,0,0,0.0,0,0
7405014,CVB45.BC,2022-04-28,Reparado,0,0,0.0,0,0
7405014,CVB45.BC,2025-09-05,Reparado / Garantía Lab,0,0,1226.0,1226,0
7405015,CVB45.BC,2021-11-18,Reparado,0,0,0.0,0,0
7405015,CVB45.BC,2022-10-07,POD Reparado,0,1,323.0,323,0
7405016,CVB45.BC,2025-04-14,Reparado,0,0,0.0,0,0
7405017,CVB45.BC,2023-06-29,Reparado,0,0,0.0,0,0
7405017,CVB45.BC,2025-12-05,Proceso,0,0,890.0,890,0
7405018,CVB45.BC,2020-11-19,Reparado,0,0,0.0,0,1
7405018,CVB45.BC,2020-11-20,Reparado,1,1,1.0,1,1
7405018,CVB45.BC,2020-12-18,Reparado,2,2,28.0,29,1
7405018,CVB45.BC,2020-12-29,Reparado,3,3,11.0,40,0
7405019,CVB45.BC,2021-01-21,Reparado,0,0,0.0,0,0
7405019,CVB45.BC,2021-10-04,Reparado,0,1,256.0,256,0
7405019,CVB45.BC,2022-03-22,Reparado / Garantía Lab,1,1,169.0,425,0
7405020,CVB45.BC,2021-07-04,Reparado,0,0,0.0,0,0
7405020,CVB45.BC,2025-11-13,Reparado / Garantía Lab,0,0,1593.0,1593,0
7405021,CVB45.BC,2023-07-27,POD Reparado,0,0,0.0,0,0
7405024,CVB45.BC,2025-08-20,Reparado,0,0,0.0,0,0
7405026,CVB45.BC,2022-02-28,Reparado,0,0,0.0,0,1
7405026,CVB45.BC,2022-03-10,Reparado / Garantía Lab,1,1,10.0,10,0
7405026,CVB45.BC,2022-06-22,Reparado / Garantía Lab,2,2,104.0,114,0
7405026,CVB45.BC,2025-06-04,Reparado / Garantía Lab,0,0,1078.0,1192,0
7405027,CVB45.BC,2021-09-15,Reparado,0,0,0.0,0,0
7405027,CVB45.BC,2023-06-12,Reparado / Garantía Lab,0,0,635.0,635,0
7405028,CVB45.BC,2024-06-19,Reparado,0,0,0.0,0,0
7405029,CVB45.BC,2022-10-04,Reparado,0,0,0.0,0,0
7405031,CVB45.BC,2021-04-05,Reparado,0,0,0.0,0,0
7405031,CVB45.BC,2021-10-09,Reparado / Garantía Lab,0,1,187.0,187,0
7405031,CVB45.BC,2025-09-11,Reparado / Garantía Lab,0,0,1433.0,1620,0
7405033,CVB45.BC,2021-08-06,Reparado,0,0,0.0,0,1
7405033,CVB45.BC,2021-08-16,Reparado / Garantía Lab,1,1,10.0,10,0
7405033,CVB45.BC,2024-09-12,Reparado / Garantía Lab,0,0,1123.0,1133,0
7405034,CVB45.BC,2021-12-23,Reparado,0,0,0.0,0,0
7405034,CVB45.BC,2025-11-28,Reparado / Garantía Lab,0,0,1436.0,1436,0
7405035,CVB45.BC,2022-09-27,Reparado,0,0,0.0,0,0
7405037,CVB45.BC,2024-11-19,Reparado,0,0,0.0,0,0
7405037,CVB45.BC,2025-08-05,Reparado / Garantía Lab,0,1,259.0,259,0
7405038,CVB45.BC,2022-09-27,Reparado,0,0,0.0,0,0
7405042,CVB45.BC,2022-07-01,Reparado,0,0,0.0,0,0
7405043,CVB45.BC,2021-07-27,Reparado,0,0,0.0,0,0
7405044,CVB45.BC,2021-01-25,Reparado,0,0,0.0,0,0
7405044,CVB45.BC,2025-01-24,Reparado / Garantía Lab,0,0,1460.0,1460,1
7405044,CVB45.BC,2025-02-07,Reparado / Garantía Lab,1,1,14.0,1474,1
7405044,CVB45.BC,2025-02-14,Reparado / Garantía Lab,2,2,7.0,1481,0
7405044,CVB45.BC,2025-08-11,Reparado / Garantía Lab,1,3,178.0,1659,1
7405044,CVB45.BC,2025-08-14,Reparado / Garantía Lab,1,4,3.0,1662,0
7405044,CVB45.BC,2025-11-28,Reparado / Garantía Lab,2,5,106.0,1768,0
7405047,CVB45.BC,2021-04-14,Reparado,0,0,0.0,0,0
7405050,CVB45.BC,2024-10-25,Reparado,0,0,0.0,0,0
7405051,CVB45.BC,2024-04-03,Reparado,0,0,0.0,0,0
7405052,CVB45.BC,2021-10-19,Reparado,0,0,0.0,0,0
7405052,CVB45.BC,2022-11-16,Reparado / Garantía Lab,0,0,393.0,393,0
7405052,CVB45.BC,2023-06-28,Reparado,0,1,224.0,617,0
7405053,CVB45.BC,2021-11-19,Reparado,0,0,0.0,0,0
7405053,CVB45.BC,2023-08-05,Reparado / Garantía Lab,0,0,624.0,624,0
7405053,CVB45.BC,2023-09-05,Reparado / Garantía Lab,1,1,31.0,655,1
7405053,CVB45.BC,2023-09-26,Reparado / Garantía Lab,2,2,21.0,676,0
7405057,CVB45.BC,2020-12-02,Reparado,0,0,0.0,0,0
7405058,CVB45.BC,2021-03-25,Reparado,0,0,0.0,0,0
7405058,CVB45.BC,2024-01-12,Reparado / Garantía Lab,0,0,1023.0,1023,0
7405059,CVB45.BC,2023-04-04,POD Reparado,0,0,0.0,0,0
7405059,CVB45.BC,2024-09-05,Reparado / Garantía Lab,0,0,520.0,520,0
7405059,CVB45.BC,2025-07-10,Reparado / Garantía Lab,0,1,308.0,828,0
7405060,CVB45.BC,2021-11-17,Reparado,0,0,0.0,0,0
7405060,CVB45.BC,2023-08-26,Reparado / Garantía Lab,0,0,647.0,647,0
7405060,CVB45.BC,2024-05-25,Reparado / Garantía Lab,0,1,273.0,920,0
7405061,CVB45.BC,2025-08-25,Reparado,0,0,0.0,0,0
7405062,CVB45.BC,2021-09-01,Reparado,0,0,0.0,0,0
7405062,CVB45.BC,2024-07-09,Reparado / Garantía Lab,0,0,1042.0,1042,0
7405062,CVB45.BC,2025-09-08,Reparado / Garantía Lab,0,0,426.0,1468,0
7405065,CVB45.BC,2021-06-14,Reparado,0,0,0.0,0,0
7405066,CVB45.BC,2021-12-02,Reparado,0,0,0.0,0,0
7405068,CVB45.BC,2023-06-14,Reparado,0,0,0.0,0,0
7405068,CVB45.BC,2024-04-01,Reparado / Garantía Lab,0,1,292.0,292,0
7405069,CVB45.BC,2023-01-09,Reparado,0,0,0.0,0,0
7405069,CVB45.BC,2025-07-30,Reparado / Garantía Lab,0,0,933.0,933,1
7405069,CVB45.BC,2025-08-26,Reparado / Garantía Lab,1,1,27.0,960,0
7405069,CVB45.BC,2025-10-02,Reparado / Garantía Lab,2,2,37.0,997,1
7405069,CVB45.BC,2025-10-20,Reparado / Garantía Lab,3,3,18.0,1015,0
7405070,CVB45.BC,2022-11-29,Reparado,0,0,0.0,0,0
7405071,CVB45.BC,2025-03-04,Reparado,0,0,0.0,0,0
7405071,CVB45.BC,2025-10-03,Reparado / Garantía Lab,0,1,213.0,213,0
7405072,CVB45.BC,2023-10-19,Reparado,0,0,0.0,0,0
7405073,CVB45.BC,2024-06-21,Reparado,0,0,0.0,0,0
7405074,CVB45.BC,2023-04-21,Reparado,0,0,0.0,0,0
7405075,CVB45.BC,2023-07-31,Reparado,0,0,0.0,0,0
7405076,CVB45.BC,2021-09-29,Reparado,0,0,0.0,0,0
7405076,CVB45.BC,2025-10-20,Reparado / Garantía Lab,0,0,1482.0,1482,0
7405079,CVB45.BC,2022-02-14,Reparado,0,0,0.0,0,0
7405079,CVB45.BC,2023-02-11,Reparado / Garantía Lab,0,1,362.0,362,0
7405083,CVB45.BC,2022-07-08,Reparado,0,0,0.0,0,0
7405085,CVB45.BC,2023-10-20,Reparado,0,0,0.0,0,0
7405087,CVB45.BC,2025-08-05,POD Reparado,0,0,0.0,0,0
7405088,CVB45.BC,2021-11-22,Reparado,0,0,0.0,0,1
7405088,CVB45.BC,2021-11-29,Reparado / Garantía Lab,1,1,7.0,7,0
7405088,CVB45.BC,2022-01-04,Reparado / Garantía Lab,2,2,36.0,43,1
7405088,CVB45.BC,2022-01-11,Reparado / Garantía Lab,3,3,7.0,50,1
7405088,CVB45.BC,2022-01-14,Reparado / Garantía Lab,4,4,3.0,53,0
7405088,CVB45.BC,2025-10-20,Reparado / Garantía Lab,0,0,1375.0,1428,0
7405089,CVB45.BC,2021-10-13,Reparado,0,0,0.0,0,0
7405091,CVB45.BC,2022-08-16,Reparado,0,0,0.0,0,0
7405091,CVB45.BC,2025-04-28,Reparado / Garantía Lab,0,0,986.0,986,1
7405091,CVB45.BC,2025-04-30,Reparado / Garantía Lab,1,1,2.0,988,0
7405091,CVB45.BC,2025-08-08,Reparado / Garantía Lab,2,2,100.0,1088,0
7405092,CVB45.BC,2022-09-02,Reparado,0,0,0.0,0,0
7405092,CVB45.BC,2022-11-08,Reparado / Garantía Lab,1,1,67.0,67,0
7405092,CVB45.BC,2024-04-17,Reparado / Garantía Lab,0,0,526.0,593,0
7405092,CVB45.BC,2025-09-11,Reparado / Garantía Lab,0,0,512.0,1105,0
7405093,CVB45.BC,2021-07-04,Reparado,0,0,0.0,0,0
7405093,CVB45.BC,2023-08-30,Reparado / Garantía Lab,0,0,787.0,787,0
7405094,CVB45.BC,2021-04-25,Reparado,0,0,0.0,0,0
7405094,CVB45.BC,2023-10-19,Reparado / Garantía Lab,0,0,907.0,907,0
7405095,CVB45.BC,2022-12-14,Reparado,0,0,0.0,0,0
7405095,CVB45.BC,2023-06-06,Reparado,1,1,174.0,174,0
7405095,CVB45.BC,2024-01-16,Reparado / Garantía Lab,0,1,224.0,398,1
7405095,CVB45.BC,2024-01-24,Reparado / Garantía Lab,1,2,8.0,406,0
7405096,CVB45.BC,2022-11-02,Reparado,0,0,0.0,0,1
7405096,CVB45.BC,2022-11-23,Reparado / Garantía Lab,1,1,21.0,21,0
7405097,CVB45.BC,2023-06-01,Reparado,0,0,0.0,0,0
7405098,CVB45.BC,2021-09-24,POD Reparado,0,0,0.0,0,0
7405098,CVB45.BC,2025-12-05,Proceso,0,0,1533.0,1533,0
7405099,CVB45.BC,2023-12-06,Reparado,0,0,0.0,0,0
7405100,CVB45.BC,2021-12-28,Reparado,0,0,0.0,0,0
7405100,CVB45.BC,2022-12-12,Reparado / Garantía Lab,0,1,349.0,349,0
7405101,CVB45.BC,2023-01-09,Reparado,0,0,0.0,0,0
7405103,CVB45.BC,2022-12-16,Reparado,0,0,0.0,0,0
7405104,CVB45.BC,2022-04-08,Reparado,0,0,0.0,0,0
7405104,CVB45.BC,2022-07-01,Reparado / Garantía Lab,1,1,84.0,84,0
7405105,CVB45.BC,2024-07-26,Reparado,0,0,0.0,0,0
7405106,CVB45.BC,2022-12-31,Reparado,0,0,0.0,0,0
7405107,CVB45.BC,2023-05-27,Reparado,0,0,0.0,0,0
7405107,CVB45.BC,2025-09-23,Reparado / Garantía Lab,0,0,850.0,850,0
7405109,CVB45.BC,2023-01-20,Reparado,0,0,0.0,0,0
7405109,CVB45.BC,2024-05-04,Reparado / Garantía Lab,0,0,470.0,470,0
7405110,CVB45.BC,2021-04-22,Reparado,0,0,0.0,0,0
7405110,CVB45.BC,2022-09-29,Reparado / Garantía Lab,0,0,525.0,525,0
7405111,CVB45.BC,2021-12-21,Reparado,0,0,0.0,0,0
7405111,CVB45.BC,2022-06-14,Reparado / Garantía Lab,1,1,175.0,175,0
7405111,CVB45.BC,2022-09-26,Reparado / Garantía Lab,1,2,104.0,279,1
7405111,CVB45.BC,2022-10-03,Reparado / Garantía Lab,2,3,7.0,286,1
7405111,CVB45.BC,2022-10-05,Reparado / Garantía Lab,3,4,2.0,288,0
7405111,CVB45.BC,2023-06-20,Reparado,0,3,258.0,546,1
7405111,CVB45.BC,2023-06-28,Reparado / Garantía Lab,1,4,8.0,554,0
7405111,CVB45.BC,2023-10-13,Reparado / Garantía Lab,2,2,107.0,661,1
7405111,CVB45.BC,2023-10-18,Reparado / Garantía Lab,3,3,5.0,666,1
7405111,CVB45.BC,2023-11-15,Reparado / Garantía Lab,4,4,28.0,694,0
7405111,CVB45.BC,2024-05-13,Reparado / Garantía Lab,1,5,180.0,874,0
7405111,CVB45.BC,2024-07-03,Reparado / Garantía Lab,1,4,51.0,925,1
7405111,CVB45.BC,2024-07-10,Reparado / Garantía Lab,2,5,7.0,932,1
7405111,CVB45.BC,2024-08-07,Reparado / Garantía Lab,3,6,28.0,960,0
7405111,CVB45.BC,2024-10-10,Reparado / Garantía Lab,4,7,64.0,1024,1
7405111,CVB45.BC,2024-11-05,Reparado / Garantía Lab,5,6,26.0,1050,0
7405111,CVB45.BC,2024-12-31,Reparado / Garantía Lab,4,6,56.0,1106,0
7405111,CVB45.BC,2025-02-04,Reparado / Garantía Lab,3,7,35.0,1141,1
7405111,CVB45.BC,2025-02-06,Reparado / Garantía Lab,4,8,2.0,1143,0
7405111,CVB45.BC,2025-04-02,Reparado / Garantía Lab,5,9,55.0,1198,1
7405111,CVB45.BC,2025-04-28,Reparado / Garantía Lab,5,10,26.0,1224,0
7405111,CVB45.BC,2025-08-14,Reparado / Garantía Lab,2,7,108.0,1332,0
7405111,CVB45.BC,2025-11-21,Reparado / Garantía Lab,1,6,99.0,1431,0
7405116,CVB45.BC,2024-10-01,Reparado,0,0,0.0,0,0
7405116,CVB45.BC,2025-06-25,POD Reparado,0,1,267.0,267,0
7405117,CVB45.BC,2025-09-08,Reparado,0,0,0.0,0,0
7405117,CVB45.BC,2025-11-21,Reparado / Garantía Lab,1,1,74.0,74,1
7405117,CVB45.BC,2025-12-02,Reparado / Garantía Lab,2,2,11.0,85,0
7405118,CVB45.BC,2022-01-18,Reparado,0,0,0.0,0,0
7405118,CVB45.BC,2025-09-09,Reparado / Garantía Lab,0,0,1330.0,1330,0
7405120,CVB45.BC,2023-04-10,Reparado,0,0,0.0,0,0
7405120,CVB45.BC,2025-09-05,Reparado / Garantía Lab,0,0,879.0,879,0
7405121,CVB45.BC,2023-03-25,Reparado,0,0,0.0,0,0
7405121,CVB45.BC,2024-04-24,Reparado / Garantía Lab,0,0,396.0,396,0
7405122,CVB45.BC,2021-03-04,Reparado,0,0,0.0,0,0
7405122,CVB45.BC,2021-08-03,Reparado / Garantía Lab,1,1,152.0,152,0
7405122,CVB45.BC,2024-08-21,Reparado / Garantía Lab,0,0,1114.0,1266,0
7405123,CVB45.BC,2022-07-20,Reparado,0,0,0.0,0,1
7405123,CVB45.BC,2022-08-10,Reparado / Garantía Lab,1,1,21.0,21,0
7405124,CVB45.BC,2020-11-13,Reparado,0,0,0.0,0,1
7405124,CVB45.BC,2020-11-17,Reparado / Garantía Lab,1,1,4.0,4,0
7405125,CVB45.BC,2020-09-21,Reparado,0,0,0.0,0,0
7405125,CVB45.BC,2021-09-02,Reparado / Garantía Lab,0,1,346.0,346,0
7405127,CVB45.BC,2023-10-14,Reparado / Garantía Lab,0,0,0.0,0,1
7405127,CVB45.BC,2023-10-18,Reparado / Garantía Lab,1,1,4.0,4,0
7405127,CVB45.BC,2025-07-08,Reparado / Garantía Lab,0,0,629.0,633,0
7405127,CVB45.BC,2025-10-20,Reparado / Garantía Lab,1,1,104.0,737,0
7405129,CVB45.BC,2025-05-06,Reparado,0,0,0.0,0,0
7405131,CVB45.BC,2023-03-02,Reparado,0,0,0.0,0,0
7405131,CVB45.BC,2024-03-08,POD Reparado,0,0,372.0,372,1
7405131,CVB45.BC,2024-03-18,Reparado / Garantía Lab,1,1,10.0,382,0
7405132,CVB45.BC,2023-11-16,Reparado,0,0,0.0,0,0
7405133,CVB45.BC,2022-02-01,Reparado,0,0,0.0,0,0
7405133,CVB45.BC,2024-02-06,Reparado / Garantía Lab,0,0,735.0,735,0
7405134,CVB45.BC,2021-08-31,Reparado,0,0,0.0,0,0
7405134,CVB45.BC,2022-07-19,Reparado / Garantía Lab,0,1,322.0,322,0
7405134,CVB45.BC,2022-10-23,Reparado / Garantía Lab,1,1,96.0,418,0
7405134,CVB45.BC,2023-06-27,Reparado / Garantía Lab,0,2,247.0,665,0
7405136,CVB45.BC,2023-12-02,POD Reparado,0,0,0.0,0,0
7405137,CVB45.BC,2020-09-01,Reparado,0,0,0.0,0,0
7405137,CVB45.BC,2021-01-05,Reparado,1,1,126.0,126,0
7405137,CVB45.BC,2024-10-08,Reparado / Garantía Lab,0,0,1372.0,1498,0
7405138,CVB45.BC,2024-10-09,Reparado,0,0,0.0,0,0
7405140,CVB45.BC,2021-02-09,Reparado,0,0,0.0,0,0
7405140,CVB45.BC,2024-02-05,Reparado / Garantía Lab,0,0,1091.0,1091,0
7405140,CVB45.BC,2024-12-18,Reparado / Garantía Lab,0,1,317.0,1408,0
7405141,CVB45.BC,2022-12-16,Reparado,0,0,0.0,0,0
7405142,CVB45.BC,2024-03-23,Reparado,0,0,0.0,0,0
7405142,CVB45.BC,2025-08-12,Reparado / Garantía Lab,0,0,507.0,507,0
7405147,CVB45.BC,2020-11-18,Reparado,0,0,0.0,0,0
7405148,CVB45.BC,2022-12-29,Reparado,0,0,0.0,0,0
7405149,CVB45.BC,2022-05-19,Reparado,0,0,0.0,0,0
7405150,CVB45.BC,2022-03-25,Reparado,0,0,0.0,0,0
7405150,CVB45.BC,2024-11-19,Reparado / Garantía Lab,0,0,970.0,970,0
7405152,CVB45.BC,2022-04-20,Reparado,0,0,0.0,0,0
7405152,CVB45.BC,2025-08-08,Reparado / Garantía Lab,0,0,1206.0,1206,1
7405152,CVB45.BC,2025-08-13,Reparado / Garantía Lab,1,1,5.0,1211,1
7405152,CVB45.BC,2025-08-25,Reparado / Garantía Lab,2,2,12.0,1223,0
7405155,CVB45.BC,2021-02-22,Reparado,0,0,0.0,0,0
7405156,CVB45.BC,2025-01-22,Reparado,0,0,0.0,0,0
7405157,CVB45.BC,2023-05-26,Reparado,0,0,0.0,0,0
7405158,CVB45.BC,2025-06-18,Reparado,0,0,0.0,0,1
7405158,CVB45.BC,2025-06-24,Reparado / Garantía Lab,1,1,6.0,6,0
7405159,CVB45.BC,2021-07-06,Reparado,0,0,0.0,0,0
7405159,CVB45.BC,2022-07-14,Reparado / Garantía Lab,0,0,373.0,373,0
7405160,CVB45.BC,2023-05-29,Reparado,0,0,0.0,0,0
7405161,CVB45.BC,2023-10-06,Reparado,0,0,0.0,0,0
7405161,CVB45.BC,2025-10-15,Reparado / Garantía Lab,0,0,740.0,740,0
7405162,CVB45.BC,2021-11-12,Reparado,0,0,0.0,0,0
7405163,CVB45.BC,2021-12-01,Reparado,0,0,0.0,0,0
7405165,CVB45.BC,2023-10-27,Reparado,0,0,0.0,0,0
7405165,CVB45.BC,2025-10-15,Reparado / Garantía Lab,0,0,719.0,719,0
7405166,CVB45.BC,2022-06-22,Reparado,0,0,0.0,0,0
7405167,CVB45.BC,2021-06-18,Reparado,0,0,0.0,0,0
7405167,CVB45.BC,2023-07-09,Reparado / Garantía Lab,0,0,751.0,751,0
7405167,CVB45.BC,2024-08-07,POD Reparado,0,0,395.0,1146,1
7405167,CVB45.BC,2024-08-12,Reparado / Garantía Lab,1,1,5.0,1151,1
7405167,CVB45.BC,2024-09-10,Reparado / Garantía Lab,2,2,29.0,1180,1
7405167,CVB45.BC,2024-09-24,Reparado / Garantía Lab,3,3,14.0,1194,0
7405168,CVB45.BC,2021-02-04,Reparado,0,0,0.0,0,0
7405168,CVB45.BC,2021-03-31,Reparado,1,1,55.0,55,0
7405169,CVB45.BC,2023-08-29,Reparado,0,0,0.0,0,0
7405170,CVB45.BC,2022-10-20,POD Reparado,0,0,0.0,0,0
7405170,CVB45.BC,2022-11-23,Reparado / Garantía Lab,1,1,34.0,34,0
7405173,CVB45.BC,2025-09-02,Reparado,0,0,0.0,0,0
7405174,CVB45.BC,2023-07-26,Reparado,0,0,0.0,0,0
7405174,CVB45.BC,2024-05-23,Reparado / Garantía Lab,0,1,302.0,302,0
7405174,CVB45.BC,2024-09-11,Reparado / Garantía Lab,1,1,111.0,413,0
7405180,CVB45.BC,2021-04-24,Reparado,0,0,0.0,0,0
7405180,CVB45.BC,2021-08-27,Reparado / Garantía Lab,1,1,125.0,125,0
7405180,CVB45.BC,2023-08-07,Reparado / Garantía Lab,0,0,710.0,835,0
7405180,CVB45.BC,2025-07-23,Reparado / Garantía Lab,0,0,716.0,1551,1
7405180,CVB45.BC,2025-07-28,Reparado / Garantía Lab,1,1,5.0,1556,0
7405180,CVB45.BC,2025-10-10,Reparado / Garantía Lab,2,2,74.0,1630,0
7405181,CVB45.BC,2022-02-15,Reparado,0,0,0.0,0,0
7405183,CVB45.BC,2023-07-24,Reparado,0,0,0.0,0,0
7405183,CVB45.BC,2024-05-25,Reparado / Garantía Lab,0,1,306.0,306,0
7405184,CVB45.BC,2021-08-07,Reparado,0,0,0.0,0,0
7405184,CVB45.BC,2022-07-13,Reparado / Garantía Lab,0,1,340.0,340,0
7405184,CVB45.BC,2023-10-13,Reparado / Garantía Lab,0,0,457.0,797,0
7405185,CVB45.BC,2023-06-14,Reparado,0,0,0.0,0,0
7405186,CVB45.BC,2021-01-15,Reparado,0,0,0.0,0,1
7405186,CVB45.BC,2021-01-26,Reparado / Garantía Lab,1,1,11.0,11,1
7405186,CVB45.BC,2021-02-02,Reparado / Garantía Lab,2,2,7.0,18,0
7405188,CVB45.BC,2022-12-16,Reparado,0,0,0.0,0,0
7405189,CVB45.BC,2023-10-14,Reparado / Garantía Lab,0,0,0.0,0,1
7405189,CVB45.BC,2023-10-18,Reparado / Garantía Lab,1,1,4.0,4,0
7405189,CVB45.BC,2024-11-04,Reparado / Garantía Lab,0,0,383.0,387,0
7405189,CVB45.BC,2025-12-04,Proceso,0,0,395.0,782,0
7405190,CVB45.BC,2022-07-04,Reparado,0,0,0.0,0,0
7405191,CVB45.BC,2021-04-16,Reparado,0,0,0.0,0,0
7405191,CVB45.BC,2021-12-14,Reparado / Garantía Lab,0,1,242.0,242,0
7405192,CVB45.BC,2021-07-28,Reparado,0,0,0.0,0,0
7405193,CVB45.BC,2021-06-18,Reparado,0,0,0.0,0,1
7405193,CVB45.BC,2021-06-26,Reparado / Garantía Lab,1,1,8.0,8,0
7405193,CVB45.BC,2025-11-26,Reparado / Garantía Lab,0,0,1614.0,1622,0
7405194,CVB45.BC,2021-08-23,Reparado,0,0,0.0,0,0
7405194,CVB45.BC,2021-11-04,Reparado / Garantía Lab,1,1,73.0,73,0
7405194,CVB45.BC,2022-02-21,Reparado / Garantía Lab,1,2,109.0,182,0
7405194,CVB45.BC,2024-07-13,Reparado / Garantía Lab,0,0,873.0,1055,0
7405194,CVB45.BC,2025-07-18,Reparado / Garantía Lab,0,0,370.0,1425,0
7405195,CVB45.BC,2021-07-20,Reparado,0,0,0.0,0,0
7405196,CVB45.BC,2025-07-22,Reparado,0,0,0.0,0,0
7405198,CVB45.BC,2022-12-17,Reparado,0,0,0.0,0,0
7405199,CVB45.BC,2024-09-16,Reparado,0,0,0.0,0,0
7405200,CVB45.BC,2024-09-05,Reparado / Garantía Lab,0,0,0.0,0,1
7405200,CVB45.BC,2024-09-17,Reparado / Garantía Lab,1,1,12.0,12,0
7405200,CVB45.BC,2025-07-30,Reparado / Garantía Lab,0,2,316.0,328,1
7405200,CVB45.BC,2025-08-04,Reparado / Garantía Lab,1,3,5.0,333,0
7405201,CVB45.BC,2021-07-15,Reparado,0,0,0.0,0,0
7405201,CVB45.BC,2021-12-01,Reparado / Garantía Lab,1,1,139.0,139,0
7405202,CVB45.BC,2021-06-08,Reparado,0,0,0.0,0,0
7405203,CVB45.BC,2025-08-14,Reparado,0,0,0.0,0,0
7405204,CVB45.BC,2023-06-29,Reparado,0,0,0.0,0,0
7405205,CVB45.BC,2025-09-25,POD Reparado,0,0,0.0,0,0
7405206,CVB45.BC,2020-11-27,Reparado,0,0,0.0,0,1
7405206,CVB45.BC,2020-12-01,Reparado,1,1,4.0,4,1
7405206,CVB45.BC,2020-12-14,Reparado / Garantía Lab,2,2,13.0,17,0
7405208,CVB45.BC,2024-07-03,Reparado,0,0,0.0,0,0
7405209,CVB45.BC,2024-11-13,Reparado,0,0,0.0,0,0
7405210,CVB45.BC,2022-11-16,Reparado,0,0,0.0,0,0
7405210,CVB45.BC,2025-08-06,Reparado / Garantía Lab,0,0,994.0,994,0
7405211,CVB45.BC,2021-02-19,Reparado,0,0,0.0,0,0
7405212,CVB45.BC,2020-11-17,Reparado,0,0,0.0,0,0
7405212,CVB45.BC,2021-12-03,Reparado / Garantía Lab,0,0,381.0,381,0
7405212,CVB45.BC,2022-02-07,Reparado / Garantía Lab,1,1,66.0,447,0
7405212,CVB45.BC,2024-11-13,Reparado / Garantía Lab,0,0,1010.0,1457,0
7405212,CVB45.BC,2025-10-20,Reparado / Garantía Lab,0,1,341.0,1798,0
7405213,CVB45.BC,2022-05-30,Reparado,0,0,0.0,0,0
7405214,CVB45.BC,2021-07-24,Reparado,0,0,0.0,0,0
7405214,CVB45.BC,2024-02-05,Reparado / Garantía Lab,0,0,926.0,926,0
7405215,CVB45.BC,2023-10-06,Reparado,0,0,0.0,0,0
7405215,CVB45.BC,2024-09-02,Reparado / Garantía Lab,0,1,332.0,332,0
7405216,CVB45.BC,2021-12-22,Reparado,0,0,0.0,0,0
7405217,CVB45.BC,2022-10-20,Reparado,0,0,0.0,0,0
7405218,CVB45.BC,2024-11-27,Reparado,0,0,0.0,0,0
7405219,CVB45.BC,2023-03-08,Reparado,0,0,0.0,0,0
7405220,CVB45.BC,2021-06-25,Reparado,0,0,0.0,0,1
7405220,CVB45.BC,2021-07-20,Reparado / Garantía Lab,1,1,25.0,25,0
7405220,CVB45.BC,2021-09-27,Reparado / Garantía Lab,2,2,69.0,94,0
7405220,CVB45.BC,2022-06-19,Reparado / Garantía Lab,0,3,265.0,359,0
7405220,CVB45.BC,2022-11-07,Reparado / Garantía Lab,1,1,141.0,500,1
7405220,CVB45.BC,2022-11-23,Reparado / Garantía Lab,2,2,16.0,516,1
7405220,CVB45.BC,2022-12-01,Reparado / Garantía Lab,3,3,8.0,524,1
7405220,CVB45.BC,2022-12-12,Reparado / Garantía Lab,4,4,11.0,535,0
7405220,CVB45.BC,2025-12-04,Reparado / Garantía Lab,0,0,1088.0,1623,0
7405222,CVB45.BC,2025-02-20,Reparado,0,0,0.0,0,0
7405224,CVB45.BC,2020-09-20,Reparado,0,0,0.0,0,0
7405225,CVB45.BC,2024-08-14,Reparado,0,0,0.0,0,1
7405225,CVB45.BC,2024-08-19,Reparado / Garantía Lab,1,1,5.0,5,0
7405226,CVB45.BC,2022-01-25,Reparado,0,0,0.0,0,0
7405226,CVB45.BC,2024-08-12,Reparado / Garantía Lab,0,0,930.0,930,0
7405227,CVB45.BC,2022-03-03,Reparado,0,0,0.0,0,0
7405228,CVB45.BC,2021-11-12,Reparado,0,0,0.0,0,1
7405228,CVB45.BC,2021-12-03,Reparado / Garantía Lab,1,1,21.0,21,0
7405228,CVB45.BC,2022-05-04,Reparado / Garantía Lab,2,2,152.0,173,1
7405228,CVB45.BC,2022-05-23,Reparado / Garantía Lab,2,3,19.0,192,0
7405228,CVB45.BC,2023-04-10,Reparado / Garantía Lab,0,2,322.0,514,0
7405229,CVB45.BC,2021-02-17,Reparado,0,0,0.0,0,0
7405229,CVB45.BC,2022-10-18,POD Reparado,0,0,608.0,608,0
7405230,CVB45.BC,2024-09-13,Reparado,0,0,0.0,0,0
7405235,CVB45.BC,2023-06-06,Reparado,0,0,0.0,0,0
7405236,CVB45.BC,2023-10-12,Reparado,0,0,0.0,0,0
7405237,CVB45.BC,2022-11-30,Reparado,0,0,0.0,0,0
7405238,CVB45.BC,2022-03-16,Reparado,0,0,0.0,0,1
7405238,CVB45.BC,2022-03-22,Reparado / Garantía Lab,1,1,6.0,6,0
7405239,CVB45.BC,2022-05-08,Reparado,0,0,0.0,0,0
7405239,CVB45.BC,2025-11-13,Reparado / Garantía Lab,0,0,1285.0,1285,1
7405239,CVB45.BC,2025-12-02,Reparado / Garantía Lab,1,1,19.0,1304,1
7405239,CVB45.BC,2025-12-05,Proceso,2,2,3.0,1307,0
7405241,CVB45.BC,2022-06-23,Reparado,0,0,0.0,0,0
7405241,CVB45.BC,2025-11-25,Reparado / Garantía Lab,0,0,1251.0,1251,0
7405242,CVB45.BC,2021-07-16,Reparado,0,0,0.0,0,0
7405244,CVB45.BC,2021-12-27,Reparado,0,0,0.0,0,0
7405244,CVB45.BC,2023-05-31,Reparado / Garantía Lab,0,0,520.0,520,0
7405244,CVB45.BC,2024-08-21,Reparado / Garantía Lab,0,0,448.0,968,0
7405246,CVB45.BC,2021-07-01,Reparado,0,0,0.0,0,0
7405246,CVB45.BC,2024-10-25,Reparado / Garantía Lab,0,0,1212.0,1212,0
7405247,CVB45.BC,2022-12-14,Reparado,0,0,0.0,0,0
7405248,CVB45.BC,2021-07-23,Reparado,0,0,0.0,0,0
7405249,CVB45.BC,2023-03-02,Reparado,0,0,0.0,0,0
7405250,CVB45.BC,2021-02-15,Reparado,0,0,0.0,0,0
7405250,CVB45.BC,2021-05-08,Reparado / Garantía Lab,1,1,82.0,82,0
7405250,CVB45.BC,2022-10-12,Reparado / Garantía Lab,0,0,522.0,604,0
7405251,CVB45.BC,2021-04-17,Reparado,0,0,0.0,0,0
7405252,CVB45.BC,2020-12-02,Reparado,0,0,0.0,0,0
7405252,CVB45.BC,2021-04-08,Reparado / Garantía Lab,1,1,127.0,127,0
7405252,CVB45.BC,2021-12-18,Reparado / Garantía Lab,0,1,254.0,381,0
7405252,CVB45.BC,2022-11-23,Reparado / Garantía Lab,0,1,340.0,721,0
7405253,CVB45.BC,2021-04-03,Reparado,0,0,0.0,0,1
7405253,CVB45.BC,2021-04-09,Reparado / Garantía Lab,1,1,6.0,6,0
7405253,CVB45.BC,2021-08-31,Reparado / Garantía Lab,2,2,144.0,150,0
7405254,CVB45.BC,2021-08-24,Reparado,0,0,0.0,0,0
7405254,CVB45.BC,2024-10-01,Reparado / Garantía Lab,0,0,1134.0,1134,0
7405255,CVB45.BC,2022-04-12,Reparado,0,0,0.0,0,0
7405255,CVB45.BC,2022-06-08,Reparado / Garantía Lab,1,1,57.0,57,0
7405256,CVB45.BC,2023-09-04,Reparado,0,0,0.0,0,0
7405257,CVB45.BC,2024-09-04,Reparado,0,0,0.0,0,0
7405258,CVB45.BC,2024-01-11,Reparado / Garantía Lab,0,0,0.0,0,1
7405258,CVB45.BC,2024-01-17,Reparado / Garantía Lab,1,1,6.0,6,0
7405259,CVB45.BC,2022-11-03,Reparado,0,0,0.0,0,0
7405261,CVB45.BC,2025-07-09,Reparado,0,0,0.0,0,1
7405261,CVB45.BC,2025-07-11,Reparado / Garantía Lab,1,1,2.0,2,0
7405261,CVB45.BC,2025-11-26,Reparado / Garantía Lab,2,2,138.0,140,0
7405263,CVB45.BC,2022-03-15,Reparado,0,0,0.0,0,0
7405263,CVB45.BC,2025-07-28,Reparado / Garantía Lab,0,0,1231.0,1231,1
7405263,CVB45.BC,2025-08-21,Reparado / Garantía Lab,1,1,24.0,1255,0
7405263,CVB45.BC,2025-10-20,Reparado / Garantía Lab,2,2,60.0,1315,0
7405264,CVB45.BC,2021-12-20,Reparado,0,0,0.0,0,0
7405265,CVB45.BC,2022-07-22,Reparado,0,0,0.0,0,0
7405265,CVB45.BC,2025-01-22,Reparado / Garantía Lab,0,0,915.0,915,0
7405266,CVB45.BC,2021-10-06,POD Reparado,0,0,0.0,0,0
7405267,CVB45.BC,2021-09-28,Reparado,0,0,0.0,0,0
7405267,CVB45.BC,2024-06-01,Reparado / Garantía Lab,0,0,977.0,977,0
7405268,CVB45.BC,2022-11-07,Reparado,0,0,0.0,0,1
7405268,CVB45.BC,2022-11-25,Reparado / Garantía Lab,1,1,18.0,18,0
7405270,CVB45.BC,2022-10-24,Reparado,0,0,0.0,0,0
7405270,CVB45.BC,2022-11-25,Reparado / Garantía Lab,1,1,32.0,32,0
7405271,CVB45.BC,2021-07-20,Reparado,0,0,0.0,0,0
7405271,CVB45.BC,2025-11-13,Reparado / Garantía Lab,0,0,1577.0,1577,0
7405272,CVB45.BC,2022-03-31,Reparado,0,0,0.0,0,1
7405272,CVB45.BC,2022-04-05,Reparado / Garantía Lab,1,1,5.0,5,0
7405273,CVB45.BC,2024-10-08,Reparado,0,0,0.0,0,0
7405275,CVB45.BC,2022-07-07,Reparado,0,0,0.0,0,0
7405275,CVB45.BC,2023-04-17,Reparado / Garantía Lab,0,1,284.0,284,0
7405275,CVB45.BC,2025-09-16,Reparado / Garantía Lab,0,0,883.0,1167,0
7405276,CVB45.BC,2024-12-02,POD Reparado,0,0,0.0,0,0
7405276,CVB45.BC,2025-10-20,Reparado / Garantía Lab,0,1,322.0,322,0
7405278,CVB45.BC,2023-08-02,Reparado,0,0,0.0,0,0
7405279,CVB45.BC,2021-02-23,Reparado,0,0,0.0,0,0
7405279,CVB45.BC,2021-07-13,Reparado / Garantía Lab,1,1,140.0,140,0
7405279,CVB45.BC,2021-12-14,Reparado / Garantía Lab,1,2,154.0,294,0
7405279,CVB45.BC,2022-07-05,POD Reparado,0,2,203.0,497,0
7405279,CVB45.BC,2022-08-30,Reparado / Garantía Lab,1,2,56.0,553,0
7405279,CVB45.BC,2022-11-08,Reparado / Garantía Lab,2,3,70.0,623,0
7405279,CVB45.BC,2023-08-08,Reparado / Garantía Lab,0,2,273.0,896,0
7405279,CVB45.BC,2025-07-02,Reparado / Garantía Lab,0,0,694.0,1590,1
7405279,CVB45.BC,2025-07-07,Reparado / Garantía Lab,1,1,5.0,1595,0
7405281,CVB45.BC,2023-02-17,Reparado,0,0,0.0,0,0
7405282,CVB45.BC,2020-11-09,Reparado,0,0,0.0,0,0
7405282,CVB45.BC,2021-07-21,Reparado / Garantía Lab,0,1,254.0,254,0
7405283,CVB45.BC,2021-02-08,Reparado,0,0,0.0,0,0
7405284,CVB45.BC,2024-01-08,Reparado,0,0,0.0,0,0
7405285,CVB45.BC,2024-10-11,Reparado,0,0,0.0,0,0
7405286,CVB45.BC,2022-11-19,Reparado,0,0,0.0,0,0
7405286,CVB45.BC,2024-08-06,Reparado / Garantía Lab,0,0,626.0,626,0
7405287,CVB45.BC,2022-12-23,POD Reparado,0,0,0.0,0,0
7405287,CVB45.BC,2025-09-05,Reparado / Garantía Lab,0,0,987.0,987,0
7405289,CVB45.BC,2023-04-25,Reparado,0,0,0.0,0,0
7405289,CVB45.BC,2024-04-02,Reparado / Garantía Lab,0,1,343.0,343,0
7405289,CVB45.BC,2025-12-05,Reparado / Garantía Lab,0,0,612.0,955,0
7405290,CVB45.BC,2021-07-01,Reparado,0,0,0.0,0,0
7405290,CVB45.BC,2023-01-09,Reparado / Garantía Lab,0,0,557.0,557,0
7405290,CVB45.BC,2024-06-06,Reparado / Garantía Lab,0,0,514.0,1071,1
7405290,CVB45.BC,2024-06-21,Reparado / Garantía Lab,1,1,15.0,1086,0
7405291,CVB45.BC,2020-11-03,Reparado,0,0,0.0,0,0
7405291,CVB45.BC,2024-06-01,Reparado / Garantía Lab,0,0,1306.0,1306,0
7405291,CVB45.BC,2025-02-07,Reparado / Garantía Lab,0,1,251.0,1557,1
7405291,CVB45.BC,2025-02-14,Reparado / Garantía Lab,1,2,7.0,1564,0
7405293,CVB45.BC,2025-11-17,Reparado / Garantía Lab,0,0,0.0,0,1
7405293,CVB45.BC,2025-11-19,Reparado / Garantía Lab,1,1,2.0,2,0
7405294,CVB45.BC,2021-06-11,Reparado,0,0,0.0,0,0
7405295,CVB45.BC,2020-11-09,Reparado,0,0,0.0,0,0
7405295,CVB45.BC,2020-12-18,Reparado / Garantía Lab,1,1,39.0,39,0
7405295,CVB45.BC,2025-08-25,Reparado / Garantía Lab,0,0,1711.0,1750,0
7405296,CVB45.BC,2021-07-31,Reparado,0,0,0.0,0,0
7405296,CVB45.BC,2025-11-21,Reparado / Garantía Lab,0,0,1574.0,1574,0
7405297,CVB45.BC,2021-06-10,Reparado,0,0,0.0,0,0
7405297,CVB45.BC,2025-08-29,Reparado / Garantía Lab,0,0,1541.0,1541,0
7405298,CVB45.BC,2021-10-26,Reparado,0,0,0.0,0,0
7405299,CVB45.BC,2024-08-08,Reparado,0,0,0.0,0,0
7405299,CVB45.BC,2025-08-08,Reparado / Garantía Lab,0,1,365.0,365,1
7405299,CVB45.BC,2025-08-13,Reparado / Garantía Lab,1,1,5.0,370,0
7405300,CVB45.BC,2021-02-09,Reparado,0,0,0.0,0,0
7405300,CVB45.BC,2021-03-12,Reparado,1,1,31.0,31,0
7405300,CVB45.BC,2025-12-05,Reparado / Garantía Lab,0,0,1729.0,1760,0
7405301,CVB45.BC,2021-06-04,Reparado,0,0,0.0,0,0
7405301,CVB45.BC,2023-12-22,Reparado / Garantía Lab,0,0,931.0,931,0
7405302,CVB45.BC,2022-11-03,Reparado,0,0,0.0,0,0
7405303,CVB45.BC,2021-06-29,Reparado,0,0,0.0,0,0
7405304,CVB45.BC,2021-05-31,Reparado,0,0,0.0,0,0
7405304,CVB45.BC,2025-01-22,Reparado / Garantía Lab,0,0,1332.0,1332,0
7405305,CVB45.BC,2022-04-01,Reparado,0,0,0.0,0,0
7405306,CVB45.BC,2025-10-28,Reparado / Garantía Lab,0,0,0.0,0,1
7405306,CVB45.BC,2025-11-12,Reparado / Garantía Lab,1,1,15.0,15,0
7405307,CVB45.BC,2021-12-02,Reparado,0,0,0.0,0,0
7405308,CVB45.BC,2021-08-24,POD,0,0,0.0,0,0
7405308,CVB45.BC,2021-08-24,POD Reparado,0,0,0.0,0,0
7405308,CVB45.BC,2025-06-10,Reparado / Garantía Lab,0,0,1386.0,1386,0
7405308,CVB45.BC,2025-08-19,Reparado / Garantía Lab,1,1,70.0,1456,0
7405309,CVB45.BC,2023-06-17,Reparado,0,0,0.0,0,1
7405309,CVB45.BC,2023-06-28,Reparado,1,1,11.0,11,1
7405309,CVB45.BC,2023-07-13,Reparado / Garantía Lab,2,2,15.0,26,0
7405310,CVB45.BC,2023-06-13,Reparado,0,0,0.0,0,0
7405311,CVB45.BC,2021-06-05,Reparado,0,0,0.0,0,0
7405312,CVB45.BC,2024-12-11,Reparado,0,0,0.0,0,0
7405314,CVB45.BC,2023-10-25,Reparado,0,0,0.0,0,0
7405315,CVB45.BC,2021-10-18,Reparado,0,0,0.0,0,0
7405315,CVB45.BC,2021-12-17,Reparado / Garantía Lab,1,1,60.0,60,0
7405317,CVB45.BC,2021-08-03,Reparado,0,0,0.0,0,0
7405317,CVB45.BC,2022-01-12,Reparado / Garantía Lab,1,1,162.0,162,0
7405317,CVB45.BC,2024-08-13,Reparado / Garantía Lab,0,0,944.0,1106,1
7405317,CVB45.BC,2024-08-19,Reparado / Garantía Lab,1,1,6.0,1112,1
7405317,CVB45.BC,2024-08-21,Reparado / Garantía Lab,2,2,2.0,1114,0
7405318,CVB45.BC,2023-09-23,Reparado,0,0,0.0,0,0
7405319,CVB45.BC,2021-02-24,Reparado,0,0,0.0,0,0
7405320,CVB45.BC,2023-05-25,Reparado,0,0,0.0,0,0
7405324,CVB45.BC,2024-10-21,Reparado / Garantía Lab,0,0,0.0,0,1
7405324,CVB45.BC,2024-10-24,Reparado / Garantía Lab,1,1,3.0,3,0
7405324,CVB45.BC,2025-05-08,Reparado / Garantía Lab,0,2,196.0,199,1
7405324,CVB45.BC,2025-05-14,Reparado / Garantía Lab,1,3,6.0,205,1
7405324,CVB45.BC,2025-05-28,Reparado / Garantía Lab,2,4,14.0,219,0
7405325,CVB45.BC,2021-09-11,Reparado,0,0,0.0,0,0
7405325,CVB45.BC,2023-08-30,Reparado / Garantía Lab,0,0,718.0,718,0
7405328,CVB45.BC,2021-12-19,Reparado,0,0,0.0,0,0
7405329,CVB45.BC,2024-05-30,Reparado,0,0,0.0,0,0
7405329,CVB45.BC,2025-04-09,Reparado / Garantía Lab,0,1,314.0,314,0
7405330,CVB45.BC,2021-08-10,Reparado,0,0,0.0,0,0
7405330,CVB45.BC,2025-02-06,Reparado / Garantía Lab,0,0,1276.0,1276,0
7405331,CVB45.BC,2021-11-07,Reparado,0,0,0.0,0,0
7405332,CVB45.BC,2020-11-09,Reparado,0,0,0.0,0,0
7405332,CVB45.BC,2021-01-28,Reparado,1,1,80.0,80,1
7405332,CVB45.BC,2021-02-01,Reparado / Garantía Lab,2,2,4.0,84,0
7405332,CVB45.BC,2023-10-26,Reparado / Garantía Lab,0,0,997.0,1081,0
7405336,CVB45.BC,2022-05-19,Reparado,0,0,0.0,0,0
7405337,CVB45.BC,2021-01-27,Reparado,0,0,0.0,0,0
7405337,CVB45.BC,2025-10-27,Reparado / Garantía Lab,0,0,1734.0,1734,0
7405338,CVB45.BC,2022-06-08,Reparado,0,0,0.0,0,0
7405338,CVB45.BC,2025-01-22,Reparado / Garantía Lab,0,0,959.0,959,0
7405339,CVB45.BC,2023-08-16,Reparado,0,0,0.0,0,0
7405339,CVB45.BC,2025-10-02,Reparado / Garantía Lab,0,0,778.0,778,0
7405340,CVB45.BC,2025-05-16,Reparado / Garantía Lab,0,0,0.0,0,1
7405340,CVB45.BC,2025-05-22,Reparado / Garantía Lab,1,1,6.0,6,0
7405341,CVB45.BC,2023-10-20,Reparado,0,0,0.0,0,0
7405341,CVB45.BC,2025-07-31,Reparado / Garantía Lab,0,0,650.0,650,1
7405341,CVB45.BC,2025-08-06,Reparado / Garantía Lab,1,1,6.0,656,1
7405341,CVB45.BC,2025-08-11,Reparado / Garantía Lab,2,2,5.0,661,0
7405342,CVB45.BC,2022-05-18,Reparado,0,0,0.0,0,0
7405342,CVB45.BC,2025-10-07,Reparado / Garantía Lab,0,0,1238.0,1238,1
7405342,CVB45.BC,2025-10-22,Reparado / Garantía Lab,1,1,15.0,1253,0
7405343,CVB45.BC,2023-08-29,Reparado,0,0,0.0,0,0
7405343,CVB45.BC,2025-07-18,Reparado / Garantía Lab,0,0,689.0,689,0
7405344,CVB45.BC,2022-05-19,Reparado,0,0,0.0,0,0
7405344,CVB45.BC,2022-07-06,Reparado / Garantía Lab,1,1,48.0,48,0
7405344,CVB45.BC,2023-07-24,Reparado / Garantía Lab,0,0,383.0,431,0
7405345,CVB45.BC,2022-09-29,Reparado,0,0,0.0,0,0
7405346,CVB45.BC,2021-06-22,Reparado,0,0,0.0,0,0
7405346,CVB45.BC,2021-07-27,Reparado / Garantía Lab,1,1,35.0,35,0
7405347,CVB45.BC,2021-08-09,Reparado,0,0,0.0,0,0
7405347,CVB45.BC,2022-12-26,Reparado / Garantía Lab,0,0,504.0,504,1
7405347,CVB45.BC,2023-01-11,Reparado / Garantía Lab,1,1,16.0,520,0
7405348,CVB45.BC,2021-09-22,Reparado,0,0,0.0,0,0
7405349,CVB45.BC,2023-01-06,Reparado,0,0,0.0,0,0
7405351,CVB45.BC,2023-06-30,Reparado,0,0,0.0,0,0
7405351,CVB45.BC,2024-11-13,Reparado / Garantía Lab,0,0,502.0,502,0
7405352,CVB45.BC,2022-11-14,POD Reparado,0,0,0.0,0,0
7405352,CVB45.BC,2025-04-14,POD Reparado,0,0,882.0,882,0
7405352,CVB45.BC,2025-09-17,Reparado / Garantía Lab,1,1,156.0,1038,0
7405353,CVB45.BC,2023-03-22,Reparado,0,0,0.0,0,0
7405354,CVB45.BC,2022-08-22,Reparado,0,0,0.0,0,0
7405354,CVB45.BC,2023-05-06,Reparado,0,1,257.0,257,0
7405354,CVB45.BC,2023-08-14,Reparado / Garantía Lab,1,2,100.0,357,0
7405355,CVB45.BC,2022-09-23,Reparado,0,0,0.0,0,0
7405356,CVB45.BC,2022-03-22,Reparado,0,0,0.0,0,1
7405356,CVB45.BC,2022-04-04,Reparado / Garantía Lab,1,1,13.0,13,0
7405356,CVB45.BC,2025-10-20,Reparado / Garantía Lab,0,0,1295.0,1308,0
7405357,CVB45.BC,2022-09-26,Reparado,0,0,0.0,0,0
7405357,CVB45.BC,2025-11-04,Reparado / Garantía Lab,0,0,1135.0,1135,0
7405358,CVB45.BC,2022-02-17,Reparado,0,0,0.0,0,1
7405358,CVB45.BC,2022-02-23,Reparado / Garantía Lab,1,1,6.0,6,0
7405358,CVB45.BC,2024-01-08,Reparado / Garantía Lab,0,0,684.0,690,0
7405359,CVB45.BC,2023-10-11,Reparado,0,0,0.0,0,0
7405360,CVB45.BC,2020-10-28,Reparado,0,0,0.0,0,0
7405360,CVB45.BC,2021-05-24,Reparado / Garantía Lab,0,1,208.0,208,0
7405360,CVB45.BC,2021-07-23,Reparado / Garantía Lab,1,2,60.0,268,0
7405360,CVB45.BC,2025-08-25,Reparado / Garantía Lab,0,0,1494.0,1762,0
7405361,CVB45.BC,2020-12-09,Reparado,0,0,0.0,0,0
7405361,CVB45.BC,2021-10-08,Reparado / Garantía Lab,0,1,303.0,303,1
7405361,CVB45.BC,2021-10-20,Reparado / Garantía Lab,1,2,12.0,315,0
7405365,CVB45.BC,2021-02-17,Reparado,0,0,0.0,0,0
7405365,CVB45.BC,2025-09-11,Reparado / Garantía Lab,0,0,1667.0,1667,0
7405366,CVB45.BC,2023-10-06,Reparado,0,0,0.0,0,0
7405366,CVB45.BC,2025-10-20,Reparado / Garantía Lab,0,0,745.0,745,0
7405368,CVB45.BC,2021-07-04,Reparado,0,0,0.0,0,0
7405368,CVB45.BC,2024-12-31,Reparado / Garantía Lab,0,0,1276.0,1276,1
7405368,CVB45.BC,2025-01-07,Reparado / Garantía Lab,1,1,7.0,1283,1
7405368,CVB45.BC,2025-01-22,Reparado / Garantía Lab,2,2,15.0,1298,1
7405368,CVB45.BC,2025-02-14,Reparado / Garantía Lab,3,3,23.0,1321,1
7405368,CVB45.BC,2025-03-13,Reparado / Garantía Lab,4,4,27.0,1348,1
7405368,CVB45.BC,2025-03-26,Reparado / Garantía Lab,5,5,13.0,1361,1
7405368,CVB45.BC,2025-04-07,Reparado / Garantía Lab,6,6,12.0,1373,1
7405368,CVB45.BC,2025-04-09,Reparado / Garantía Lab,7,7,2.0,1375,1
7405368,CVB45.BC,2025-04-17,Reparado / Garantía Lab,8,8,8.0,1383,0
7405368,CVB45.BC,2025-07-07,Reparado / Garantía Lab,7,9,81.0,1464,0
7405369,CVB45.BC,2023-08-31,Reparado,0,0,0.0,0,0
7405372,CVB45.BC,2023-11-03,Reparado,0,0,0.0,0,0
7405373,CVB45.BC,2025-09-23,Reparado,0,0,0.0,0,0
7405376,CVB45.BC,2022-08-16,Reparado,0,0,0.0,0,0
7405377,CVB45.BC,2024-11-27,Reparado,0,0,0.0,0,0
7405379,CVB45.BC,2022-12-16,Reparado,0,0,0.0,0,0
7405382,CVB45.BC,2025-09-05,Reparado,0,0,0.0,0,0
7405383,CVB45.BC,2022-04-26,Reparado,0,0,0.0,0,0
7405386,CVB45.BC,2022-12-04,Reparado,0,0,0.0,0,1
7405386,CVB45.BC,2022-12-12,Reparado / Garantía Lab,1,1,8.0,8,0
7405388,CVB45.BC,2021-09-29,Reparado,0,0,0.0,0,0
7405390,CVB45.BC,2021-12-28,Reparado,0,0,0.0,0,0
7405390,CVB45.BC,2022-11-19,Reparado / Garantía Lab,0,1,326.0,326,0
7405390,CVB45.BC,2025-07-15,Reparado / Garantía Lab,0,0,969.0,1295,0
7405391,CVB45.BC,2025-08-07,Reparado,0,0,0.0,0,0
7405392,CVB45.BC,2021-02-19,Reparado,0,0,0.0,0,0
7405395,CVB45.BC,2021-07-15,Reparado,0,0,0.0,0,0
7405396,CVB45.BC,2021-09-08,Reparado,0,0,0.0,0,0
7405396,CVB45.BC,2024-05-08,Reparado / Garantía Lab,0,0,973.0,973,0
7405397,CVB45.BC,2021-11-08,Reparado,0,0,0.0,0,0
7405397,CVB45.BC,2023-11-02,Reparado / Garantía Lab,0,0,724.0,724,0
7405397,CVB45.BC,2025-08-19,Reparado / Garantía Lab,0,0,656.0,1380,0
7405398,CVB45.BC,2021-01-21,Reparado,0,0,0.0,0,0
7405398,CVB45.BC,2022-11-15,Reparado / Garantía Lab,0,0,663.0,663,0
7405398,CVB45.BC,2024-04-03,Reparado / Garantía Lab,0,0,505.0,1168,0
7405398,CVB45.BC,2024-12-18,Reparado / Garantía Lab,0,1,259.0,1427,0
7405400,CVB45.BC,2021-07-20,Reparado,0,0,0.0,0,0
7405401,CVB45.BC,2021-02-06,Reparado,0,0,0.0,0,0
7405401,CVB45.BC,2021-07-22,Reparado / Garantía Lab,1,1,166.0,166,0
7405401,CVB45.BC,2025-08-26,Reparado / Garantía Lab,0,0,1496.0,1662,0
7405402,CVB45.BC,2023-10-06,Reparado,0,0,0.0,0,0
7405403,CVB45.BC,2021-06-14,Reparado,0,0,0.0,0,0
7405403,CVB45.BC,2025-11-25,Reparado / Garantía Lab,0,0,1625.0,1625,0
7405404,CVB45.BC,2024-08-19,Reparado,0,0,0.0,0,0
7405406,CVB45.BC,2024-03-06,Reparado,0,0,0.0,0,0
7405407,CVB45.BC,2024-08-14,Reparado,0,0,0.0,0,0
7405409,CVB45.BC,2022-09-29,Reparado,0,0,0.0,0,1
7405409,CVB45.BC,2022-10-06,Reparado / Garantía Lab,1,1,7.0,7,0
7405410,CVB45.BC,2023-07-29,Reparado,0,0,0.0,0,0
7405410,CVB45.BC,2024-10-21,Reparado / Garantía Lab,0,0,450.0,450,0
7405411,CVB45.BC,2024-08-21,Reparado,0,0,0.0,0,0
7405411,CVB45.BC,2025-08-21,Reparado / Garantía Lab,0,1,365.0,365,0
7405414,CVB45.BC,2023-07-03,Reparado,0,0,0.0,0,0
7405414,CVB45.BC,2023-09-08,Reparado / Garantía Lab,1,1,67.0,67,0
7405414,CVB45.BC,2023-11-05,Reparado / Garantía Lab,2,2,58.0,125,0
7405415,CVB45.BC,2023-12-02,Reparado,0,0,0.0,0,0
7405416,CVB45.BC,2022-05-30,Reparado,0,0,0.0,0,1
7405416,CVB45.BC,2022-06-13,Reparado / Garantía Lab,1,1,14.0,14,0
7405416,CVB45.BC,2024-07-09,Reparado / Garantía Lab,0,0,757.0,771,0
7405416,CVB45.BC,2024-08-27,Reparado / Garantía Lab,1,1,49.0,820,0
7405416,CVB45.BC,2025-07-08,Reparado / Garantía Lab,0,2,315.0,1135,0
7405418,CVB45.BC,2023-05-12,Reparado,0,0,0.0,0,0
7405418,CVB45.BC,2023-08-11,Reparado / Garantía Lab,1,1,91.0,91,0
7405420,CVB45.BC,2021-09-15,Reparado,0,0,0.0,0,0
7405420,CVB45.BC,2025-10-20,Reparado / Garantía Lab,0,0,1496.0,1496,0
7405421,CVB45.BC,2021-05-28,Reparado,0,0,0.0,0,0
7405421,CVB45.BC,2022-06-13,Reparado / Garantía Lab,0,0,381.0,381,1
7405421,CVB45.BC,2022-06-17,Reparado / Garantía Lab,1,1,4.0,385,0
7405422,CVB45.BC,2020-12-03,Reparado,0,0,0.0,0,1
7405422,CVB45.BC,2020-12-07,Reparado,1,1,4.0,4,0
7405423,CVB45.BC,2024-01-26,Reparado,0,0,0.0,0,0
7405424,CVB45.BC,2022-03-04,Reparado,0,0,0.0,0,0
7405424,CVB45.BC,2025-11-25,Reparado / Garantía Lab,0,0,1362.0,1362,0
7405425,CVB45.BC,2023-04-07,Reparado,0,0,0.0,0,0
7405426,CVB45.BC,2021-01-27,POD Reparado,0,0,0.0,0,0
7405426,CVB45.BC,2025-08-07,Reparado / Garantía Lab,0,0,1653.0,1653,0
7405428,CVB45.BC,2021-10-16,Reparado,0,0,0.0,0,0
7405428,CVB45.BC,2022-06-27,Reparado / Garantía Lab,0,1,254.0,254,0
7405430,CVB45.BC,2023-09-11,Reparado,0,0,0.0,0,0
7405431,CVB45.BC,2023-07-10,Reparado,0,0,0.0,0,0
7405431,CVB45.BC,2025-08-26,Reparado / Garantía Lab,0,0,778.0,778,0
7405433,CVB45.BC,2021-05-06,Reparado,0,0,0.0,0,0
7405433,CVB45.BC,2021-08-05,Reparado / Garantía Lab,1,1,91.0,91,1
7405433,CVB45.BC,2021-08-27,Reparado / Garantía Lab,2,2,22.0,113,1
7405433,CVB45.BC,2021-09-04,Reparado / Garantía Lab,3,3,8.0,121,0
7405437,CVB45.BC,2022-11-24,Reparado,0,0,0.0,0,0
7405438,CVB45.BC,2023-09-04,Reparado,0,0,0.0,0,0
7405439,CVB45.BC,2025-01-21,Reparado,0,0,0.0,0,0
7405442,CVB45.BC,2020-11-13,Reparado,0,0,0.0,0,1
7405442,CVB45.BC,2020-11-17,Reparado / Garantía Lab,1,1,4.0,4,0
7405443,CVB45.BC,2024-09-12,Reparado,0,0,0.0,0,0
7405444,CVB45.BC,2022-07-05,Reparado,0,0,0.0,0,0
7405444,CVB45.BC,2025-08-21,Reparado / Garantía Lab,0,0,1143.0,1143,0
7405445,CVB45.BC,2023-04-28,Reparado,0,0,0.0,0,0
7405445,CVB45.BC,2025-11-11,Reparado / Garantía Lab,0,0,928.0,928,0
7405447,CVB45.BC,2024-10-02,Reparado,0,0,0.0,0,0
7405449,CVB45.BC,2023-02-07,Reparado,0,0,0.0,0,0
7405450,CVB45.BC,2024-08-13,Reparado,0,0,0.0,0,0
7405452,CVB45.BC,2022-09-05,Reparado,0,0,0.0,0,0
7405455,CVB45.BC,2024-04-06,Reparado,0,0,0.0,0,0
7405455,CVB45.BC,2024-12-17,Reparado / Garantía Lab,0,1,255.0,255,0
7405457,CVB45.BC,2023-08-15,Reparado / Garantía Lab,0,0,0.0,0,1
7405457,CVB45.BC,2023-08-21,Reparado / Garantía Lab,1,1,6.0,6,0
7405457,CVB45.BC,2025-11-25,Reparado / Garantía Lab,0,0,827.0,833,0
7405458,CVB45.BC,2023-10-27,Reparado,0,0,0.0,0,0
7405461,CVB45.BC,2023-10-17,Reparado,0,0,0.0,0,0
7405461,CVB45.BC,2025-05-09,Reparado / Garantía Lab,0,0,570.0,570,1
7405461,CVB45.BC,2025-05-26,Reparado,1,1,17.0,587,1
7405461,CVB45.BC,2025-06-04,Reparado / Garantía Lab,2,2,9.0,596,1
7405461,CVB45.BC,2025-06-10,Reparado / Garantía Lab,3,3,6.0,602,0
7405461,CVB45.BC,2025-07-11,Reparado / Garantía Lab,4,4,31.0,633,0
7405461,CVB45.BC,2025-09-01,Reparado / Garantía Lab,5,5,52.0,685,0
7405461,CVB45.BC,2025-11-04,Reparado / Garantía Lab,6,6,64.0,749,1
7405461,CVB45.BC,2025-11-06,Reparado / Garantía Lab,6,7,2.0,751,0
7405462,CVB45.BC,2021-08-13,Reparado,0,0,0.0,0,0
7405462,CVB45.BC,2023-06-03,Reparado / Garantía Lab,0,0,659.0,659,0
7405463,CVB45.BC,2020-11-19,Reparado,0,0,0.0,0,1
7405463,CVB45.BC,2020-11-25,Reparado / Garantía Lab,1,1,6.0,6,0
7405463,CVB45.BC,2025-09-05,Reparado / Garantía Lab,0,0,1745.0,1751,1
7405463,CVB45.BC,2025-09-12,Reparado / Garantía Lab,1,1,7.0,1758,0
7405464,CVB45.BC,2025-09-09,Reparado,0,0,0.0,0,0
7405465,CVB45.BC,2021-03-15,Reparado,0,0,0.0,0,0
7405465,CVB45.BC,2024-09-09,Reparado / Garantía Lab,0,0,1274.0,1274,0
7405466,CVB45.BC,2021-07-07,Reparado,0,0,0.0,0,0
7405466,CVB45.BC,2022-03-15,Reparado / Garantía Lab,0,1,251.0,251,0
7405466,CVB45.BC,2022-04-22,Reparado / Garantía Lab,1,2,38.0,289,0
7405466,CVB45.BC,2022-08-02,Reparado / Garantía Lab,2,2,102.0,391,1
7405466,CVB45.BC,2022-08-27,Reparado / Garantía Lab,3,3,25.0,416,0
7405466,CVB45.BC,2023-01-26,Reparado / Garantía Lab,2,4,152.0,568,0
7405466,CVB45.BC,2023-09-07,Reparado / Garantía Lab,0,1,224.0,792,0
7405466,CVB45.BC,2023-11-03,Reparado / Garantía Lab,1,2,57.0,849,0
7405466,CVB45.BC,2024-05-24,Reparado / Garantía Lab,0,2,203.0,1052,0
7405466,CVB45.BC,2024-09-05,Reparado / Garantía Lab,1,3,104.0,1156,0
7405467,CVB45.BC,2022-02-07,Reparado,0,0,0.0,0,0
7405467,CVB45.BC,2023-04-06,Reparado,0,0,423.0,423,0
7405467,CVB45.BC,2023-07-10,Reparado / Garantía Lab,1,1,95.0,518,0
7405468,CVB45.BC,2022-06-03,Reparado,0,0,0.0,0,0
7405469,CVB45.BC,2022-09-13,Reparado,0,0,0.0,0,0
7405469,CVB45.BC,2022-12-13,Reparado / Garantía Lab,1,1,91.0,91,0
7405470,CVB45.BC,2021-12-04,Reparado,0,0,0.0,0,0
7405470,CVB45.BC,2022-11-29,Reparado / Garantía Lab,0,1,360.0,360,0
7405470,CVB45.BC,2024-12-11,Reparado / Garantía Lab,0,0,743.0,1103,0
7405473,CVB45.BC,2022-01-13,Reparado,0,0,0.0,0,0
7405473,CVB45.BC,2025-07-01,Reparado / Garantía Lab,0,0,1265.0,1265,1
7405473,CVB45.BC,2025-07-07,Reparado / Garantía Lab,1,1,6.0,1271,0
7405475,CVB45.BC,2021-06-26,Reparado,0,0,0.0,0,0
7405476,CVB45.BC,2023-10-05,Reparado,0,0,0.0,0,0
7405476,CVB45.BC,2025-08-07,Reparado / Garantía Lab,0,0,672.0,672,0
7405477,CVB45.BC,2023-03-06,Reparado,0,0,0.0,0,0
7405477,CVB45.BC,2025-06-09,Reparado / Garantía Lab,0,0,826.0,826,1
7405477,CVB45.BC,2025-07-07,Reparado / Garantía Lab,1,1,28.0,854,0
7405479,CVB45.BC,2021-07-03,Reparado,0,0,0.0,0,0
7405480,CVB45.BC,2023-06-06,Reparado,0,0,0.0,0,0
7405481,CVB45.BC,2021-01-28,Reparado,0,0,0.0,0,0
7405482,CVB45.BC,2022-10-21,POD Reparado,0,0,0.0,0,0
7405482,CVB45.BC,2023-07-26,Reparado / Garantía Lab,0,1,278.0,278,0
7405482,CVB45.BC,2025-09-23,Reparado / Garantía Lab,0,0,790.0,1068,0
7405483,CVB45.BC,2021-06-05,Reparado,0,0,0.0,0,0
7405483,CVB45.BC,2021-10-07,POD Reparado,1,1,124.0,124,0
7405485,CVB45.BC,2024-10-01,Reparado / Garantía Lab,0,0,0.0,0,1
7405485,CVB45.BC,2024-10-04,Reparado / Garantía Lab,1,1,3.0,3,0
7405485,CVB45.BC,2025-09-05,Reparado / Garantía Lab,0,2,336.0,339,0
7405486,CVB45.BC,2023-04-13,Reparado,0,0,0.0,0,0
7405487,CVB45.BC,2023-09-04,Reparado,0,0,0.0,0,0
7405488,CVB45.BC,2021-02-10,Reparado,0,0,0.0,0,0
7405488,CVB45.BC,2023-10-27,Reparado / Garantía Lab,0,0,989.0,989,0
7405490,CVB45.BC,2022-11-24,Reparado,0,0,0.0,0,0
7405490,CVB45.BC,2024-04-10,Reparado / Garantía Lab,0,0,503.0,503,0
7405490,CVB45.BC,2025-08-29,Reparado / Garantía Lab,0,0,506.0,1009,1
7405490,CVB45.BC,2025-09-11,Reparado / Garantía Lab,1,1,13.0,1022,1
7405490,CVB45.BC,2025-09-23,Reparado / Garantía Lab,2,2,12.0,1034,1
7405490,CVB45.BC,2025-09-26,Reparado / Garantía Lab,3,3,3.0,1037,0
7405490,CVB45.BC,2025-11-17,Reparado / Garantía Lab,4,4,52.0,1089,0
7405491,CVB45.BC,2020-11-17,Reparado,0,0,0.0,0,0
7405491,CVB45.BC,2021-07-20,Reparado / Garantía Lab,0,1,245.0,245,0
7405491,CVB45.BC,2025-01-16,Reparado / Garantía Lab,0,0,1276.0,1521,0
7405492,CVB45.BC,2022-10-12,Reparado,0,0,0.0,0,0
7405492,CVB45.BC,2024-09-05,Reparado / Garantía Lab,0,0,694.0,694,0
7405492,CVB45.BC,2025-08-22,Reparado / Garantía Lab,0,1,351.0,1045,0
7405494,CVB45.BC,2021-02-02,Reparado,0,0,0.0,0,0
7405495,CVB45.BC,2024-12-04,Reparado,0,0,0.0,0,0
7405495,CVB45.BC,2025-11-04,Reparado / Garantía Lab,0,1,335.0,335,0
7405496,CVB45.BC,2021-10-07,Reparado,0,0,0.0,0,0
7405497,CVB45.BC,2021-01-19,Reparado,0,0,0.0,0,0
7405498,CVB45.BC,2021-11-11,Reparado,0,0,0.0,0,0
7405499,CVB45.BC,2023-10-03,Reparado,0,0,0.0,0,0
7405499,CVB45.BC,2024-08-12,Reparado / Garantía Lab,0,1,314.0,314,0
7405499,CVB45.BC,2025-09-09,Reparado / Garantía Lab,0,0,393.0,707,0
7405501,CVB45.BC,2021-08-11,Reparado,0,0,0.0,0,0
7405501,CVB45.BC,2023-11-01,Reparado / Garantía Lab,0,0,812.0,812,0
7405502,CVB45.BC,2022-03-12,Reparado,0,0,0.0,0,0
7405502,CVB45.BC,2025-10-16,Reparado / Garantía Lab,0,0,1314.0,1314,0
7405503,CVB45.BC,2021-04-27,Reparado,0,0,0.0,0,0
7405504,CVB45.BC,2025-05-15,Reparado,0,0,0.0,0,0
7405505,CVB45.BC,2024-03-23,Reparado,0,0,0.0,0,0
7405506,CVB45.BC,2021-05-21,Reparado,0,0,0.0,0,0
7405506,CVB45.BC,2021-08-06,Reparado / Garantía Lab,1,1,77.0,77,0
7405506,CVB45.BC,2023-10-02,Reparado / Garantía Lab,0,0,787.0,864,0
7405507,CVB45.BC,2021-08-02,Reparado,0,0,0.0,0,0
7405508,CVB45.BC,2022-04-26,Reparado,0,0,0.0,0,0
7405510,CVB45.BC,2020-11-19,Reparado,0,0,0.0,0,1
7405510,CVB45.BC,2020-11-25,Reparado / Garantía Lab,1,1,6.0,6,0
7405511,CVB45.BC,2022-05-16,Reparado,0,0,0.0,0,0
7405512,CVB45.BC,2021-07-10,POD,0,0,0.0,0,0
7405512,CVB45.BC,2021-07-10,POD Reparado,0,0,0.0,0,0
7405513,CVB45.BC,2023-06-23,Reparado,0,0,0.0,0,0
7405514,CVB45.BC,2023-01-07,Reparado,0,0,0.0,0,0
7405515,CVB45.BC,2023-11-06,Reparado,0,0,0.0,0,0
7405515,CVB45.BC,2025-09-16,Reparado / Garantía Lab,0,0,680.0,680,0
7405518,CVB45.BC,2021-08-24,Reparado,0,0,0.0,0,0
7405519,CVB45.BC,2023-05-19,Reparado,0,0,0.0,0,0
7405520,CVB45.BC,2022-05-16,Reparado,0,0,0.0,0,0
7405520,CVB45.BC,2022-07-02,Reparado / Garantía Lab,1,1,47.0,47,0
7405522,CVB45.BC,2023-04-01,Reparado,0,0,0.0,0,0
7405523,CVB45.BC,2023-03-04,Reparado,0,0,0.0,0,0
7405524,CVB45.BC,2021-12-24,Reparado,0,0,0.0,0,0
7405524,CVB45.BC,2023-05-27,Reparado / Garantía Lab,0,0,519.0,519,0
7405524,CVB45.BC,2024-09-02,Reparado / Garantía Lab,0,0,464.0,983,0
7405525,CVB45.BC,2022-04-28,Reparado,0,0,0.0,0,1
7405525,CVB45.BC,2022-05-10,Reparado / Garantía Lab,1,1,12.0,12,0
7405525,CVB45.BC,2022-10-22,Reparado / Garantía Lab,2,2,165.0,177,0
7405525,CVB45.BC,2022-11-25,Reparado / Garantía Lab,1,3,34.0,211,0
7405527,CVB45.BC,2021-02-02,Reparado,0,0,0.0,0,0
7405527,CVB45.BC,2022-11-21,Reparado,0,0,657.0,657,0
7405527,CVB45.BC,2023-09-27,Reparado / Garantía Lab,0,1,310.0,967,0
7405527,CVB45.BC,2025-11-06,Reparado / Garantía Lab,0,0,771.0,1738,0
7405528,CVB45.BC,2023-10-04,Reparado,0,0,0.0,0,0
7405528,CVB45.BC,2024-08-16,Reparado / Garantía Lab,0,1,317.0,317,0
7405529,CVB45.BC,2021-07-31,Reparado,0,0,0.0,0,0
7405529,CVB45.BC,2023-10-26,Reparado / Garantía Lab,0,0,817.0,817,0
7405530,CVB45.BC,2022-05-23,Reparado,0,0,0.0,0,0
7405533,CVB45.BC,2021-07-06,Reparado,0,0,0.0,0,1
7405533,CVB45.BC,2021-07-19,Reparado / Garantía Lab,1,1,13.0,13,0
7405534,CVB45.BC,2021-02-11,Reparado,0,0,0.0,0,0
7405534,CVB45.BC,2023-06-21,Reparado / Garantía Lab,0,0,860.0,860,0
7405535,CVB45.BC,2022-05-14,Reparado,0,0,0.0,0,0
7405535,CVB45.BC,2023-01-18,Reparado / Garantía Lab,0,1,249.0,249,0
7405536,CVB45.BC,2021-09-17,Reparado,0,0,0.0,0,1
7405536,CVB45.BC,2021-09-30,Reparado / Garantía Lab,1,1,13.0,13,0
7405536,CVB45.BC,2022-03-16,POD Reparado,2,2,167.0,180,0
7405539,CVB45.BC,2020-09-11,Reparado,0,0,0.0,0,0
7405539,CVB45.BC,2021-08-30,Reparado,0,1,353.0,353,0
7405540,CVB45.BC,2021-07-16,Reparado,0,0,0.0,0,0
7405541,CVB45.BC,2024-09-13,Reparado,0,0,0.0,0,0
7405542,CVB45.BC,2023-06-29,Reparado,0,0,0.0,0,0
7405542,CVB45.BC,2025-08-08,Reparado / Garantía Lab,0,0,771.0,771,0
7405543,CVB45.BC,2023-04-01,Reparado,0,0,0.0,0,0
7405543,CVB45.BC,2025-08-25,Reparado / Garantía Lab,0,0,877.0,877,1
7405543,CVB45.BC,2025-08-29,Reparado / Garantía Lab,1,1,4.0,881,0
7405544,CVB45.BC,2022-01-16,Reparado,0,0,0.0,0,0
7405545,CVB45.BC,2020-12-16,Reparado,0,0,0.0,0,1
7405545,CVB45.BC,2020-12-31,Reparado,1,1,15.0,15,0
7405545,CVB45.BC,2022-09-13,POD Reparado,0,0,621.0,636,0
7405545,CVB45.BC,2025-04-24,Reparado / Garantía Lab,0,0,954.0,1590,0
7405546,CVB45.BC,2021-04-01,Reparado,0,0,0.0,0,1
7405546,CVB45.BC,2021-04-12,Reparado / Garantía Lab,1,1,11.0,11,1
7405546,CVB45.BC,2021-04-16,POD,2,2,4.0,15,0
7405546,CVB45.BC,2021-04-16,POD Reparado,2,2,4.0,15,0
7405546,CVB45.BC,2022-03-29,Reparado / Garantía Lab,0,4,347.0,362,0
7405547,CVB45.BC,2023-06-09,Reparado,0,0,0.0,0,0
7405548,CVB45.BC,2024-06-09,Reparado,0,0,0.0,0,0
7405549,CVB45.BC,2021-06-26,Reparado,0,0,0.0,0,0
7405549,CVB45.BC,2022-05-16,Reparado / Garantía Lab,0,1,324.0,324,0
7405549,CVB45.BC,2023-09-06,Reparado / Garantía Lab,0,0,478.0,802,0
7405549,CVB45.BC,2024-05-12,Reparado / Garantía Lab,0,1,249.0,1051,0
7405549,CVB45.BC,2025-08-06,Reparado / Garantía Lab,0,0,451.0,1502,0
7405550,CVB45.BC,2022-06-23,Reparado,0,0,0.0,0,1
7405550,CVB45.BC,2022-06-29,Reparado / Garantía Lab,1,1,6.0,6,0
7405552,CVB45.BC,2022-11-05,Reparado,0,0,0.0,0,1
7405552,CVB45.BC,2022-11-23,Reparado / Garantía Lab,1,1,18.0,18,0
7405553,CVB45.BC,2021-04-27,Reparado,0,0,0.0,0,0
7405553,CVB45.BC,2025-10-15,Reparado / Garantía Lab,0,0,1632.0,1632,0
7405555,CVB45.BC,2021-02-25,Reparado,0,0,0.0,0,0
7405555,CVB45.BC,2022-06-16,Reparado / Garantía Lab,0,0,476.0,476,0
7405555,CVB45.BC,2023-10-16,Reparado / Garantía Lab,0,0,487.0,963,0
7405557,CVB45.BC,2024-09-13,Reparado,0,0,0.0,0,0
7405559,CVB45.BC,2024-08-28,Reparado,0,0,0.0,0,0
7405559,CVB45.BC,2024-10-28,Reparado / Garantía Lab,1,1,61.0,61,0
7405559,CVB45.BC,2025-01-15,Reparado,2,2,79.0,140,1
7405559,CVB45.BC,2025-01-30,Reparado / Garantía Lab,3,3,15.0,155,1
7405559,CVB45.BC,2025-02-03,Reparado / Garantía Lab,4,4,4.0,159,1
7405559,CVB45.BC,2025-02-06,Reparado / Garantía Lab,5,5,3.0,162,0
7405559,CVB45.BC,2025-03-11,Reparado / Garantía Lab,5,6,33.0,195,0
7405559,CVB45.BC,2025-06-10,Reparado / Garantía Lab,5,7,91.0,286,0
7405559,CVB45.BC,2025-08-04,Reparado / Garantía Lab,3,8,55.0,341,0
7405560,CVB45.BC,2020-09-11,Reparado,0,0,0.0,0,0
7405561,CVB45.BC,2020-12-04,Reparado,0,0,0.0,0,1
7405561,CVB45.BC,2020-12-28,Reparado,1,1,24.0,24,1
7405561,CVB45.BC,2021-01-05,Reparado / Garantía Lab,2,2,8.0,32,0
7405561,CVB45.BC,2021-05-28,Reparado / Garantía Lab,3,3,143.0,175,0
7405562,CVB45.BC,2023-04-11,Reparado,0,0,0.0,0,0
7405562,CVB45.BC,2024-08-21,Reparado / Garantía Lab,0,0,498.0,498,0
7405563,CVB45.BC,2023-02-07,Reparado,0,0,0.0,0,0
7405564,CVB45.BC,2021-06-14,Reparado,0,0,0.0,0,0
7405564,CVB45.BC,2025-11-13,Reparado / Garantía Lab,0,0,1613.0,1613,0
7405565,CVB45.BC,2021-02-17,Reparado,0,0,0.0,0,0
7405565,CVB45.BC,2022-12-03,Reparado / Garantía Lab,0,0,654.0,654,0
7405565,CVB45.BC,2025-01-22,Reparado / Garantía Lab,0,0,781.0,1435,0
7405566,CVB45.BC,2021-09-30,Reparado,0,0,0.0,0,0
7405567,CVB45.BC,2024-10-16,Reparado,0,0,0.0,0,0
7405568,CVB45.BC,2021-09-13,Reparado,0,0,0.0,0,0
7405570,CVB45.BC,2021-10-07,Reparado,0,0,0.0,0,0
7405571,CVB45.BC,2020-11-28,Reparado,0,0,0.0,0,0
7405571,CVB45.BC,2022-10-22,Reparado / Garantía Lab,0,0,693.0,693,0
7405571,CVB45.BC,2024-03-22,Reparado / Garantía Lab,0,0,517.0,1210,0
7405571,CVB45.BC,2025-05-09,Reparado / Garantía Lab,0,0,413.0,1623,1
7405571,CVB45.BC,2025-05-22,Reparado / Garantía Lab,1,1,13.0,1636,0
7405572,CVB45.BC,2020-11-27,Reparado,0,0,0.0,0,0
7405572,CVB45.BC,2021-06-11,Reparado / Garantía Lab,0,1,196.0,196,0
7405572,CVB45.BC,2021-08-24,Reparado / Garantía Lab,1,2,74.0,270,0
7405572,CVB45.BC,2022-08-12,Reparado / Garantía Lab,0,1,353.0,623,0
7405573,CVB45.BC,2021-08-07,Reparado,0,0,0.0,0,0
7405573,CVB45.BC,2024-11-04,Reparado / Garantía Lab,0,0,1185.0,1185,1
7405573,CVB45.BC,2024-11-06,Reparado / Garantía Lab,1,1,2.0,1187,0
7405573,CVB45.BC,2024-12-10,Reparado / Garantía Lab,2,2,34.0,1221,1
7405573,CVB45.BC,2024-12-12,Reparado / Garantía Lab,3,3,2.0,1223,1
7405573,CVB45.BC,2024-12-18,Reparado / Garantía Lab,4,4,6.0,1229,0
7405573,CVB45.BC,2025-01-20,Reparado / Garantía Lab,5,5,33.0,1262,0
7405574,CVB45.BC,2020-11-25,Reparado,0,0,0.0,0,0
7405574,CVB45.BC,2021-03-24,Reparado / Garantía Lab,1,1,119.0,119,0
7405574,CVB45.BC,2023-12-14,Reparado / Garantía Lab,0,0,995.0,1114,0
7405574,CVB45.BC,2025-09-02,Reparado / Garantía Lab,0,0,628.0,1742,0
7405575,CVB45.BC,2021-06-04,Reparado,0,0,0.0,0,0
7405575,CVB45.BC,2025-01-15,Reparado / Garantía Lab,0,0,1321.0,1321,0
7405576,CVB45.BC,2022-10-04,Reparado,0,0,0.0,0,0
7405576,CVB45.BC,2024-07-10,Reparado / Garantía Lab,0,0,645.0,645,0
7405577,CVB45.BC,2021-06-15,Reparado,0,0,0.0,0,0
7405577,CVB45.BC,2024-11-13,Reparado / Garantía Lab,0,0,1247.0,1247,0
7405578,CVB45.BC,2021-11-03,Reparado,0,0,0.0,0,0
7405578,CVB45.BC,2023-09-04,Reparado / Garantía Lab,0,0,670.0,670,0
7405579,CVB45.BC,2022-11-05,Reparado,0,0,0.0,0,0
7405579,CVB45.BC,2024-03-06,Reparado / Garantía Lab,0,0,487.0,487,0
7405579,CVB45.BC,2024-12-31,POD Reparado,0,1,300.0,787,0
7405580,CVB45.BC,2023-08-02,Reparado,0,0,0.0,0,0
7405583,CVB45.BC,2021-05-28,Reparado,0,0,0.0,0,1
7405583,CVB45.BC,2021-06-03,Reparado,1,1,6.0,6,0
7405583,CVB45.BC,2024-06-27,Reparado / Garantía Lab,0,0,1120.0,1126,0
7405584,CVB45.BC,2023-10-06,Reparado,0,0,0.0,0,0
7405585,CVB45.BC,2025-09-29,Reparado,0,0,0.0,0,0
7405586,CVB45.BC,2022-11-22,Reparado,0,0,0.0,0,0
7405586,CVB45.BC,2024-12-11,Reparado / Garantía Lab,0,0,750.0,750,1
7405586,CVB45.BC,2024-12-16,Reparado / Garantía Lab,1,1,5.0,755,0
7405586,CVB45.BC,2025-01-29,Reparado / Garantía Lab,2,2,44.0,799,1
7405586,CVB45.BC,2025-02-05,Reparado / Garantía Lab,3,3,7.0,806,1
7405586,CVB45.BC,2025-02-07,Reparado / Garantía Lab,4,4,2.0,808,1
7405586,CVB45.BC,2025-02-12,Reparado / Garantía Lab,5,5,5.0,813,1
7405586,CVB45.BC,2025-02-17,Reparado / Garantía Lab,6,6,5.0,818,0
7405586,CVB45.BC,2025-06-04,Reparado / Garantía Lab,7,7,107.0,925,1
7405586,CVB45.BC,2025-06-06,Reparado / Garantía Lab,8,8,2.0,927,0
7405586,CVB45.BC,2025-10-14,PoD Pendiente,2,9,130.0,1057,0
7405587,CVB45.BC,2021-02-10,Reparado,0,0,0.0,0,0
7405588,CVB45.BC,2022-02-23,Reparado,0,0,0.0,0,0
7405589,CVB45.BC,2022-08-08,Reparado,0,0,0.0,0,0
7405589,CVB45.BC,2025-08-29,Reparado / Garantía Lab,0,0,1117.0,1117,0
7405590,CVB45.BC,2022-10-22,Reparado,0,0,0.0,0,0
7405591,CVB45.BC,2022-07-07,Reparado,0,0,0.0,0,0
7405591,CVB45.BC,2022-08-30,Reparado / Garantía Lab,1,1,54.0,54,1
7405591,CVB45.BC,2022-09-05,Reparado / Garantía Lab,2,2,6.0,60,0
7405591,CVB45.BC,2022-10-12,Reparado / Garantía Lab,3,3,37.0,97,0
7405592,CVB45.BC,2021-02-17,Reparado,0,0,0.0,0,0
7405592,CVB45.BC,2023-06-19,Reparado,0,0,852.0,852,1
7405592,CVB45.BC,2023-06-23,Reparado / Garantía Lab,1,1,4.0,856,0
7405593,CVB45.BC,2021-07-20,Reparado,0,0,0.0,0,0
7405593,CVB45.BC,2024-08-09,Reparado / Garantía Lab,0,0,1116.0,1116,0
7405593,CVB45.BC,2025-07-30,Reparado / Garantía Lab,0,1,355.0,1471,0
7405594,CVB45.BC,2025-07-04,Reparado / Garantía Lab,0,0,0.0,0,1
7405594,CVB45.BC,2025-07-09,Reparado / Garantía Lab,1,1,5.0,5,1
7405594,CVB45.BC,2025-07-11,Reparado / Garantía Lab,2,2,2.0,7,0
7405595,CVB45.BC,2021-04-05,Reparado,0,0,0.0,0,0
7405595,CVB45.BC,2025-03-24,Reparado / Garantía Lab,0,0,1449.0,1449,0
7405596,CVB45.BC,2021-07-06,Reparado,0,0,0.0,0,0
7405596,CVB45.BC,2023-08-02,Reparado / Garantía Lab,0,0,757.0,757,0
7405596,CVB45.BC,2023-09-12,Reparado / Garantía Lab,1,1,41.0,798,0
7405596,CVB45.BC,2024-01-22,Reparado / Garantía Lab,2,2,132.0,930,1
7405596,CVB45.BC,2024-01-29,Reparado / Garantía Lab,3,3,7.0,937,0
7405596,CVB45.BC,2024-09-05,POD Reparado,0,3,220.0,1157,1
7405596,CVB45.BC,2024-09-10,Reparado / Garantía Lab,1,4,5.0,1162,0
7405596,CVB45.BC,2025-07-30,Reparado / Garantía Lab,0,2,323.0,1485,1
7405596,CVB45.BC,2025-08-04,Reparado / Garantía Lab,1,3,5.0,1490,1
7405596,CVB45.BC,2025-08-07,Reparado / Garantía Lab,2,4,3.0,1493,1
7405596,CVB45.BC,2025-08-13,Reparado / Garantía Lab,3,5,6.0,1499,1
7405596,CVB45.BC,2025-08-27,Reparado / Garantía Lab,4,6,14.0,1513,1
7405596,CVB45.BC,2025-09-15,Reparado / Garantía Lab,5,5,19.0,1532,1
7405596,CVB45.BC,2025-09-23,Reparado / Garantía Lab,6,6,8.0,1540,1
7405596,CVB45.BC,2025-10-13,Reparado / Garantía Lab,7,7,20.0,1560,1
7405596,CVB45.BC,2025-10-24,Reparado / Garantía Lab,8,8,11.0,1571,1
7405596,CVB45.BC,2025-10-28,Reparado / Garantía Lab,9,9,4.0,1575,1
7405596,CVB45.BC,2025-11-06,Reparado / Garantía Lab,10,10,9.0,1584,1
7405596,CVB45.BC,2025-11-12,Proceso,11,11,6.0,1590,0
7405597,CVB45.BC,2022-12-09,Reparado,0,0,0.0,0,0
7405598,CVB45.BC,2021-06-28,Reparado,0,0,0.0,0,0
7405599,CVB45.BC,2022-02-04,Reparado,0,0,0.0,0,0
7405599,CVB45.BC,2022-09-09,Reparado / Garantía Lab,0,1,217.0,217,0
7405599,CVB45.BC,2024-02-03,Reparado / Garantía Lab,0,0,512.0,729,0
7405599,CVB45.BC,2024-03-11,Reparado / Garantía Lab,1,1,37.0,766,1
7405599,CVB45.BC,2024-03-18,Reparado / Garantía Lab,2,2,7.0,773,0
7405601,CVB45.BC,2021-08-10,Reparado,0,0,0.0,0,0
7405603,CVB45.BC,2022-12-12,Reparado,0,0,0.0,0,0
7405603,CVB45.BC,2025-08-11,Reparado / Garantía Lab,0,0,973.0,973,0
7405605,CVB45.BC,2023-09-11,Reparado,0,0,0.0,0,0
7405606,CVB45.BC,2021-03-15,Reparado,0,0,0.0,0,0
7405607,CVB45.BC,2022-03-26,Reparado,0,0,0.0,0,0
7405607,CVB45.BC,2022-05-03,Reparado / Garantía Lab,1,1,38.0,38,0
7405607,CVB45.BC,2022-12-02,Reparado / Garantía Lab,0,2,213.0,251,0
7405608,CVB45.BC,2021-10-01,Reparado,0,0,0.0,0,0
7405608,CVB45.BC,2024-03-05,Reparado / Garantía Lab,0,0,886.0,886,0
7405608,CVB45.BC,2025-10-20,Reparado / Garantía Lab,0,0,594.0,1480,0
7405609,CVB45.BC,2025-07-15,Reparado / Garantía Lab,0,0,0.0,0,1
7405609,CVB45.BC,2025-07-18,Reparado / Garantía Lab,1,1,3.0,3,0
7405610,CVB45.BC,2024-07-08,Reparado,0,0,0.0,0,0
7405611,CVB45.BC,2021-06-22,Reparado,0,0,0.0,0,0
7405611,CVB45.BC,2025-10-27,Reparado / Garantía Lab,0,0,1588.0,1588,0
7405612,CVB45.BC,2022-12-23,POD Reparado,0,0,0.0,0,0
7405613,CVB45.BC,2023-10-18,Reparado,0,0,0.0,0,0
7405614,CVB45.BC,2024-08-07,Reparado,0,0,0.0,0,0
7405615,CVB45.BC,2021-10-28,Reparado,0,0,0.0,0,0
7405616,CVB45.BC,2025-09-02,Reparado,0,0,0.0,0,0
7405617,CVB45.BC,2022-05-31,Reparado,0,0,0.0,0,0
7405617,CVB45.BC,2024-01-22,Reparado / Garantía Lab,0,0,601.0,601,0
7405618,CVB45.BC,2022-04-11,POD Reparado,0,0,0.0,0,0
7405619,CVB45.BC,2024-12-31,Reparado,0,0,0.0,0,0
7405620,CVB45.BC,2021-08-30,Reparado,0,0,0.0,0,1
7405620,CVB45.BC,2021-09-20,Reparado / Garantía Lab,1,1,21.0,21,0
7405621,CVB45.BC,2021-09-07,Reparado,0,0,0.0,0,0
7405621,CVB45.BC,2021-10-13,Reparado / Garantía Lab,1,1,36.0,36,0
7405622,CVB45.BC,2022-06-01,Reparado,0,0,0.0,0,0
7405624,CVB45.BC,2025-03-07,Reparado,0,0,0.0,0,0
7405625,CVB45.BC,2025-04-28,Reparado / Garantía Lab,0,0,0.0,0,1
7405625,CVB45.BC,2025-05-05,Reparado / Garantía Lab,1,1,7.0,7,0
7405627,CVB45.BC,2021-07-15,Reparado,0,0,0.0,0,0
7405627,CVB45.BC,2021-11-10,Reparado / Garantía Lab,1,1,118.0,118,0
7405628,CVB45.BC,2022-09-21,Reparado,0,0,0.0,0,1
7405628,CVB45.BC,2022-09-27,Reparado / Garantía Lab,1,1,6.0,6,1
7405628,CVB45.BC,2022-10-24,Reparado / Garantía Lab,2,2,27.0,33,1
7405628,CVB45.BC,2022-11-02,Reparado / Garantía Lab,3,3,9.0,42,1
7405628,CVB45.BC,2022-11-08,Reparado / Garantía Lab,4,4,6.0,48,1
7405628,CVB45.BC,2022-11-23,Reparado / Garantía Lab,5,5,15.0,63,1
7405628,CVB45.BC,2022-12-20,Reparado / Garantía Lab,6,6,27.0,90,1
7405628,CVB45.BC,2023-01-05,Reparado / Garantía Lab,7,7,16.0,106,1
7405628,CVB45.BC,2023-01-16,Reparado / Garantía Lab,8,8,11.0,117,1
7405628,CVB45.BC,2023-01-23,Reparado / Garantía Lab,9,9,7.0,124,1
7405628,CVB45.BC,2023-01-26,Reparado / Garantía Lab,10,10,3.0,127,0
7405628,CVB45.BC,2023-04-20,Reparado / Garantía Lab,9,11,84.0,211,1
7405628,CVB45.BC,2023-04-29,Reparado / Garantía Lab,9,12,9.0,220,1
7405628,CVB45.BC,2023-05-05,Reparado / Garantía Lab,9,13,6.0,226,1
7405628,CVB45.BC,2023-05-11,Reparado / Garantía Lab,9,14,6.0,232,1
7405628,CVB45.BC,2023-05-16,Reparado / Garantía Lab,10,15,5.0,237,0
7405628,CVB45.BC,2023-10-31,Reparado / Garantía Lab,3,13,168.0,405,1
7405628,CVB45.BC,2023-11-14,Reparado / Garantía Lab,1,12,14.0,419,1
7405628,CVB45.BC,2023-11-21,Reparado / Garantía Lab,2,13,7.0,426,0
7405628,CVB45.BC,2024-02-24,Reparado / Garantía Lab,3,8,95.0,521,0
7405629,CVB45.BC,2022-01-20,Reparado,0,0,0.0,0,0
7405630,CVB45.BC,2023-05-12,Reparado,0,0,0.0,0,0
7405631,CVB45.BC,2021-04-28,Reparado,0,0,0.0,0,0
7405631,CVB45.BC,2022-01-21,Reparado / Garantía Lab,0,1,268.0,268,0
7405632,CVB45.BC,2023-09-27,Reparado,0,0,0.0,0,0
7405634,CVB45.BC,2021-04-13,Reparado,0,0,0.0,0,0
7405634,CVB45.BC,2023-08-29,Reparado / Garantía Lab,0,0,868.0,868,0
7405635,CVB45.BC,2021-12-21,Reparado,0,0,0.0,0,0
7405638,CVB45.BC,2021-12-23,Reparado,0,0,0.0,0,0
7405638,CVB45.BC,2022-09-15,Reparado / Garantía Lab,0,1,266.0,266,0
7405638,CVB45.BC,2024-05-27,Reparado / Garantía Lab,0,0,620.0,886,0
7405639,CVB45.BC,2021-10-06,Reparado,0,0,0.0,0,0
7405644,CVB45.BC,2024-08-12,Reparado,0,0,0.0,0,0
7405645,CVB45.BC,2024-12-31,Reparado,0,0,0.0,0,0
7405645,CVB45.BC,2025-05-15,Reparado / Garantía Lab,1,1,135.0,135,0
7405647,CVB45.BC,2021-11-18,Reparado,0,0,0.0,0,0
7405647,CVB45.BC,2023-12-26,Reparado / Garantía Lab,0,0,768.0,768,0
7405649,CVB45.BC,2022-11-26,Reparado,0,0,0.0,0,0
7405651,CVB45.BC,2021-02-02,Reparado,0,0,0.0,0,0
7405651,CVB45.BC,2023-06-02,Reparado / Garantía Lab,0,0,850.0,850,0
7405651,CVB45.BC,2023-08-04,POD Reparado,1,1,63.0,913,1
7405651,CVB45.BC,2023-08-10,POD Reparado,2,2,6.0,919,0
7405651,CVB45.BC,2024-06-11,Reparado / Garantía Lab,0,2,306.0,1225,0
7405651,CVB45.BC,2024-12-17,Reparado / Garantía Lab,0,1,189.0,1414,0
7405652,CVB45.BC,2022-06-06,Reparado,0,0,0.0,0,0
7405653,CVB45.BC,2022-01-17,Reparado,0,0,0.0,0,0
7405653,CVB45.BC,2024-10-11,Reparado / Garantía Lab,0,0,998.0,998,0
7405655,CVB45.BC,2023-10-05,Reparado,0,0,0.0,0,0
7405655,CVB45.BC,2025-06-12,Reparado / Garantía Lab,0,0,616.0,616,0
7405655,CVB45.BC,2025-08-13,Reparado / Garantía Lab,1,1,62.0,678,1
7405655,CVB45.BC,2025-08-19,Reparado / Garantía Lab,2,2,6.0,684,0
7405657,CVB45.BC,2024-10-10,Reparado,0,0,0.0,0,0
7405658,CVB45.BC,2023-05-15,Reparado,0,0,0.0,0,0
7405658,CVB45.BC,2025-10-20,Reparado / Garantía Lab,0,0,889.0,889,0
7405659,CVB45.BC,2022-12-17,Reparado,0,0,0.0,0,0
7405660,CVB45.BC,2024-01-11,Reparado / Garantía Lab,0,0,0.0,0,1
7405660,CVB45.BC,2024-01-15,Reparado / Garantía Lab,1,1,4.0,4,0
7405661,CVB45.BC,2022-06-23,Reparado,0,0,0.0,0,1
7405661,CVB45.BC,2022-07-20,Reparado / Garantía Lab,1,1,27.0,27,0
7405661,CVB45.BC,2023-11-21,Reparado / Garantía Lab,0,0,489.0,516,0
7405661,CVB45.BC,2024-10-07,Reparado / Garantía Lab,0,1,321.0,837,0
7405661,CVB45.BC,2025-07-24,Reparado / Garantía Lab,0,1,290.0,1127,1
7405661,CVB45.BC,2025-07-28,Reparado / Garantía Lab,1,2,4.0,1131,1
7405661,CVB45.BC,2025-08-20,Reparado / Garantía Lab,2,3,23.0,1154,0
7405662,CVB45.BC,2022-11-22,Reparado,0,0,0.0,0,0
7405662,CVB45.BC,2025-11-26,Reparado / Garantía Lab,0,0,1100.0,1100,1
7405662,CVB45.BC,2025-11-28,Reparado / Garantía Lab,1,1,2.0,1102,0
7405663,CVB45.BC,2021-12-17,Reparado,0,0,0.0,0,0
7405664,CVB45.BC,2022-05-20,Reparado,0,0,0.0,0,0
7405664,CVB45.BC,2022-08-03,Reparado / Garantía Lab,1,1,75.0,75,0
7405664,CVB45.BC,2025-02-28,Reparado / Garantía Lab,0,0,940.0,1015,0
7405665,CVB45.BC,2021-01-18,Reparado,0,0,0.0,0,0
7405665,CVB45.BC,2021-05-19,Reparado / Garantía Lab,1,1,121.0,121,0
7405665,CVB45.BC,2022-12-23,Reparado / Garantía Lab,0,0,583.0,704,0
7405666,CVB45.BC,2024-08-12,Reparado,0,0,0.0,0,0
7405667,CVB45.BC,2022-03-02,Reparado,0,0,0.0,0,0
7405669,CVB45.BC,2021-12-13,Reparado,0,0,0.0,0,0
7405669,CVB45.BC,2025-09-03,Reparado / Garantía Lab,0,0,1360.0,1360,0
7405670,CVB45.BC,2025-01-14,Reparado,0,0,0.0,0,0
7405670,CVB45.BC,2025-02-14,Reparado / Garantía Lab,1,1,31.0,31,1
7405670,CVB45.BC,2025-03-06,Reparado / Garantía Lab,2,2,20.0,51,1
7405670,CVB45.BC,2025-03-17,Reparado / Garantía Lab,3,3,11.0,62,1
7405670,CVB45.BC,2025-04-04,Reparado / Garantía Lab,4,4,18.0,80,1
7405670,CVB45.BC,2025-04-09,Reparado / Garantía Lab,5,5,5.0,85,1
7405670,CVB45.BC,2025-04-29,Reparado / Garantía Lab,6,6,20.0,105,0
7405670,CVB45.BC,2025-07-28,Reparado / Garantía Lab,6,7,90.0,195,0
7405671,CVB45.BC,2025-08-26,Reparado,0,0,0.0,0,0
7405673,CVB45.BC,2025-08-22,Reparado,0,0,0.0,0,0
7405674,CVB45.BC,2023-05-02,Reparado,0,0,0.0,0,0
7405674,CVB45.BC,2025-10-15,Reparado / Garantía Lab,0,0,897.0,897,1
7405674,CVB45.BC,2025-10-17,Reparado / Garantía Lab,1,1,2.0,899,0
7405675,CVB45.BC,2023-09-21,Reparado,0,0,0.0,0,0
7405675,CVB45.BC,2025-08-26,Reparado / Garantía Lab,0,0,705.0,705,0
7405677,CVB45.BC,2023-09-09,Reparado,0,0,0.0,0,0
7405679,CVB45.BC,2022-05-17,Reparado,0,0,0.0,0,0
7405680,CVB45.BC,2025-08-11,Reparado,0,0,0.0,0,0
7405682,CVB45.BC,2023-07-11,Reparado,0,0,0.0,0,0
7405684,CVB45.BC,2024-03-20,Reparado,0,0,0.0,0,0
7405685,CVB45.BC,2025-08-26,Reparado,0,0,0.0,0,0
7405686,CVB45.BC,2021-10-05,Reparado,0,0,0.0,0,0
7405687,CVB45.BC,2022-01-28,POD Reparado,0,0,0.0,0,0
7405687,CVB45.BC,2022-08-25,Reparado / Garantía Lab,0,1,209.0,209,0
7405687,CVB45.BC,2024-05-11,Reparado / Garantía Lab,0,0,625.0,834,0
7405688,CVB45.BC,2023-09-12,Reparado,0,0,0.0,0,0
7405688,CVB45.BC,2025-03-17,Reparado / Garantía Lab,0,0,552.0,552,0
7405688,CVB45.BC,2025-08-26,Reparado / Garantía Lab,1,1,162.0,714,0
7405690,CVB45.BC,2023-05-25,Reparado,0,0,0.0,0,0
7405690,CVB45.BC,2024-06-19,Reparado / Garantía Lab,0,0,391.0,391,0
7405690,CVB45.BC,2024-09-16,Reparado / Garantía Lab,1,1,89.0,480,0
7405691,CVB45.BC,2022-07-04,Reparado,0,0,0.0,0,0
7405692,CVB45.BC,2025-10-20,Reparado,0,0,0.0,0,0
7405693,CVB45.BC,2021-06-15,Reparado,0,0,0.0,0,0
7405693,CVB45.BC,2025-10-08,Reparado / Garantía Lab,0,0,1576.0,1576,0
7405696,CVB45.BC,2024-10-21,Reparado,0,0,0.0,0,0
7405696,CVB45.BC,2025-07-10,Reparado / Garantía Lab,0,1,262.0,262,0
7405698,CVB45.BC,2023-11-03,Reparado,0,0,0.0,0,0
7405699,CVB45.BC,2021-12-23,Reparado,0,0,0.0,0,0
7405699,CVB45.BC,2024-09-27,Reparado / Garantía Lab,0,0,1009.0,1009,0
7405701,CVB45.BC,2023-06-29,Reparado,0,0,0.0,0,0
7405701,CVB45.BC,2024-10-10,Reparado / Garantía Lab,0,0,469.0,469,0
7405701,CVB45.BC,2024-11-19,Reparado / Garantía Lab,1,1,40.0,509,0
7405701,CVB45.BC,2025-07-11,Reparado / Garantía Lab,0,2,234.0,743,0
7405704,CVB45.BC,2022-03-05,Reparado,0,0,0.0,0,0
7405705,CVB45.BC,2022-08-01,Reparado,0,0,0.0,0,0
7405705,CVB45.BC,2025-01-27,Reparado / Garantía Lab,0,0,910.0,910,1
7405705,CVB45.BC,2025-01-30,Reparado / Garantía Lab,1,1,3.0,913,1
7405705,CVB45.BC,2025-02-26,Reparado / Garantía Lab,2,2,27.0,940,1
7405705,CVB45.BC,2025-02-28,Reparado / Garantía Lab,3,3,2.0,942,0
7405706,CVB45.BC,2023-06-06,Reparado,0,0,0.0,0,0
7405707,CVB45.BC,2022-05-17,Reparado,0,0,0.0,0,0
7405707,CVB45.BC,2024-04-08,Reparado / Garantía Lab,0,0,692.0,692,0
7405708,CVB45.BC,2022-10-24,Reparado,0,0,0.0,0,0
7405709,CVB45.BC,2025-10-20,Reparado,0,0,0.0,0,0
7405710,CVB45.BC,2025-08-26,Reparado,0,0,0.0,0,0
7405711,CVB45.BC,2022-01-15,Reparado,0,0,0.0,0,0
7405711,CVB45.BC,2022-08-17,POD Reparado,0,1,214.0,214,0
7405713,CVB45.BC,2022-10-20,Reparado,0,0,0.0,0,0
7405714,CVB45.BC,2021-05-31,Reparado,0,0,0.0,0,0
7405714,CVB45.BC,2021-10-21,Reparado / Garantía Lab,1,1,143.0,143,0
7405714,CVB45.BC,2021-12-17,Reparado / Garantía Lab,1,2,57.0,200,0
7405714,CVB45.BC,2022-07-22,Reparado / Garantía Lab,0,2,217.0,417,0
7405714,CVB45.BC,2025-08-26,Reparado / Garantía Lab,0,0,1131.0,1548,1
7405714,CVB45.BC,2025-09-02,Reparado / Garantía Lab,1,1,7.0,1555,0
7405714,CVB45.BC,2025-10-16,Reparado / Garantía Lab,2,2,44.0,1599,1
7405714,CVB45.BC,2025-10-21,Reparado / Garantía Lab,3,3,5.0,1604,1
7405714,CVB45.BC,2025-11-06,Reparado / Garantía Lab,4,4,16.0,1620,1
7405714,CVB45.BC,2025-12-02,Reparado / Garantía Lab,5,5,26.0,1646,0
7405715,CVB45.BC,2022-11-23,Reparado,0,0,0.0,0,0
7405715,CVB45.BC,2025-03-07,Reparado / Garantía Lab,0,0,835.0,835,0
7405716,CVB45.BC,2021-07-19,Reparado,0,0,0.0,0,0
7405716,CVB45.BC,2022-02-23,Reparado / Garantía Lab,0,1,219.0,219,0
7405716,CVB45.BC,2023-05-31,Reparado / Garantía Lab,0,0,462.0,681,0
7405718,CVB45.BC,2024-03-23,Reparado,0,0,0.0,0,0
7405718,CVB45.BC,2025-04-25,Reparado / Garantía Lab,0,0,398.0,398,1
7405718,CVB45.BC,2025-04-29,Reparado / Garantía Lab,1,1,4.0,402,0
7405719,CVB45.BC,2024-10-02,Reparado,0,0,0.0,0,0
7405725,CVB45.BC,2023-05-31,Reparado,0,0,0.0,0,0
7405725,CVB45.BC,2025-03-24,Reparado / Garantía Lab,0,0,663.0,663,0
7405726,CVB45.BC,2023-06-15,Reparado,0,0,0.0,0,0
7405728,CVB45.BC,2022-08-05,Reparado,0,0,0.0,0,0
7405728,CVB45.BC,2022-09-24,Reparado / Garantía Lab,1,1,50.0,50,0
7405729,CVB45.BC,2022-11-05,Reparado,0,0,0.0,0,0
7405729,CVB45.BC,2025-02-10,Reparado / Garantía Lab,0,0,828.0,828,0
7405730,CVB45.BC,2021-12-17,POD Reparado,0,0,0.0,0,0
7405730,CVB45.BC,2024-10-01,Reparado / Garantía Lab,0,0,1019.0,1019,0
7405732,CVB45.BC,2021-03-19,Reparado,0,0,0.0,0,0
7405732,CVB45.BC,2021-06-10,Reparado / Garantía Lab,1,1,83.0,83,0
7405732,CVB45.BC,2021-09-08,Reparado / Garantía Lab,2,2,90.0,173,0
7405732,CVB45.BC,2022-03-19,Reparado / Garantía Lab,0,3,192.0,365,1
7405732,CVB45.BC,2022-04-04,Reparado / Garantía Lab,1,3,16.0,381,0
7405732,CVB45.BC,2022-05-10,Reparado / Garantía Lab,2,4,36.0,417,0
7405732,CVB45.BC,2022-07-05,Reparado / Garantía Lab,3,4,56.0,473,0
7405732,CVB45.BC,2023-05-31,Reparado,0,1,330.0,803,0
7405734,CVB45.BC,2022-10-22,Reparado,0,0,0.0,0,0
7405735,CVB45.BC,2022-07-05,POD Reparado,0,0,0.0,0,0
7405735,CVB45.BC,2024-11-26,Reparado / Garantía Lab,0,0,875.0,875,0
7405736,CVB45.BC,2024-10-14,Reparado,0,0,0.0,0,0
7405736,CVB45.BC,2025-11-17,Reparado / Garantía Lab,0,0,399.0,399,1
7405736,CVB45.BC,2025-11-19,Reparado / Garantía Lab,1,1,2.0,401,1
7405736,CVB45.BC,2025-11-26,Reparado / Garantía Lab,2,2,7.0,408,0
7405737,CVB45.BC,2021-07-09,Reparado,0,0,0.0,0,0
7405737,CVB45.BC,2021-08-26,Reparado / Garantía Lab,1,1,48.0,48,0
7405737,CVB45.BC,2025-01-08,Reparado / Garantía Lab,0,0,1231.0,1279,0
7405738,CVB45.BC,2023-05-26,Reparado,0,0,0.0,0,0
7405739,CVB45.BC,2023-08-28,Reparado / Garantía Lab,0,0,0.0,0,1
7405739,CVB45.BC,2023-09-01,Reparado / Garantía Lab,1,1,4.0,4,0
7405740,CVB45.BC,2024-10-09,Reparado,0,0,0.0,0,0
7405742,CVB45.BC,2021-12-17,Reparado,0,0,0.0,0,0
7405742,CVB45.BC,2025-11-04,Reparado / Garantía Lab,0,0,1418.0,1418,0
7405743,CVB45.BC,2021-10-17,Reparado,0,0,0.0,0,1
7405743,CVB45.BC,2021-11-02,Reparado / Garantía Lab,1,1,16.0,16,0
7405746,CVB45.BC,2021-11-10,Reparado,0,0,0.0,0,0
7405748,CVB45.BC,2021-06-29,Reparado,0,0,0.0,0,1
7405748,CVB45.BC,2021-07-05,Reparado / Garantía Lab,1,1,6.0,6,0
7405748,CVB45.BC,2021-09-21,Reparado / Garantía Lab,2,2,78.0,84,1
7405748,CVB45.BC,2021-09-24,Reparado / Garantía Lab,3,3,3.0,87,0
7405749,CVB45.BC,2025-04-22,Reparado,0,0,0.0,0,0
7405750,CVB45.BC,2022-12-16,Reparado,0,0,0.0,0,0
7405751,CVB45.BC,2021-11-10,Reparado,0,0,0.0,0,0
7405751,CVB45.BC,2021-12-14,Reparado / Garantía Lab,1,1,34.0,34,0
7405752,CVB45.BC,2023-10-19,Reparado / Garantía Lab,0,0,0.0,0,1
7405752,CVB45.BC,2023-10-26,Reparado / Garantía Lab,1,1,7.0,7,0
7405752,CVB45.BC,2025-06-04,POD Reparado,0,0,587.0,594,1
7405752,CVB45.BC,2025-06-09,Reparado / Garantía Lab,1,1,5.0,599,0
7405753,CVB45.BC,2022-11-21,Reparado,0,0,0.0,0,0
7405754,CVB45.BC,2021-08-31,Reparado,0,0,0.0,0,0
7405754,CVB45.BC,2023-08-05,Reparado / Garantía Lab,0,0,704.0,704,0
7405755,CVB45.BC,2022-02-24,Reparado,0,0,0.0,0,0
7405756,CVB45.BC,2024-09-05,Reparado,0,0,0.0,0,1
7405756,CVB45.BC,2024-09-10,Reparado / Garantía Lab,1,1,5.0,5,0
7405756,CVB45.BC,2025-03-17,Reparado / Garantía Lab,0,2,188.0,193,1
7405756,CVB45.BC,2025-04-14,Reparado / Garantía Lab,1,3,28.0,221,0
7405758,CVB45.BC,2024-08-07,Reparado,0,0,0.0,0,0
7405759,CVB45.BC,2024-11-28,Reparado,0,0,0.0,0,0
7405759,CVB45.BC,2025-07-11,Reparado / Garantía Lab,0,1,225.0,225,0
7405760,CVB45.BC,2023-08-25,Reparado,0,0,0.0,0,0
7405761,CVB45.BC,2022-08-05,Reparado,0,0,0.0,0,0
7405762,CVB45.BC,2023-05-19,Reparado,0,0,0.0,0,0
7405762,CVB45.BC,2025-10-20,Reparado / Garantía Lab,0,0,885.0,885,0
7405765,CVB45.BC,2021-05-26,Reparado,0,0,0.0,0,0
7405765,CVB45.BC,2023-09-11,Reparado / Garantía Lab,0,0,838.0,838,0
7405765,CVB45.BC,2024-07-19,Reparado / Garantía Lab,0,1,312.0,1150,0
7405765,CVB45.BC,2024-12-10,Reparado / Garantía Lab,1,1,144.0,1294,0
7405767,CVB45.BC,2022-08-25,Reparado,0,0,0.0,0,0
7405767,CVB45.BC,2023-10-31,Reparado / Garantía Lab,0,0,432.0,432,0
7405767,CVB45.BC,2024-11-04,Reparado / Garantía Lab,0,0,370.0,802,1
7405767,CVB45.BC,2024-11-27,Reparado / Garantía Lab,1,1,23.0,825,1
7405767,CVB45.BC,2024-12-02,Reparado / Garantía Lab,2,2,5.0,830,1
7405767,CVB45.BC,2024-12-04,Reparado / Garantía Lab,3,3,2.0,832,1
7405767,CVB45.BC,2024-12-06,Reparado / Garantía Lab,4,4,2.0,834,1
7405767,CVB45.BC,2024-12-10,Reparado / Garantía Lab,5,5,4.0,838,1
7405767,CVB45.BC,2024-12-16,Reparado / Garantía Lab,6,6,6.0,844,1
7405767,CVB45.BC,2024-12-19,Reparado / Garantía Lab,7,7,3.0,847,1
7405767,CVB45.BC,2024-12-24,Reparado / Garantía Lab,8,8,5.0,852,0
7405768,CVB45.BC,2024-02-19,Reparado,0,0,0.0,0,0
7405768,CVB45.BC,2025-10-27,Reparado / Garantía Lab,0,0,616.0,616,0
7405769,CVB45.BC,2023-09-09,Reparado,0,0,0.0,0,0
7405771,CVB45.BC,2021-10-14,Reparado,0,0,0.0,0,0
7405771,CVB45.BC,2023-06-13,Reparado / Garantía Lab,0,0,607.0,607,0
7405772,CVB45.BC,2022-11-05,Reparado,0,0,0.0,0,0
7405773,CVB45.BC,2022-05-10,Reparado,0,0,0.0,0,0
7405774,CVB45.BC,2023-08-31,Reparado,0,0,0.0,0,0
7405774,CVB45.BC,2025-10-20,Reparado / Garantía Lab,0,0,781.0,781,0
7405775,CVB45.BC,2022-11-20,Reparado,0,0,0.0,0,0
7405776,CVB45.BC,2022-11-05,Reparado,0,0,0.0,0,1
7405776,CVB45.BC,2022-11-23,Reparado / Garantía Lab,1,1,18.0,18,1
7405776,CVB45.BC,2022-12-23,Reparado / Garantía Lab,2,2,30.0,48,0
7405777,CVB45.BC,2021-06-03,Reparado,0,0,0.0,0,0
7405777,CVB45.BC,2022-08-19,Reparado / Garantía Lab,0,0,442.0,442,0
7405778,CVB45.BC,2021-03-15,Reparado,0,0,0.0,0,0
7405778,CVB45.BC,2021-06-08,Reparado / Garantía Lab,1,1,85.0,85,0
7405778,CVB45.BC,2021-12-30,Reparado / Garantía Lab,0,2,205.0,290,1
7405778,CVB45.BC,2022-01-07,Reparado / Garantía Lab,1,3,8.0,298,0
7405779,CVB45.BC,2023-10-16,Reparado,0,0,0.0,0,0
7405780,CVB45.BC,2021-11-18,Reparado,0,0,0.0,0,0
7405780,CVB45.BC,2021-12-20,Reparado / Garantía Lab,1,1,32.0,32,0
7405781,CVB45.BC,2022-11-07,Reparado,0,0,0.0,0,0
7405783,CVB45.BC,2020-09-01,Reparado,0,0,0.0,0,0
7405784,CVB45.BC,2021-06-04,Reparado,0,0,0.0,0,0
7405784,CVB45.BC,2021-07-29,Reparado / Garantía Lab,1,1,55.0,55,0
7405784,CVB45.BC,2021-12-14,Reparado / Garantía Lab,1,2,138.0,193,0
7405784,CVB45.BC,2022-07-14,Reparado / Garantía Lab,0,2,212.0,405,1
7405784,CVB45.BC,2022-07-19,Reparado / Garantía Lab,1,3,5.0,410,1
7405784,CVB45.BC,2022-07-22,Reparado / Garantía Lab,2,4,3.0,413,0
7405784,CVB45.BC,2024-11-15,Reparado / Garantía Lab,0,0,847.0,1260,0
7405785,CVB45.BC,2023-09-26,Reparado,0,0,0.0,0,0
7405787,CVB45.BC,2021-01-04,Reparado,0,0,0.0,0,0
7405787,CVB45.BC,2021-10-01,Reparado / Garantía Lab,0,1,270.0,270,0
7405787,CVB45.BC,2023-05-09,Reparado / Garantía Lab,0,0,585.0,855,0
7405789,CVB45.BC,2024-03-23,Reparado,0,0,0.0,0,0
7405790,CVB45.BC,2023-08-31,Reparado,0,0,0.0,0,0
7405790,CVB45.BC,2025-01-22,Reparado / Garantía Lab,0,0,510.0,510,0
7405791,CVB45.BC,2021-11-03,Reparado,0,0,0.0,0,0
7405791,CVB45.BC,2022-03-08,Reparado / Garantía Lab,1,1,125.0,125,1
7405791,CVB45.BC,2022-03-11,Reparado / Garantía Lab,2,2,3.0,128,0
7405791,CVB45.BC,2025-02-21,Reparado / Garantía Lab,0,0,1078.0,1206,0
7405793,CVB45.BC,2021-04-01,Reparado,0,0,0.0,0,0
7405793,CVB45.BC,2021-07-29,Reparado / Garantía Lab,1,1,119.0,119,0
7405793,CVB45.BC,2022-07-17,Reparado / Garantía Lab,0,1,353.0,472,0
7405794,CVB45.BC,2021-02-03,Reparado,0,0,0.0,0,0
7405794,CVB45.BC,2023-03-28,Reparado / Garantía Lab,0,0,783.0,783,0
7405794,CVB45.BC,2024-02-26,Reparado / Garantía Lab,0,1,335.0,1118,1
7405794,CVB45.BC,2024-03-05,Reparado / Garantía Lab,1,2,8.0,1126,0
7405795,CVB45.BC,2022-01-23,Reparado,0,0,0.0,0,0
7405796,CVB45.BC,2024-08-16,Reparado,0,0,0.0,0,0
7405797,CVB45.BC,2022-06-01,Reparado,0,0,0.0,0,1
7405797,CVB45.BC,2022-06-29,Reparado / Garantía Lab,1,1,28.0,28,0
7405797,CVB45.BC,2023-10-14,Reparado / Garantía Lab,0,0,472.0,500,0
7405797,CVB45.BC,2025-10-20,Reparado / Garantía Lab,0,0,737.0,1237,0
7405798,CVB45.BC,2020-12-23,Reparado,0,0,0.0,0,0
7405798,CVB45.BC,2021-04-09,Reparado / Garantía Lab,1,1,107.0,107,0
7405798,CVB45.BC,2021-05-11,Reparado,2,2,32.0,139,0
7405798,CVB45.BC,2021-06-11,Reparado / Garantía Lab,3,3,31.0,170,0
7405799,CVB45.BC,2023-05-22,Reparado,0,0,0.0,0,0
7405801,CVB45.BC,2022-10-20,Reparado,0,0,0.0,0,0
7405802,CVB45.BC,2022-07-28,Reparado,0,0,0.0,0,0
7405802,CVB45.BC,2024-10-24,Reparado / Garantía Lab,0,0,819.0,819,0
7405802,CVB45.BC,2025-07-10,Reparado / Garantía Lab,0,1,259.0,1078,1
7405802,CVB45.BC,2025-07-15,Reparado / Garantía Lab,1,2,5.0,1083,0
7405803,CVB45.BC,2023-11-21,Reparado / Garantía Lab,0,0,0.0,0,0
7405803,CVB45.BC,2023-12-22,Reparado / Garantía Lab,1,1,31.0,31,0
7405803,CVB45.BC,2024-06-18,Reparado / Garantía Lab,1,2,179.0,210,0
7405806,CVB45.BC,2022-11-01,Reparado,0,0,0.0,0,0
7405808,CVB45.BC,2023-09-11,Reparado,0,0,0.0,0,0
7405810,CVB45.BC,2022-12-03,Reparado,0,0,0.0,0,0
7405810,CVB45.BC,2025-08-27,Reparado / Garantía Lab,0,0,998.0,998,0
7405811,CVB45.BC,2022-08-11,Reparado,0,0,0.0,0,0
7405815,CVB45.BC,2022-11-05,Reparado,0,0,0.0,0,0
7405816,CVB45.BC,2021-08-24,Reparado,0,0,0.0,0,0
7405816,CVB45.BC,2022-05-11,Reparado / Garantía Lab,0,1,260.0,260,0
7405817,CVB45.BC,2025-10-27,Reparado,0,0,0.0,0,0
7405818,CVB45.BC,2024-06-27,Reparado,0,0,0.0,0,0
7405819,CVB45.BC,2022-11-07,Reparado,0,0,0.0,0,0
7405819,CVB45.BC,2025-11-25,Reparado / Garantía Lab,0,0,1114.0,1114,0
7405820,CVB45.BC,2025-03-17,Reparado,0,0,0.0,0,0
7405823,CVB45.BC,2022-04-05,Reparado,0,0,0.0,0,0
7405824,CVB45.BC,2025-09-30,Reparado,0,0,0.0,0,0
7405825,CVB45.BC,2021-06-03,Reparado,0,0,0.0,0,1
7405825,CVB45.BC,2021-06-16,Reparado / Garantía Lab,1,1,13.0,13,0
7405825,CVB45.BC,2022-05-27,Reparado / Garantía Lab,0,2,345.0,358,0
7405825,CVB45.BC,2022-10-28,Reparado / Garantía Lab,1,1,154.0,512,0
7405826,CVB45.BC,2023-07-12,Reparado,0,0,0.0,0,0
7405826,CVB45.BC,2025-05-22,Reparado / Garantía Lab,0,0,680.0,680,0
7405827,CVB45.BC,2023-10-03,Reparado,0,0,0.0,0,0
7405827,CVB45.BC,2025-02-07,Reparado / Garantía Lab,0,0,493.0,493,0
7405829,CVB45.BC,2022-05-31,Reparado,0,0,0.0,0,0
7405829,CVB45.BC,2022-07-18,Reparado / Garantía Lab,1,1,48.0,48,0
7405829,CVB45.BC,2024-12-18,Reparado / Garantía Lab,0,0,884.0,932,0
7405831,CVB45.BC,2023-08-21,Reparado,0,0,0.0,0,0
7405831,CVB45.BC,2024-04-24,Reparado / Garantía Lab,0,1,247.0,247,1
7405831,CVB45.BC,2024-05-14,Reparado / Garantía Lab,1,2,20.0,267,1
7405831,CVB45.BC,2024-05-30,Reparado / Garantía Lab,2,3,16.0,283,1
7405831,CVB45.BC,2024-06-07,Reparado / Garantía Lab,3,4,8.0,291,0
7405834,CVB45.BC,2022-11-05,Reparado,0,0,0.0,0,1
7405834,CVB45.BC,2022-11-23,Reparado / Garantía Lab,1,1,18.0,18,0
7405834,CVB45.BC,2025-03-17,Reparado / Garantía Lab,0,0,845.0,863,0
7405835,CVB45.BC,2022-07-04,Reparado,0,0,0.0,0,0
7405838,CVB45.BC,2022-10-19,Reparado,0,0,0.0,0,0
7405838,CVB45.BC,2023-06-27,Reparado / Garantía Lab,0,1,251.0,251,0
7405838,CVB45.BC,2025-05-15,Reparado / Garantía Lab,0,0,688.0,939,0
7405840,CVB45.BC,2023-05-30,Reparado,0,0,0.0,0,0
7405841,CVB45.BC,2022-05-24,Reparado,0,0,0.0,0,0
7405841,CVB45.BC,2025-01-24,Reparado / Garantía Lab,0,0,976.0,976,1
7405841,CVB45.BC,2025-01-28,Reparado / Garantía Lab,1,1,4.0,980,0
7405841,CVB45.BC,2025-03-07,Reparado / Garantía Lab,2,2,38.0,1018,0
7405841,CVB45.BC,2025-04-09,Reparado / Garantía Lab,3,3,33.0,1051,1
7405841,CVB45.BC,2025-04-28,Reparado / Garantía Lab,4,4,19.0,1070,0
7405841,CVB45.BC,2025-08-12,Reparado / Garantía Lab,3,5,106.0,1176,0
7405843,CVB45.BC,2024-10-17,Reparado,0,0,0.0,0,0
7405843,CVB45.BC,2025-05-16,Reparado / Garantía Lab,0,1,211.0,211,0
7405844,CVB45.BC,2025-01-08,Reparado / Garantía Lab,0,0,0.0,0,1
7405844,CVB45.BC,2025-01-10,Reparado / Garantía Lab,1,1,2.0,2,1
7405844,CVB45.BC,2025-02-04,Reparado / Garantía Lab,2,2,25.0,27,1
7405844,CVB45.BC,2025-02-12,Reparado / Garantía Lab,3,3,8.0,35,1
7405844,CVB45.BC,2025-02-17,Reparado / Garantía Lab,4,4,5.0,40,0
7405845,CVB45.BC,2024-05-25,Reparado,0,0,0.0,0,0
7405846,CVB45.BC,2023-09-01,Reparado,0,0,0.0,0,0
7405847,CVB45.BC,2024-02-27,Reparado,0,0,0.0,0,0
7405848,CVB45.BC,2021-02-10,Reparado,0,0,0.0,0,0
7405848,CVB45.BC,2025-09-05,Reparado / Garantía Lab,0,0,1668.0,1668,0
7405849,CVB45.BC,2022-04-20,Reparado,0,0,0.0,0,0
7405851,CVB45.BC,2025-10-20,Reparado,0,0,0.0,0,0
7405853,CVB45.BC,2024-10-17,Reparado,0,0,0.0,0,0
7405853,CVB45.BC,2025-07-14,Reparado / Garantía Lab,0,1,270.0,270,1
7405853,CVB45.BC,2025-07-17,Reparado / Garantía Lab,1,2,3.0,273,0
7405854,CVB45.BC,2024-10-03,Reparado,0,0,0.0,0,0
7405856,CVB45.BC,2025-02-24,Reparado / Garantía Lab,0,0,0.0,0,0
7405856,CVB45.BC,2025-04-15,Reparado / Garantía Lab,1,1,50.0,50,0
7405856,CVB45.BC,2025-10-03,Reparado / Garantía Lab,1,2,171.0,221,0
7405857,CVB45.BC,2023-07-13,Reparado,0,0,0.0,0,0
7405858,CVB45.BC,2023-11-02,Reparado,0,0,0.0,0,0
7405859,CVB45.BC,2024-10-14,Reparado,0,0,0.0,0,0
7405860,CVB45.BC,2023-07-25,Reparado,0,0,0.0,0,0
7405860,CVB45.BC,2024-06-01,Reparado / Garantía Lab,0,1,312.0,312,0
7405861,CVB45.BC,2023-11-09,Reparado,0,0,0.0,0,0
7405861,CVB45.BC,2024-12-09,Reparado / Garantía Lab,0,0,396.0,396,0
7405862,CVB45.BC,2021-08-17,Reparado,0,0,0.0,0,0
7405862,CVB45.BC,2025-09-08,Reparado / Garantía Lab,0,0,1483.0,1483,1
7405862,CVB45.BC,2025-09-12,Reparado / Garantía Lab,1,1,4.0,1487,0
7405863,CVB45.BC,2025-01-20,Reparado / Garantía Lab,0,0,0.0,0,1
7405863,CVB45.BC,2025-01-22,Reparado / Garantía Lab,1,1,2.0,2,1
7405863,CVB45.BC,2025-02-10,Reparado / Garantía Lab,2,2,19.0,21,0
7405863,CVB45.BC,2025-03-18,Reparado / Garantía Lab,3,3,36.0,57,1
7405863,CVB45.BC,2025-04-15,Reparado / Garantía Lab,4,4,28.0,85,1
7405863,CVB45.BC,2025-04-28,Reparado / Garantía Lab,5,5,13.0,98,1
7405863,CVB45.BC,2025-05-20,Reparado / Garantía Lab,6,6,22.0,120,0
7405863,CVB45.BC,2025-07-31,POD Reparado,5,7,72.0,192,0
7405863,CVB45.BC,2025-09-16,Reparado / Garantía Lab,4,8,47.0,239,1
7405863,CVB45.BC,2025-09-25,Reparado / Garantía Lab,5,9,9.0,248,1
7405863,CVB45.BC,2025-10-02,Reparado / Garantía Lab,6,10,7.0,255,0
7405864,CVB45.BC,2024-03-01,Reparado,0,0,0.0,0,0
7405865,CVB45.BC,2023-11-03,Reparado,0,0,0.0,0,0
7405866,CVB45.BC,2021-05-26,Reparado,0,0,0.0,0,0
7405866,CVB45.BC,2022-04-11,Reparado / Garantía Lab,0,1,320.0,320,0
7405868,CVB45.BC,2022-10-24,Reparado,0,0,0.0,0,1
7405868,CVB45.BC,2022-11-23,Reparado / Garantía Lab,1,1,30.0,30,0
7405870,CVB45.BC,2022-05-18,Reparado,0,0,0.0,0,0
7405871,CVB45.BC,2023-10-11,Reparado,0,0,0.0,0,0
7405872,CVB45.BC,2021-02-24,Reparado,0,0,0.0,0,0
7405872,CVB45.BC,2022-11-05,Reparado / Garantía Lab,0,0,619.0,619,1
7405872,CVB45.BC,2022-11-23,Reparado / Garantía Lab,1,1,18.0,637,0
7405872,CVB45.BC,2024-08-16,Reparado / Garantía Lab,0,0,632.0,1269,0
7405874,CVB45.BC,2024-08-07,Reparado,0,0,0.0,0,0
7405875,CVB45.BC,2022-11-06,Reparado,0,0,0.0,0,0
7405876,CVB45.BC,2025-06-26,Reparado,0,0,0.0,0,1
7405876,CVB45.BC,2025-07-01,Reparado / Garantía Lab,1,1,5.0,5,0
7405878,CVB45.BC,2023-10-27,Reparado,0,0,0.0,0,0
7405880,CVB45.BC,2024-07-06,Reparado,0,0,0.0,0,0
7405880,CVB45.BC,2025-11-26,Reparado / Garantía Lab,0,0,508.0,508,0
7405881,CVB45.BC,2021-10-18,Reparado,0,0,0.0,0,0
7405881,CVB45.BC,2024-06-03,Reparado / Garantía Lab,0,0,959.0,959,0
7405881,CVB45.BC,2024-08-16,Reparado / Garantía Lab,1,1,74.0,1033,0
7405881,CVB45.BC,2025-01-09,Reparado / Garantía Lab,1,2,146.0,1179,0
7405881,CVB45.BC,2025-05-28,Reparado / Garantía Lab,1,3,139.0,1318,0
7405881,CVB45.BC,2025-07-01,Reparado / Garantía Lab,2,3,34.0,1352,0
7405881,CVB45.BC,2025-08-27,Reparado / Garantía Lab,2,3,57.0,1409,0
7405882,CVB45.BC,2024-04-05,Reparado,0,0,0.0,0,0
7405884,CVB45.BC,2020-11-25,Reparado,0,0,0.0,0,1
7405884,CVB45.BC,2020-12-14,Reparado / Garantía Lab,1,1,19.0,19,1
7405884,CVB45.BC,2020-12-18,Reparado / Garantía Lab,2,2,4.0,23,0
7405884,CVB45.BC,2023-11-02,Reparado / Garantía Lab,0,0,1049.0,1072,0
7405884,CVB45.BC,2025-01-14,Reparado / Garantía Lab,0,0,439.0,1511,1
7405884,CVB45.BC,2025-01-20,Reparado / Garantía Lab,1,1,6.0,1517,0
7405885,CVB45.BC,2024-07-10,Reparado,0,0,0.0,0,0
7405885,CVB45.BC,2024-10-30,Reparado / Garantía Lab,1,1,112.0,112,0
7405885,CVB45.BC,2025-10-20,Reparado / Garantía Lab,0,1,355.0,467,0
7405886,CVB45.BC,2024-06-16,Reparado,0,0,0.0,0,0
7405889,CVB45.BC,2021-07-13,Reparado,0,0,0.0,0,0
7405889,CVB45.BC,2025-11-25,Reparado / Garantía Lab,0,0,1596.0,1596,0
7405891,CVB45.BC,2023-11-28,Reparado,0,0,0.0,0,0
7405891,CVB45.BC,2025-06-25,Reparado / Garantía Lab,0,0,575.0,575,0
7405892,CVB45.BC,2022-09-12,Reparado,0,0,0.0,0,1
7405892,CVB45.BC,2022-09-20,Reparado / Garantía Lab,1,1,8.0,8,0
7405894,CVB45.BC,2021-05-11,Reparado,0,0,0.0,0,1
7405894,CVB45.BC,2021-05-19,Reparado / Garantía Lab,1,1,8.0,8,0
7405896,CVB45.BC,2023-07-14,Reparado,0,0,0.0,0,0
7405896,CVB45.BC,2024-06-27,Reparado / Garantía Lab,0,1,349.0,349,0
7405896,CVB45.BC,2025-08-22,Reparado / Garantía Lab,0,0,421.0,770,1
7405896,CVB45.BC,2025-08-28,Reparado / Garantía Lab,1,1,6.0,776,0
7405897,CVB45.BC,2021-01-05,Reparado,0,0,0.0,0,0
7405897,CVB45.BC,2022-01-17,Reparado,0,0,377.0,377,0
7405897,CVB45.BC,2022-12-21,Reparado / Garantía Lab,0,1,338.0,715,0
7405899,CVB45.BC,2021-07-07,Reparado,0,0,0.0,0,0
7405899,CVB45.BC,2023-07-26,Reparado / Garantía Lab,0,0,749.0,749,0
7405899,CVB45.BC,2024-04-03,Reparado / Garantía Lab,0,1,252.0,1001,0
7405899,CVB45.BC,2025-09-04,Reparado / Garantía Lab,0,0,519.0,1520,0
7405900,CVB45.BC,2025-02-07,Reparado / Garantía Lab,0,0,0.0,0,1
7405900,CVB45.BC,2025-03-04,Reparado / Garantía Lab,1,1,25.0,25,0
7405901,CVB45.BC,2021-10-18,Reparado,0,0,0.0,0,0
7405905,CVB45.BC,2024-05-02,Reparado,0,0,0.0,0,0
7405908,CVB45.BC,2022-01-17,Reparado,0,0,0.0,0,1
7405908,CVB45.BC,2022-01-21,Reparado / Garantía Lab,1,1,4.0,4,0
7405908,CVB45.BC,2024-08-07,Reparado / Garantía Lab,0,0,929.0,933,0
7405909,CVB45.BC,2023-05-18,Reparado,0,0,0.0,0,0
7405909,CVB45.BC,2024-06-03,Reparado / Garantía Lab,0,0,382.0,382,0
7405909,CVB45.BC,2025-02-07,Reparado / Garantía Lab,0,1,249.0,631,0
7405910,CVB45.BC,2025-01-29,Reparado,0,0,0.0,0,0
7405912,CVB45.BC,2022-03-09,Reparado,0,0,0.0,0,0
7405912,CVB45.BC,2025-08-25,Reparado / Garantía Lab,0,0,1265.0,1265,0
7405913,CVB45.BC,2023-10-16,Reparado,0,0,0.0,0,0
7405914,CVB45.BC,2023-10-11,Reparado,0,0,0.0,0,0
7405914,CVB45.BC,2025-01-23,Reparado / Garantía Lab,0,0,470.0,470,0
7405915,CVB45.BC,2021-09-08,Reparado,0,0,0.0,0,0
7405915,CVB45.BC,2022-10-13,Reparado / Garantía Lab,0,0,400.0,400,0
7405915,CVB45.BC,2022-11-23,Reparado / Garantía Lab,1,1,41.0,441,0
7405916,CVB45.BC,2024-08-28,Reparado,0,0,0.0,0,0
7405917,CVB45.BC,2021-11-12,Reparado,0,0,0.0,0,0
7405918,CVB45.BC,2021-04-09,Reparado,0,0,0.0,0,0
7405918,CVB45.BC,2022-03-14,Reparado / Garantía Lab,0,1,339.0,339,0
7405919,CVB45.BC,2023-01-13,Reparado,0,0,0.0,0,0
7405919,CVB45.BC,2024-08-28,Reparado / Garantía Lab,0,0,593.0,593,0
7405920,CVB45.BC,2022-03-26,Reparado,0,0,0.0,0,0
7405921,CVB45.BC,2021-07-27,Reparado,0,0,0.0,0,0
7405921,CVB45.BC,2023-10-05,Reparado / Garantía Lab,0,0,800.0,800,0
7405921,CVB45.BC,2025-10-22,Reparado / Garantía Lab,0,0,748.0,1548,0
7405922,CVB45.BC,2025-01-28,Reparado,0,0,0.0,0,0
7405922,CVB45.BC,2025-07-04,Reparado / Garantía Lab,1,1,157.0,157,1
7405922,CVB45.BC,2025-07-09,Reparado / Garantía Lab,2,2,5.0,162,0
7405923,CVB45.BC,2025-08-12,Reparado / Garantía Lab,0,0,0.0,0,1
7405923,CVB45.BC,2025-08-14,Reparado / Garantía Lab,1,1,2.0,2,1
7405923,CVB45.BC,2025-08-20,Reparado / Garantía Lab,2,2,6.0,8,0
7405925,CVB45.BC,2021-09-02,Reparado,0,0,0.0,0,0
7405925,CVB45.BC,2021-11-04,Reparado / Garantía Lab,1,1,63.0,63,0
7405928,CVB45.BC,2021-05-19,Reparado,0,0,0.0,0,0
7405928,CVB45.BC,2024-01-10,Reparado / Garantía Lab,0,0,966.0,966,1
7405928,CVB45.BC,2024-01-15,Reparado / Garantía Lab,1,1,5.0,971,0
7405928,CVB45.BC,2024-08-22,Reparado / Garantía Lab,0,2,220.0,1191,0
7405929,CVB45.BC,2024-06-12,Reparado,0,0,0.0,0,1
7405929,CVB45.BC,2024-06-19,Reparado / Garantía Lab,1,1,7.0,7,0
7405932,CVB45.BC,2025-10-20,Reparado,0,0,0.0,0,0
7405934,CVB45.BC,2021-11-21,Reparado,0,0,0.0,0,0
7405934,CVB45.BC,2022-03-05,Reparado / Garantía Lab,1,1,104.0,104,0
7405934,CVB45.BC,2022-07-08,Reparado / Garantía Lab,1,2,125.0,229,0
7405934,CVB45.BC,2023-11-18,Reparado / Garantía Lab,0,0,498.0,727,0
7405934,CVB45.BC,2024-08-26,Reparado / Garantía Lab,0,1,282.0,1009,0
7405934,CVB45.BC,2024-10-16,Reparado / Garantía Lab,1,2,51.0,1060,0
7405934,CVB45.BC,2024-11-22,Reparado / Garantía Lab,2,2,37.0,1097,0
7405935,CVB45.BC,2020-09-09,Reparado,0,0,0.0,0,0
7405935,CVB45.BC,2022-10-22,Reparado / Garantía Lab,0,0,773.0,773,0
7405935,CVB45.BC,2022-11-23,Reparado / Garantía Lab,1,1,32.0,805,0
7405936,CVB45.BC,2021-07-23,Reparado,0,0,0.0,0,0
7405936,CVB45.BC,2024-02-26,Reparado / Garantía Lab,0,0,948.0,948,0
7405937,CVB45.BC,2022-01-07,Reparado,0,0,0.0,0,0
7405940,CVB45.BC,2022-04-27,Reparado,0,0,0.0,0,0
7405940,CVB45.BC,2022-11-08,Reparado / Garantía Lab,0,1,195.0,195,1
7405940,CVB45.BC,2022-11-14,Reparado / Garantía Lab,1,2,6.0,201,1
7405940,CVB45.BC,2022-11-23,Reparado / Garantía Lab,2,3,9.0,210,0
7405940,CVB45.BC,2024-08-08,Reparado / Garantía Lab,0,0,624.0,834,0
7405943,CVB45.BC,2025-06-23,Reparado / Garantía Lab,0,0,0.0,0,1
7405943,CVB45.BC,2025-06-26,Reparado / Garantía Lab,1,1,3.0,3,0
7405943,CVB45.BC,2025-08-11,Reparado / Garantía Lab,2,2,46.0,49,1
7405943,CVB45.BC,2025-08-13,Reparado / Garantía Lab,3,3,2.0,51,0
7405944,CVB45.BC,2021-03-27,Reparado,0,0,0.0,0,0
7405945,CVB45.BC,2023-10-13,Reparado,0,0,0.0,0,0
7405947,CVB45.BC,2021-02-10,Reparado,0,0,0.0,0,0
7405948,CVB45.BC,2022-06-09,Reparado,0,0,0.0,0,0
7405948,CVB45.BC,2023-03-22,Reparado / Garantía Lab,0,1,286.0,286,0
7405949,CVB45.BC,2023-07-13,Reparado,0,0,0.0,0,0
7405950,CVB45.BC,2023-05-16,Reparado,0,0,0.0,0,0
7405950,CVB45.BC,2025-01-22,Reparado / Garantía Lab,0,0,617.0,617,0
7405951,CVB45.BC,2022-03-02,Reparado,0,0,0.0,0,0
7405952,CVB45.BC,2023-03-16,Reparado,0,0,0.0,0,1
7405952,CVB45.BC,2023-03-29,Reparado / Garantía Lab,1,1,13.0,13,0
7405953,CVB45.BC,2023-05-17,Reparado,0,0,0.0,0,0
7405953,CVB45.BC,2024-07-03,Reparado / Garantía Lab,0,0,413.0,413,1
7405953,CVB45.BC,2024-07-09,Reparado / Garantía Lab,1,1,6.0,419,1
7405953,CVB45.BC,2024-07-11,Reparado / Garantía Lab,2,2,2.0,421,0
7405953,CVB45.BC,2025-01-31,Reparado / Garantía Lab,0,3,204.0,625,0
7405954,CVB45.BC,2023-09-15,Reparado,0,0,0.0,0,0
7405954,CVB45.BC,2024-12-18,Reparado / Garantía Lab,0,0,460.0,460,0
7405956,CVB45.BC,2025-08-22,Reparado / Garantía Lab,0,0,0.0,0,1
7405956,CVB45.BC,2025-09-16,Reparado / Garantía Lab,1,1,25.0,25,0
7405957,CVB45.BC,2025-01-15,Reparado,0,0,0.0,0,0
7405958,CVB45.BC,2022-11-11,Reparado,0,0,0.0,0,0
7405959,CVB45.BC,2022-11-07,Reparado,0,0,0.0,0,0
7405960,CVB45.BC,2021-03-03,Reparado,0,0,0.0,0,0
7405960,CVB45.BC,2025-09-05,Reparado / Garantía Lab,0,0,1647.0,1647,0
7405961,CVB45.BC,2023-09-28,Reparado,0,0,0.0,0,0
7405962,CVB45.BC,2025-08-08,Reparado,0,0,0.0,0,0
7405965,CVB45.BC,2023-10-18,Reparado,0,0,0.0,0,0
7405965,CVB45.BC,2025-10-23,Reparado / Garantía Lab,0,0,736.0,736,0
7405966,CVB45.BC,2023-12-01,POD Reparado,0,0,0.0,0,1
7405966,CVB45.BC,2023-12-18,Reparado / Garantía Lab,1,1,17.0,17,0
7405967,CVB45.BC,2024-06-27,Reparado,0,0,0.0,0,0
7405968,CVB45.BC,2023-10-27,Reparado,0,0,0.0,0,0
7405969,CVB45.BC,2022-08-30,Reparado,0,0,0.0,0,0
7405969,CVB45.BC,2022-12-11,Reparado / Garantía Lab,1,1,103.0,103,0
7405970,CVB45.BC,2021-05-08,Reparado,0,0,0.0,0,0
7405970,CVB45.BC,2022-10-13,POD Reparado,0,0,523.0,523,0
7405970,CVB45.BC,2023-05-25,Reparado / Garantía Lab,0,1,224.0,747,0
7405971,CVB45.BC,2025-10-22,Reparado,0,0,0.0,0,0
7405972,CVB45.BC,2022-06-05,Reparado,0,0,0.0,0,0
7405973,CVB45.BC,2021-07-09,Reparado,0,0,0.0,0,0
7405973,CVB45.BC,2022-04-07,POD Reparado,0,1,272.0,272,0
7405973,CVB45.BC,2022-10-22,Reparado / Garantía Lab,0,1,198.0,470,0
7405973,CVB45.BC,2022-11-23,Reparado / Garantía Lab,1,2,32.0,502,0
7405977,CVB45.BC,2021-12-20,Reparado,0,0,0.0,0,0
7405977,CVB45.BC,2022-04-27,Reparado / Garantía Lab,1,1,128.0,128,1
7405977,CVB45.BC,2022-05-24,Reparado / Garantía Lab,2,2,27.0,155,1
7405977,CVB45.BC,2022-06-01,Reparado / Garantía Lab,3,3,8.0,163,0
7405977,CVB45.BC,2023-09-27,Reparado / Garantía Lab,0,0,483.0,646,1
7405977,CVB45.BC,2023-10-25,Reparado / Garantía Lab,1,1,28.0,674,0
7405977,CVB45.BC,2023-11-27,Reparado / Garantía Lab,2,2,33.0,707,0
7405977,CVB45.BC,2025-06-11,Reparado / Garantía Lab,0,0,562.0,1269,1
7405977,CVB45.BC,2025-06-13,Reparado / Garantía Lab,1,1,2.0,1271,1
7405977,CVB45.BC,2025-06-25,Reparado / Garantía Lab,2,2,12.0,1283,0
7405977,CVB45.BC,2025-08-20,Reparado / Garantía Lab,3,3,56.0,1339,0
7405977,CVB45.BC,2025-09-23,Reparado / Garantía Lab,4,4,34.0,1373,1
7405977,CVB45.BC,2025-09-25,Reparado / Garantía Lab,5,5,2.0,1375,1
7405977,CVB45.BC,2025-10-02,Reparado / Garantía Lab,6,6,7.0,1382,1
7405977,CVB45.BC,2025-10-08,Reparado / Garantía Lab,7,7,6.0,1388,1
7405977,CVB45.BC,2025-10-13,Reparado / Garantía Lab,8,8,5.0,1393,1
7405977,CVB45.BC,2025-10-16,Reparado / Garantía Lab,9,9,3.0,1396,0
7405978,CVB45.BC,2022-06-13,Reparado,0,0,0.0,0,0
7405978,CVB45.BC,2023-11-02,Reparado / Garantía Lab,0,0,507.0,507,0
7405978,CVB45.BC,2024-09-24,Reparado / Garantía Lab,0,1,327.0,834,0
7405981,CVB45.BC,2024-08-30,Reparado,0,0,0.0,0,0
7405981,CVB45.BC,2025-07-08,Reparado / Garantía Lab,0,1,312.0,312,1
7405981,CVB45.BC,2025-07-15,Reparado / Garantía Lab,1,2,7.0,319,0
7405982,CVB45.BC,2024-03-27,Reparado,0,0,0.0,0,0
7405985,CVB45.BC,2021-10-07,Reparado,0,0,0.0,0,0
7405985,CVB45.BC,2021-12-05,Reparado / Garantía Lab,1,1,59.0,59,0
7405985,CVB45.BC,2025-08-26,Reparado / Garantía Lab,0,0,1360.0,1419,0
7405986,CVB45.BC,2021-09-21,Reparado,0,0,0.0,0,0
7405987,CVB45.BC,2021-08-02,Reparado,0,0,0.0,0,0
7405987,CVB45.BC,2022-08-08,Reparado / Garantía Lab,0,0,371.0,371,0
7405987,CVB45.BC,2022-11-08,Reparado / Garantía Lab,1,1,92.0,463,0
7405989,CVB45.BC,2024-06-03,Reparado,0,0,0.0,0,1
7405989,CVB45.BC,2024-06-10,Reparado / Garantía Lab,1,1,7.0,7,1
7405989,CVB45.BC,2024-06-13,Reparado / Garantía Lab,2,2,3.0,10,1
7405989,CVB45.BC,2024-07-05,Reparado / Garantía Lab,3,3,22.0,32,1
7405989,CVB45.BC,2024-07-11,Reparado / Garantía Lab,4,4,6.0,38,0
7405990,CVB45.BC,2022-07-18,Reparado,0,0,0.0,0,1
7405990,CVB45.BC,2022-08-09,Reparado / Garantía Lab,1,1,22.0,22,0
7405990,CVB45.BC,2024-01-12,Reparado / Garantía Lab,0,0,521.0,543,0
7405990,CVB45.BC,2025-04-29,Reparado / Garantía Lab,0,0,473.0,1016,0
7405992,CVB45.BC,2022-01-19,Reparado,0,0,0.0,0,0
7405992,CVB45.BC,2024-08-12,Reparado / Garantía Lab,0,0,936.0,936,0
7405993,CVB45.BC,2023-05-27,Reparado,0,0,0.0,0,0
7405993,CVB45.BC,2024-08-19,Reparado / Garantía Lab,0,0,450.0,450,0
7405994,CVB45.BC,2024-11-26,Reparado,0,0,0.0,0,0
7405995,CVB45.BC,2023-07-05,Reparado,0,0,0.0,0,0
7405995,CVB45.BC,2025-07-24,Reparado / Garantía Lab,0,0,750.0,750,0
7405996,CVB45.BC,2024-08-07,Reparado,0,0,0.0,0,0
7405996,CVB45.BC,2025-05-08,Reparado / Garantía Lab,0,1,274.0,274,1
7405996,CVB45.BC,2025-05-28,Reparado / Garantía Lab,1,2,20.0,294,1
7405996,CVB45.BC,2025-06-05,Reparado / Garantía Lab,2,3,8.0,302,1
7405996,CVB45.BC,2025-06-09,Reparado / Garantía Lab,3,4,4.0,306,0
7405998,CVB45.BC,2022-02-04,Reparado,0,0,0.0,0,0
7405998,CVB45.BC,2022-07-15,Reparado / Garantía Lab,1,1,161.0,161,0
7405999,CVB45.BC,2022-11-23,Reparado / Garantía Lab,0,0,0.0,0,0
7405999,CVB45.BC,2024-08-13,Reparado / Garantía Lab,0,0,629.0,629,0
7406001,CVB45.BC,2020-12-22,Reparado,0,0,0.0,0,0
7406004,CVB45.BC,2021-04-15,Reparado,0,0,0.0,0,0
7406004,CVB45.BC,2023-09-04,Reparado / Garantía Lab,0,0,872.0,872,0
7406005,CVB45.BC,2023-11-02,Reparado,0,0,0.0,0,0
7406006,CVB45.BC,2022-07-07,Reparado,0,0,0.0,0,0
7406006,CVB45.BC,2025-08-25,Reparado / Garantía Lab,0,0,1145.0,1145,0
7406007,CVB45.BC,2022-04-10,Reparado,0,0,0.0,0,0
7406008,CVB45.BC,2025-05-28,Reparado,0,0,0.0,0,0
7406009,CVB45.BC,2024-01-07,Reparado,0,0,0.0,0,0
7406010,CVB45.BC,2023-09-21,Reparado,0,0,0.0,0,0
7406011,CVB45.BC,2023-10-03,Reparado / Garantía Lab,0,0,0.0,0,0
7406011,CVB45.BC,2024-01-09,Reparado / Garantía Lab,1,1,98.0,98,1
7406011,CVB45.BC,2024-01-17,Reparado / Garantía Lab,2,2,8.0,106,0
7406013,CVB45.BC,2020-12-03,Reparado,0,0,0.0,0,0
7406013,CVB45.BC,2025-09-08,Reparado / Garantía Lab,0,0,1740.0,1740,0
7406014,CVB45.BC,2023-10-26,Reparado,0,0,0.0,0,0
7406014,CVB45.BC,2024-08-13,Reparado / Garantía Lab,0,1,292.0,292,1
7406014,CVB45.BC,2024-08-16,Reparado / Garantía Lab,1,2,3.0,295,0
7406015,CVB45.BC,2022-09-21,Reparado,0,0,0.0,0,0
7406015,CVB45.BC,2025-10-20,Reparado / Garantía Lab,0,0,1125.0,1125,0
7406016,CVB45.BC,2025-10-14,Reparado,0,0,0.0,0,0
7406017,CVB45.BC,2022-12-17,Reparado,0,0,0.0,0,0
7406020,CVB45.BC,2021-02-19,Reparado,0,0,0.0,0,0
7406020,CVB45.BC,2021-10-08,Reparado / Garantía Lab,0,1,231.0,231,0
7406020,CVB45.BC,2023-02-21,Reparado / Garantía Lab,0,0,501.0,732,0
7406021,CVB45.BC,2021-07-15,Reparado,0,0,0.0,0,0
7406021,CVB45.BC,2024-09-16,Reparado / Garantía Lab,0,0,1159.0,1159,1
7406021,CVB45.BC,2024-09-24,Reparado / Garantía Lab,1,1,8.0,1167,1
7406021,CVB45.BC,2024-09-27,Reparado / Garantía Lab,2,2,3.0,1170,1
7406021,CVB45.BC,2024-10-01,Reparado / Garantía Lab,3,3,4.0,1174,0
7406022,CVB45.BC,2023-07-10,Reparado,0,0,0.0,0,0
7406022,CVB45.BC,2024-11-05,Reparado / Garantía Lab,0,0,484.0,484,0
7406024,CVB45.BC,2024-11-08,Reparado,0,0,0.0,0,1
7406024,CVB45.BC,2024-11-12,Reparado / Garantía Lab,1,1,4.0,4,1
7406024,CVB45.BC,2024-11-14,Reparado / Garantía Lab,2,2,2.0,6,1
7406024,CVB45.BC,2024-12-12,Reparado / Garantía Lab,3,3,28.0,34,1
7406024,CVB45.BC,2024-12-18,Reparado / Garantía Lab,4,4,6.0,40,0
7406024,CVB45.BC,2025-01-22,Reparado / Garantía Lab,5,5,35.0,75,1
7406024,CVB45.BC,2025-01-27,Reparado / Garantía Lab,6,6,5.0,80,1
7406024,CVB45.BC,2025-02-04,Reparado / Garantía Lab,7,7,8.0,88,1
7406024,CVB45.BC,2025-02-07,Reparado / Garantía Lab,8,8,3.0,91,0
7406026,CVB45.BC,2022-01-08,Reparado,0,0,0.0,0,0
7406026,CVB45.BC,2022-12-19,Reparado,0,1,345.0,345,0
7406027,CVB45.BC,2022-05-18,Reparado,0,0,0.0,0,0
7406027,CVB45.BC,2025-09-01,Reparado / Garantía Lab,0,0,1202.0,1202,1
7406027,CVB45.BC,2025-09-03,Reparado / Garantía Lab,1,1,2.0,1204,1
7406027,CVB45.BC,2025-09-26,Reparado / Garantía Lab,2,2,23.0,1227,0
7406028,CVB45.BC,2024-08-08,Reparado,0,0,0.0,0,0
7406028,CVB45.BC,2025-09-01,Reparado / Garantía Lab,0,0,389.0,389,1
7406028,CVB45.BC,2025-09-11,Reparado / Garantía Lab,1,1,10.0,399,1
7406028,CVB45.BC,2025-09-15,Reparado / Garantía Lab,2,2,4.0,403,0
7406033,CVB45.BC,2021-04-21,Reparado,0,0,0.0,0,0
7406033,CVB45.BC,2023-07-03,Reparado,0,0,803.0,803,0
7406033,CVB45.BC,2025-06-02,Reparado / Garantía Lab,0,0,700.0,1503,0
7406033,CVB45.BC,2025-09-23,Reparado / Garantía Lab,1,1,113.0,1616,0
7406036,CVB45.BC,2021-05-29,Reparado,0,0,0.0,0,0
7406037,CVB45.BC,2025-10-15,Reparado,0,0,0.0,0,0
7406038,CVB45.BC,2022-05-26,Reparado,0,0,0.0,0,0
7406039,CVB45.BC,2022-02-28,Reparado,0,0,0.0,0,0
7406039,CVB45.BC,2023-09-12,Reparado / Garantía Lab,0,0,561.0,561,0
7406040,CVB45.BC,2022-01-19,Reparado,0,0,0.0,0,0
7406041,CVB45.BC,2021-09-10,Reparado,0,0,0.0,0,0
7406041,CVB45.BC,2022-06-20,Reparado / Garantía Lab,0,1,283.0,283,0
7406041,CVB45.BC,2024-09-13,Reparado / Garantía Lab,0,0,816.0,1099,0
7406042,CVB45.BC,2021-07-15,Reparado,0,0,0.0,0,0
7406042,CVB45.BC,2024-09-12,Reparado / Garantía Lab,0,0,1155.0,1155,1
7406042,CVB45.BC,2024-09-16,Reparado / Garantía Lab,1,1,4.0,1159,0
7406043,CVB45.BC,2021-11-16,Reparado,0,0,0.0,0,1
7406043,CVB45.BC,2021-12-14,Reparado / Garantía Lab,1,1,28.0,28,0
7406043,CVB45.BC,2022-09-03,Reparado / Garantía Lab,0,2,263.0,291,0
7406043,CVB45.BC,2022-12-03,Reparado / Garantía Lab,1,2,91.0,382,0
7406044,CVB45.BC,2025-08-22,Reparado,0,0,0.0,0,0
7406046,CVB45.BC,2023-08-22,POD Reparado,0,0,0.0,0,0
7406046,CVB45.BC,2025-04-22,Reparado / Garantía Lab,0,0,609.0,609,0
7406046,CVB45.BC,2025-06-12,Reparado / Garantía Lab,1,1,51.0,660,1
7406046,CVB45.BC,2025-07-08,Reparado / Garantía Lab,2,2,26.0,686,1
7406046,CVB45.BC,2025-07-11,Reparado / Garantía Lab,3,3,3.0,689,0
7406047,CVB45.BC,2022-08-02,Reparado,0,0,0.0,0,1
7406047,CVB45.BC,2022-08-09,Reparado / Garantía Lab,1,1,7.0,7,0
7406047,CVB45.BC,2023-09-21,Reparado / Garantía Lab,0,0,408.0,415,0
7406047,CVB45.BC,2023-11-28,Reparado / Garantía Lab,1,1,68.0,483,0
7406048,CVB45.BC,2021-01-26,Reparado,0,0,0.0,0,0
7406048,CVB45.BC,2025-09-11,Reparado / Garantía Lab,0,0,1689.0,1689,0
7406050,CVB45.BC,2023-05-27,Reparado,0,0,0.0,0,0
7406052,CVB45.BC,2022-01-14,Reparado,0,0,0.0,0,0
7406053,CVB45.BC,2022-01-19,Reparado,0,0,0.0,0,0
7406059,CVB45.BC,2021-05-04,Reparado,0,0,0.0,0,0
7406059,CVB45.BC,2024-04-13,Reparado / Garantía Lab,0,0,1075.0,1075,0
7406059,CVB45.BC,2024-05-26,Reparado / Garantía Lab,1,1,43.0,1118,0
7406059,CVB45.BC,2024-10-23,Reparado / Garantía Lab,1,2,150.0,1268,0
7406063,CVB45.BC,2024-08-30,Reparado,0,0,0.0,0,1
7406063,CVB45.BC,2024-09-04,Reparado / Garantía Lab,1,1,5.0,5,0
7406063,CVB45.BC,2024-10-07,POD Reparado,2,2,33.0,38,1
7406063,CVB45.BC,2024-10-14,Reparado / Garantía Lab,3,3,7.0,45,1
7406063,CVB45.BC,2024-10-16,Reparado / Garantía Lab,4,4,2.0,47,1
7406063,CVB45.BC,2024-10-18,Reparado / Garantía Lab,5,5,2.0,49,1
7406063,CVB45.BC,2024-10-22,Reparado / Garantía Lab,6,6,4.0,53,0
7406063,CVB45.BC,2025-03-04,Reparado / Garantía Lab,5,7,133.0,186,0
7406065,CVB45.BC,2021-07-19,Reparado,0,0,0.0,0,1
7406065,CVB45.BC,2021-08-03,Reparado / Garantía Lab,1,1,15.0,15,0
7406065,CVB45.BC,2022-09-06,Reparado / Garantía Lab,0,0,399.0,414,0
7406066,CVB45.BC,2023-03-22,Reparado,0,0,0.0,0,0
7406066,CVB45.BC,2024-03-04,POD Reparado,0,1,348.0,348,0
7406067,CVB45.BC,2021-02-15,Reparado,0,0,0.0,0,0
7406067,CVB45.BC,2021-06-08,Reparado / Garantía Lab,1,1,113.0,113,0
7406068,CVB45.BC,2023-05-19,Reparado,0,0,0.0,0,0
7406068,CVB45.BC,2025-11-26,Reparado / Garantía Lab,0,0,922.0,922,1
7406068,CVB45.BC,2025-12-04,Proceso,1,1,8.0,930,0
7406070,CVB45.BC,2025-06-26,Reparado,0,0,0.0,0,0
7406072,CVB45.BC,2023-01-30,Reparado,0,0,0.0,0,0
7406072,CVB45.BC,2025-05-06,POD Reparado,0,0,827.0,827,0
7406073,CVB45.BC,2021-12-04,Reparado,0,0,0.0,0,1
7406073,CVB45.BC,2021-12-14,Reparado / Garantía Lab,1,1,10.0,10,0
7406073,CVB45.BC,2024-12-31,Reparado / Garantía Lab,0,0,1113.0,1123,0
7406073,CVB45.BC,2025-06-18,Reparado / Garantía Lab,1,1,169.0,1292,1
7406073,CVB45.BC,2025-06-24,Reparado / Garantía Lab,2,2,6.0,1298,0
7406073,CVB45.BC,2025-08-26,Reparado / Garantía Lab,2,3,63.0,1361,0
7406076,CVB45.BC,2023-10-30,Reparado,0,0,0.0,0,0
7406077,CVB45.BC,2022-11-20,Reparado,0,0,0.0,0,0
7406079,CVB45.BC,2023-09-29,Reparado,0,0,0.0,0,0
7406081,CVB45.BC,2024-09-13,Reparado,0,0,0.0,0,0
7406084,CVB45.BC,2021-01-21,Reparado,0,0,0.0,0,0
7406086,CVB45.BC,2024-03-23,Reparado,0,0,0.0,0,0
7406088,CVB45.BC,2021-06-25,Reparado,0,0,0.0,0,0
7406088,CVB45.BC,2022-09-08,Reparado / Garantía Lab,0,0,440.0,440,0
7406090,CVB45.BC,2022-08-27,Reparado,0,0,0.0,0,0
7406090,CVB45.BC,2025-09-25,Reparado / Garantía Lab,0,0,1125.0,1125,0
7406092,CVB45.BC,2021-07-26,Reparado,0,0,0.0,0,0
7406092,CVB45.BC,2024-05-02,Reparado / Garantía Lab,0,0,1011.0,1011,0
7406094,CVB45.BC,2022-01-17,Reparado,0,0,0.0,0,0
7406096,CVB45.BC,2022-01-11,Reparado,0,0,0.0,0,0
7406097,CVB45.BC,2025-10-27,Reparado,0,0,0.0,0,0
7406098,CVB45.BC,2025-07-30,Reparado,0,0,0.0,0,0
7406099,CVB45.BC,2024-03-02,Reparado,0,0,0.0,0,0
7406101,CVB45.BC,2023-10-17,Reparado,0,0,0.0,0,0
7406102,CVB45.BC,2022-06-17,Reparado,0,0,0.0,0,0
7406102,CVB45.BC,2023-07-24,POD Reparado,0,0,402.0,402,0
7406102,CVB45.BC,2023-12-09,Reparado / Garantía Lab,1,1,138.0,540,0
7406102,CVB45.BC,2024-07-02,Reparado / Garantía Lab,0,2,206.0,746,0
7406102,CVB45.BC,2025-10-27,Reparado / Garantía Lab,0,0,482.0,1228,0
7406104,CVB45.BC,2022-05-06,Reparado,0,0,0.0,0,0
7406105,CVB45.BC,2021-03-03,Reparado,0,0,0.0,0,0
7406105,CVB45.BC,2021-07-05,Reparado,1,1,124.0,124,0
7406105,CVB45.BC,2024-11-13,Reparado / Garantía Lab,0,0,1227.0,1351,0
7406106,CVB45.BC,2023-08-30,Reparado,0,0,0.0,0,0
7406106,CVB45.BC,2024-10-08,Reparado / Garantía Lab,0,0,405.0,405,0
7406107,CVB45.BC,2024-11-13,Reparado,0,0,0.0,0,0
7406110,CVB45.BC,2022-11-03,Reparado,0,0,0.0,0,1
7406110,CVB45.BC,2022-11-15,Reparado / Garantía Lab,1,1,12.0,12,0
7406110,CVB45.BC,2025-02-12,Reparado / Garantía Lab,0,0,820.0,832,0
7406111,CVB45.BC,2025-01-31,Reparado,0,0,0.0,0,0
7406112,CVB45.BC,2025-12-02,Reparado / Garantía Lab,0,0,0.0,0,1
7406112,CVB45.BC,2025-12-05,Proceso,1,1,3.0,3,0
7406113,CVB45.BC,2023-02-08,Reparado,0,0,0.0,0,1
7406113,CVB45.BC,2023-02-16,Reparado / Garantía Lab,1,1,8.0,8,0
7406114,CVB45.BC,2023-11-08,Reparado,0,0,0.0,0,0
7406115,CVB45.BC,2023-01-13,Reparado,0,0,0.0,0,1
7406115,CVB45.BC,2023-01-31,Reparado,1,1,18.0,18,0
7406115,CVB45.BC,2025-11-13,Reparado / Garantía Lab,0,0,1017.0,1035,0
7406116,CVB45.BC,2021-02-17,Reparado,0,0,0.0,0,0
7406118,CVB45.BC,2022-02-25,Reparado,0,0,0.0,0,0
7406121,CVB45.BC,2022-10-29,Reparado,0,0,0.0,0,1
7406121,CVB45.BC,2022-11-15,Reparado / Garantía Lab,1,1,17.0,17,0
7406122,CVB45.BC,2021-02-10,Reparado,0,0,0.0,0,0
7406122,CVB45.BC,2022-11-28,Reparado,0,0,656.0,656,0
7406123,CVB45.BC,2024-05-28,POD Reparado,0,0,0.0,0,0
7406123,CVB45.BC,2024-08-12,Reparado / Garantía Lab,1,1,76.0,76,0
7406125,CVB45.BC,2022-08-11,Reparado,0,0,0.0,0,0
7406126,CVB45.BC,2023-02-17,Reparado,0,0,0.0,0,0
7406126,CVB45.BC,2025-11-27,Reparado / Garantía Lab,0,0,1014.0,1014,0
7406127,CVB45.BC,2025-09-15,Reparado,0,0,0.0,0,0
7406129,CVB45.BC,2021-06-26,POD,0,0,0.0,0,0
7406129,CVB45.BC,2021-06-26,POD Reparado,0,0,0.0,0,0
7406129,CVB45.BC,2021-11-24,Reparado / Garantía Lab,2,2,151.0,151,0
7406129,CVB45.BC,2025-05-08,Reparado / Garantía Lab,0,0,1261.0,1412,0
7406131,CVB45.BC,2021-08-10,Reparado,0,0,0.0,0,0
7406131,CVB45.BC,2023-05-19,Reparado,0,0,647.0,647,1
7406131,CVB45.BC,2023-05-25,Reparado,1,1,6.0,653,0
7406131,CVB45.BC,2023-08-05,Reparado / Garantía Lab,2,2,72.0,725,1
7406131,CVB45.BC,2023-08-11,Reparado / Garantía Lab,3,3,6.0,731,1
7406131,CVB45.BC,2023-08-16,Reparado / Garantía Lab,4,4,5.0,736,1
7406131,CVB45.BC,2023-08-29,Reparado / Garantía Lab,5,5,13.0,749,0
7406131,CVB45.BC,2025-09-05,Reparado / Garantía Lab,0,0,738.0,1487,0
7406132,CVB45.BC,2025-08-21,Reparado / Garantía Lab,0,0,0.0,0,1
7406132,CVB45.BC,2025-09-04,Reparado / Garantía Lab,1,1,14.0,14,1
7406132,CVB45.BC,2025-09-10,Reparado / Garantía Lab,2,2,6.0,20,0
7406136,CVB45.BC,2025-10-27,Reparado,0,0,0.0,0,0
7406137,CVB45.BC,2022-09-27,Reparado,0,0,0.0,0,0
7406138,CVB45.BC,2023-11-06,Reparado,0,0,0.0,0,0
7406138,CVB45.BC,2025-08-22,Reparado / Garantía Lab,0,0,655.0,655,0
7406139,CVB45.BC,2022-10-07,Reparado,0,0,0.0,0,0
7406139,CVB45.BC,2023-10-16,Reparado / Garantía Lab,0,0,374.0,374,0
7406139,CVB45.BC,2024-09-10,Reparado / Garantía Lab,0,1,330.0,704,0
7406141,CVB45.BC,2023-05-19,Reparado,0,0,0.0,0,0
7406141,CVB45.BC,2025-10-02,Reparado / Garantía Lab,0,0,867.0,867,0
7406142,CVB45.BC,2021-11-15,Reparado,0,0,0.0,0,0
7406142,CVB45.BC,2021-12-24,Reparado / Garantía Lab,1,1,39.0,39,0
7406143,CVB45.BC,2024-06-27,Reparado,0,0,0.0,0,0
7406144,CVB45.BC,2021-06-02,Reparado,0,0,0.0,0,0
7406144,CVB45.BC,2024-01-09,Reparado / Garantía Lab,0,0,951.0,951,0
7406144,CVB45.BC,2025-10-20,Reparado / Garantía Lab,0,0,650.0,1601,0
7406145,CVB45.BC,2022-09-07,Reparado,0,0,0.0,0,0
7406148,CVB45.BC,2021-08-07,Reparado,0,0,0.0,0,0
7406148,CVB45.BC,2022-11-30,Reparado / Garantía Lab,0,0,480.0,480,0
7406148,CVB45.BC,2023-09-11,Reparado / Garantía Lab,0,1,285.0,765,0
7406148,CVB45.BC,2024-06-14,Reparado / Garantía Lab,0,1,277.0,1042,0
7406148,CVB45.BC,2024-09-13,Reparado / Garantía Lab,1,1,91.0,1133,0
7406151,CVB45.BC,2021-09-10,Reparado,0,0,0.0,0,0
7406152,CVB45.BC,2025-05-28,Reparado,0,0,0.0,0,0
7406153,CVB45.BC,2021-10-01,Reparado,0,0,0.0,0,0
7406153,CVB45.BC,2025-11-25,Reparado / Garantía Lab,0,0,1516.0,1516,0
7406155,CVB45.BC,2023-06-01,Reparado,0,0,0.0,0,0
7406156,CVB45.BC,2021-09-24,Reparado,0,0,0.0,0,0
7406156,CVB45.BC,2023-05-29,Reparado / Garantía Lab,0,0,612.0,612,0
7406156,CVB45.BC,2025-11-18,Reparado / Garantía Lab,0,0,904.0,1516,1
7406156,CVB45.BC,2025-11-28,Reparado / Garantía Lab,1,1,10.0,1526,1
7406156,CVB45.BC,2025-12-04,Reparado / Garantía Lab,2,2,6.0,1532,0
7406159,CVB45.BC,2025-10-20,Reparado / Garantía Lab,0,0,0.0,0,1
7406159,CVB45.BC,2025-10-27,Reparado / Garantía Lab,1,1,7.0,7,0
7406163,CVB45.BC,2025-08-19,Reparado / Garantía Lab,0,0,0.0,0,1
7406163,CVB45.BC,2025-08-22,Reparado / Garantía Lab,1,1,3.0,3,1
7406163,CVB45.BC,2025-08-29,Reparado / Garantía Lab,2,2,7.0,10,0
7406164,CVB45.BC,2024-03-20,Reparado,0,0,0.0,0,0
7406165,CVB45.BC,2020-12-02,Reparado,0,0,0.0,0,0
7406165,CVB45.BC,2022-11-20,Reparado / Garantía Lab,0,0,718.0,718,0
7406166,CVB45.BC,2023-04-22,Reparado,0,0,0.0,0,0
7406167,CVB45.BC,2021-10-04,Reparado,0,0,0.0,0,0
7406168,CVB45.BC,2021-10-14,Reparado,0,0,0.0,0,0
7406168,CVB45.BC,2022-02-18,Reparado / Garantía Lab,1,1,127.0,127,0
7406168,CVB45.BC,2024-05-06,Reparado / Garantía Lab,0,0,808.0,935,0
7406168,CVB45.BC,2025-01-23,Reparado / Garantía Lab,0,1,262.0,1197,0
7406170,CVB45.BC,2024-08-07,Reparado,0,0,0.0,0,0
7406171,CVB45.BC,2022-10-22,Reparado,0,0,0.0,0,0
7406172,CVB45.BC,2021-07-26,Reparado,0,0,0.0,0,1
7406172,CVB45.BC,2021-08-03,Reparado / Garantía Lab,1,1,8.0,8,0
7406172,CVB45.BC,2022-07-20,Reparado / Garantía Lab,0,2,351.0,359,0
7406174,CVB45.BC,2024-12-06,Reparado,0,0,0.0,0,0
7406175,CVB45.BC,2022-12-28,Reparado,0,0,0.0,0,0
7406176,CVB45.BC,2021-10-14,Reparado,0,0,0.0,0,0
7406176,CVB45.BC,2022-03-12,Reparado / Garantía Lab,1,1,149.0,149,0
7406176,CVB45.BC,2025-01-07,Reparado / Garantía Lab,0,0,1032.0,1181,0
7406177,CVB45.BC,2023-10-31,Reparado,0,0,0.0,0,0
7406178,CVB45.BC,2025-08-07,Reparado,0,0,0.0,0,0
7406179,CVB45.BC,2024-06-01,Reparado,0,0,0.0,0,0
7406181,CVB45.BC,2025-04-03,Reparado,0,0,0.0,0,0
7406184,CVB45.BC,2022-09-27,Reparado,0,0,0.0,0,0
7406184,CVB45.BC,2025-10-10,Reparado / Garantía Lab,0,0,1109.0,1109,0
7406186,CVB45.BC,2024-08-20,Reparado,0,0,0.0,0,0
7406186,CVB45.BC,2025-11-20,Reparado / Garantía Lab,0,0,457.0,457,0
7406187,CVB45.BC,2021-07-26,Reparado,0,0,0.0,0,0
7406187,CVB45.BC,2023-10-11,Reparado / Garantía Lab,0,0,807.0,807,0
7406187,CVB45.BC,2024-04-30,Reparado / Garantía Lab,0,1,202.0,1009,0
7406188,CVB45.BC,2023-03-09,Reparado,0,0,0.0,0,0
7406189,CVB45.BC,2021-09-29,Reparado,0,0,0.0,0,0
7406189,CVB45.BC,2025-10-20,Reparado / Garantía Lab,0,0,1482.0,1482,0
7406190,CVB45.BC,2025-01-07,Reparado / Garantía Lab,0,0,0.0,0,1
7406190,CVB45.BC,2025-01-09,Reparado / Garantía Lab,1,1,2.0,2,1
7406190,CVB45.BC,2025-01-20,Reparado / Garantía Lab,2,2,11.0,13,1
7406190,CVB45.BC,2025-01-22,Reparado / Garantía Lab,3,3,2.0,15,1
7406190,CVB45.BC,2025-01-30,Reparado / Garantía Lab,4,4,8.0,23,1
7406190,CVB45.BC,2025-02-03,Reparado / Garantía Lab,5,5,4.0,27,1
7406190,CVB45.BC,2025-02-17,Reparado / Garantía Lab,6,6,14.0,41,0
7406190,CVB45.BC,2025-06-25,Reparado / Garantía Lab,7,7,128.0,169,0
7406191,CVB45.BC,2022-10-26,Reparado,0,0,0.0,0,1
7406191,CVB45.BC,2022-11-23,Reparado / Garantía Lab,1,1,28.0,28,0
7406191,CVB45.BC,2024-11-14,Reparado / Garantía Lab,0,0,722.0,750,0
7406196,CVB45.BC,2021-09-11,Reparado,0,0,0.0,0,0
7406199,CVB45.BC,2024-07-17,Reparado,0,0,0.0,0,1
7406199,CVB45.BC,2024-07-23,Reparado / Garantía Lab,1,1,6.0,6,1
7406199,CVB45.BC,2024-07-26,Reparado / Garantía Lab,2,2,3.0,9,1
7406199,CVB45.BC,2024-07-30,Reparado / Garantía Lab,3,3,4.0,13,0
7406199,CVB45.BC,2025-10-02,Reparado / Garantía Lab,0,0,429.0,442,0
7406200,CVB45.BC,2025-08-22,Reparado,0,0,0.0,0,0
7406202,CVB45.BC,2024-08-12,Reparado,0,0,0.0,0,0
7406203,CVB45.BC,2021-05-03,Reparado,0,0,0.0,0,0
7406204,CVB45.BC,2023-05-31,Reparado,0,0,0.0,0,0
7406205,CVB45.BC,2025-08-21,Reparado,0,0,0.0,0,0
7406206,CVB45.BC,2023-09-26,Reparado,0,0,0.0,0,0
7406206,CVB45.BC,2025-10-30,Reparado / Garantía Lab,0,0,765.0,765,0
7406207,CVB45.BC,2025-09-02,Reparado,0,0,0.0,0,0
7406208,CVB45.BC,2023-11-01,Reparado,0,0,0.0,0,0
7406208,CVB45.BC,2024-04-15,Reparado / Garantía Lab,1,1,166.0,166,0
7406209,CVB45.BC,2021-12-22,Reparado,0,0,0.0,0,0
7406210,CVB45.BC,2024-02-23,Reparado / Garantía Lab,0,0,0.0,0,1
7406210,CVB45.BC,2024-02-29,Reparado / Garantía Lab,1,1,6.0,6,0
7406211,CVB45.BC,2022-05-17,POD Reparado,0,0,0.0,0,0
7406211,CVB45.BC,2022-11-08,Reparado / Garantía Lab,1,1,175.0,175,0
7406212,CVB45.BC,2021-10-21,Reparado,0,0,0.0,0,0
7406212,CVB45.BC,2025-10-30,Reparado / Garantía Lab,0,0,1470.0,1470,1
7406212,CVB45.BC,2025-11-06,Reparado / Garantía Lab,1,1,7.0,1477,0
7406213,CVB45.BC,2022-12-04,Reparado,0,0,0.0,0,0
7406214,CVB45.BC,2023-10-18,Reparado,0,0,0.0,0,0
7406215,CVB45.BC,2024-11-27,POD Reparado,0,0,0.0,0,0
7406216,CVB45.BC,2021-10-23,Reparado,0,0,0.0,0,0
7406216,CVB45.BC,2023-05-26,Reparado / Garantía Lab,0,0,580.0,580,0
7406217,CVB45.BC,2021-02-12,Reparado,0,0,0.0,0,0
7406217,CVB45.BC,2025-01-14,Reparado / Garantía Lab,0,0,1432.0,1432,0
7406218,CVB45.BC,2022-12-19,Reparado,0,0,0.0,0,0
7406219,CVB45.BC,2021-02-11,Reparado,0,0,0.0,0,0
7406219,CVB45.BC,2021-03-31,Reparado / Garantía Lab,1,1,48.0,48,0
7406219,CVB45.BC,2025-10-27,Reparado / Garantía Lab,0,0,1671.0,1719,0
7406220,CVB45.BC,2022-10-22,Reparado,0,0,0.0,0,0
7406221,CVB45.BC,2024-03-14,Reparado,0,0,0.0,0,0
7406221,CVB45.BC,2025-09-11,Reparado / Garantía Lab,0,0,546.0,546,1
7406221,CVB45.BC,2025-09-23,Reparado / Garantía Lab,1,1,12.0,558,0
7406222,CVB45.BC,2022-11-05,Reparado,0,0,0.0,0,0
7406222,CVB45.BC,2025-12-05,Proceso,0,0,1126.0,1126,0
7406223,CVB45.BC,2022-08-19,Reparado,0,0,0.0,0,0
7406224,CVB45.BC,2023-10-19,Reparado,0,0,0.0,0,0
7406225,CVB45.BC,2023-10-12,Reparado,0,0,0.0,0,0
7406225,CVB45.BC,2024-09-24,Reparado / Garantía Lab,0,1,348.0,348,0
7406226,CVB45.BC,2020-10-11,Reparado,0,0,0.0,0,0
7406226,CVB45.BC,2021-01-10,Reparado / Garantía Lab,1,1,91.0,91,0
7406226,CVB45.BC,2021-09-27,Reparado / Garantía Lab,0,2,260.0,351,0
7406226,CVB45.BC,2023-07-24,Reparado / Garantía Lab,0,0,665.0,1016,0
7406226,CVB45.BC,2023-09-30,Reparado / Garantía Lab,1,1,68.0,1084,0
7406227,CVB45.BC,2023-11-11,Reparado,0,0,0.0,0,0
7406227,CVB45.BC,2024-09-17,Reparado / Garantía Lab,0,1,311.0,311,0
7406227,CVB45.BC,2025-11-10,Reparado / Garantía Lab,0,0,419.0,730,0
7406228,CVB45.BC,2022-11-10,Reparado,0,0,0.0,0,0
7406229,CVB45.BC,2023-08-11,Reparado,0,0,0.0,0,0
7406229,CVB45.BC,2024-08-16,Reparado / Garantía Lab,0,0,371.0,371,0
7406231,CVB45.BC,2022-12-12,Reparado,0,0,0.0,0,0
7406231,CVB45.BC,2025-07-10,Reparado / Garantía Lab,0,0,941.0,941,0
7406234,CVB45.BC,2023-04-22,Reparado,0,0,0.0,0,0
7406235,CVB45.BC,2021-02-18,Reparado,0,0,0.0,0,1
7406235,CVB45.BC,2021-03-09,Reparado / Garantía Lab,1,1,19.0,19,0
7406235,CVB45.BC,2025-09-16,Reparado / Garantía Lab,0,0,1652.0,1671,0
7406236,CVB45.BC,2025-04-14,Reparado / Garantía Lab,0,0,0.0,0,1
7406236,CVB45.BC,2025-04-16,Reparado / Garantía Lab,1,1,2.0,2,0
7406237,CVB45.BC,2023-09-26,Reparado,0,0,0.0,0,0
7406239,CVB45.BC,2025-09-22,Reparado / Garantía Lab,0,0,0.0,0,1
7406239,CVB45.BC,2025-09-25,Reparado / Garantía Lab,1,1,3.0,3,0
7406243,CVB45.BC,2023-05-19,Reparado,0,0,0.0,0,0
7406243,CVB45.BC,2024-09-13,Reparado / Garantía Lab,0,0,483.0,483,0
7406243,CVB45.BC,2025-08-22,Reparado / Garantía Lab,0,1,343.0,826,0
7406244,CVB45.BC,2021-10-07,Reparado,0,0,0.0,0,0
7406246,CVB45.BC,2022-05-19,Reparado,0,0,0.0,0,0
7406246,CVB45.BC,2023-10-03,Reparado / Garantía Lab,0,0,502.0,502,0
7406246,CVB45.BC,2024-11-27,Reparado / Garantía Lab,0,0,421.0,923,0
7406247,CVB45.BC,2025-11-07,Reparado / Garantía Lab,0,0,0.0,0,1
7406247,CVB45.BC,2025-11-12,Reparado / Garantía Lab,1,1,5.0,5,0
7406248,CVB45.BC,2022-08-11,Reparado,0,0,0.0,0,0
7406251,CVB45.BC,2025-08-07,Reparado,0,0,0.0,0,0
7406254,CVB45.BC,2025-09-16,Reparado,0,0,0.0,0,0
7406256,CVB45.BC,2025-09-25,POD Reparado,0,0,0.0,0,1
7406256,CVB45.BC,2025-10-07,Reparado / Garantía Lab,1,1,12.0,12,0
7406257,CVB45.BC,2022-09-08,Reparado,0,0,0.0,0,0
7406257,CVB45.BC,2025-06-10,Reparado / Garantía Lab,0,0,1006.0,1006,0
7406258,CVB45.BC,2021-01-25,Reparado,0,0,0.0,0,0
7406258,CVB45.BC,2024-11-15,Reparado / Garantía Lab,0,0,1390.0,1390,0
7406259,CVB45.BC,2023-02-27,Reparado,0,0,0.0,0,0
7406261,CVB45.BC,2021-03-29,Reparado,0,0,0.0,0,0
7406263,CVB45.BC,2022-06-28,Reparado,0,0,0.0,0,0
7406265,CVB45.BC,2024-04-18,Reparado,0,0,0.0,0,0
7406266,CVB45.BC,2023-03-22,Reparado,0,0,0.0,0,0
7406267,CVB45.BC,2023-01-07,Reparado,0,0,0.0,0,0
7406269,CVB45.BC,2022-02-04,Reparado,0,0,0.0,0,0
7406269,CVB45.BC,2024-08-22,Reparado / Garantía Lab,0,0,930.0,930,0
7406270,CVB45.BC,2022-04-22,Reparado,0,0,0.0,0,1
7406270,CVB45.BC,2022-05-19,Reparado,1,1,27.0,27,0
7406270,CVB45.BC,2022-09-01,Reparado / Garantía Lab,2,2,105.0,132,0
7406270,CVB45.BC,2023-10-07,Reparado / Garantía Lab,0,0,401.0,533,0
7406271,CVB45.BC,2023-10-26,Reparado,0,0,0.0,0,0
7406272,CVB45.BC,2021-06-28,Reparado,0,0,0.0,0,0
7406272,CVB45.BC,2025-08-25,Reparado / Garantía Lab,0,0,1519.0,1519,0
7406272,CVB45.BC,2025-10-08,Reparado / Garantía Lab,1,1,44.0,1563,1
7406272,CVB45.BC,2025-10-30,Reparado / Garantía Lab,2,2,22.0,1585,0
7406275,CVB45.BC,2023-05-24,Reparado,0,0,0.0,0,0
7406275,CVB45.BC,2025-07-24,Reparado / Garantía Lab,0,0,792.0,792,1
7406275,CVB45.BC,2025-08-04,Reparado / Garantía Lab,1,1,11.0,803,0
7406275,CVB45.BC,2025-09-11,Reparado / Garantía Lab,2,2,38.0,841,0
7406276,CVB45.BC,2020-09-25,Reparado,0,0,0.0,0,0
7406276,CVB45.BC,2022-11-22,Reparado / Garantía Lab,0,0,788.0,788,0
7406277,CVB45.BC,2022-09-07,Reparado,0,0,0.0,0,0
7406277,CVB45.BC,2022-11-25,Reparado / Garantía Lab,1,1,79.0,79,0
7406279,CVB45.BC,2021-01-02,Reparado,0,0,0.0,0,0
7406279,CVB45.BC,2021-02-08,Reparado / Garantía Lab,1,1,37.0,37,0
7406279,CVB45.BC,2021-06-29,Reparado / Garantía Lab,2,2,141.0,178,0
7406281,CVB45.BC,2021-10-14,Reparado,0,0,0.0,0,0
7406281,CVB45.BC,2021-12-29,Reparado / Garantía Lab,1,1,76.0,76,1
7406281,CVB45.BC,2022-01-10,Reparado / Garantía Lab,2,2,12.0,88,0
7406282,CVB45.BC,2021-02-10,Reparado,0,0,0.0,0,0
7406283,CVB45.BC,2021-10-01,Reparado,0,0,0.0,0,0
7406283,CVB45.BC,2021-12-17,Reparado / Garantía Lab,1,1,77.0,77,0
7406283,CVB45.BC,2025-07-21,Reparado / Garantía Lab,0,0,1312.0,1389,0
7406284,CVB45.BC,2024-02-28,Reparado,0,0,0.0,0,0
7406285,CVB45.BC,2022-11-06,Reparado,0,0,0.0,0,0
7406286,CVB45.BC,2025-11-18,Reparado / Garantía Lab,0,0,0.0,0,0
7406287,CVB45.BC,2022-08-17,POD Reparado,0,0,0.0,0,0
7406288,CVB45.BC,2021-08-05,Reparado,0,0,0.0,0,1
7406288,CVB45.BC,2021-08-12,Reparado / Garantía Lab,1,1,7.0,7,0
7406288,CVB45.BC,2021-09-16,Reparado / Garantía Lab,2,2,35.0,42,1
7406288,CVB45.BC,2021-09-30,Reparado / Garantía Lab,3,3,14.0,56,1
7406288,CVB45.BC,2021-10-16,Reparado / Garantía Lab,4,4,16.0,72,1
7406288,CVB45.BC,2021-10-29,Reparado / Garantía Lab,5,5,13.0,85,0
7406289,CVB45.BC,2021-08-04,Reparado,0,0,0.0,0,0
7406290,CVB45.BC,2023-09-04,Reparado,0,0,0.0,0,0
7406291,CVB45.BC,2022-08-04,Reparado,0,0,0.0,0,0
7406291,CVB45.BC,2023-01-16,Reparado / Garantía Lab,1,1,165.0,165,0
7406291,CVB45.BC,2024-02-22,Reparado / Garantía Lab,0,0,402.0,567,0
7406291,CVB45.BC,2025-11-28,Reparado / Garantía Lab,0,0,645.0,1212,0
7406292,CVB45.BC,2020-11-10,Reparado,0,0,0.0,0,0
7406292,CVB45.BC,2023-07-05,POD Reparado,0,0,967.0,967,0
7406293,CVB45.BC,2023-07-06,Reparado,0,0,0.0,0,0
7406294,CVB45.BC,2021-02-09,Reparado,0,0,0.0,0,0
7406294,CVB45.BC,2022-07-13,Reparado,0,0,519.0,519,1
7406294,CVB45.BC,2022-07-19,Reparado / Garantía Lab,1,1,6.0,525,0
7406294,CVB45.BC,2022-08-26,Reparado / Garantía Lab,2,2,38.0,563,0
7406295,CVB45.BC,2023-05-19,Reparado,0,0,0.0,0,0
7406295,CVB45.BC,2025-10-20,Reparado / Garantía Lab,0,0,885.0,885,0
7406298,CVB45.BC,2023-11-05,Reparado,0,0,0.0,0,0
7406299,CVB45.BC,2023-01-13,Reparado,0,0,0.0,0,0
7406299,CVB45.BC,2024-08-07,Reparado / Garantía Lab,0,0,572.0,572,0
7406300,CVB45.BC,2023-05-25,Reparado,0,0,0.0,0,0
7406301,CVB45.BC,2023-06-13,Reparado,0,0,0.0,0,0
7406304,CVB45.BC,2022-12-17,Reparado,0,0,0.0,0,0
7406305,CVB45.BC,2023-05-31,Reparado,0,0,0.0,0,0
7406306,CVB45.BC,2024-06-26,Reparado,0,0,0.0,0,0
7406307,CVB45.BC,2021-09-21,Reparado,0,0,0.0,0,0
7406308,CVB45.BC,2023-10-03,Reparado,0,0,0.0,0,0
7406309,CVB45.BC,2021-02-10,Reparado,0,0,0.0,0,0
7406309,CVB45.BC,2025-10-20,Reparado / Garantía Lab,0,0,1713.0,1713,0
7406310,CVB45.BC,2021-10-02,Reparado,0,0,0.0,0,0
7406312,CVB45.BC,2023-08-06,Reparado,0,0,0.0,0,0
7406313,CVB45.BC,2022-09-13,Reparado,0,0,0.0,0,1
7406313,CVB45.BC,2022-09-21,Reparado / Garantía Lab,1,1,8.0,8,1
7406313,CVB45.BC,2022-09-23,Reparado / Garantía Lab,2,2,2.0,10,0
7406313,CVB45.BC,2024-07-09,Reparado / Garantía Lab,0,0,655.0,665,0
7406314,CVB45.BC,2022-09-03,Reparado,0,0,0.0,0,0
7406315,CVB45.BC,2020-08-28,Reparado,0,0,0.0,0,0
7406315,CVB45.BC,2021-01-12,Reparado / Garantía Lab,1,1,137.0,137,0
7406315,CVB45.BC,2023-10-17,Reparado / Garantía Lab,0,0,1008.0,1145,0
7406316,CVB45.BC,2021-06-30,Reparado,0,0,0.0,0,0
7406316,CVB45.BC,2024-08-07,Reparado / Garantía Lab,0,0,1134.0,1134,0
7406317,CVB45.BC,2025-04-17,Reparado / Garantía Lab,0,0,0.0,0,1
7406317,CVB45.BC,2025-04-22,Reparado / Garantía Lab,1,1,5.0,5,0
7406318,CVB45.BC,2022-04-12,Reparado,0,0,0.0,0,0
7406318,CVB45.BC,2024-07-11,Reparado / Garantía Lab,0,0,821.0,821,0
7406319,CVB45.BC,2025-09-16,Reparado,0,0,0.0,0,0
7406321,CVB45.BC,2025-09-30,Reparado,0,0,0.0,0,0
7406322,CVB45.BC,2023-11-06,Reparado,0,0,0.0,0,0
7406323,CVB45.BC,2025-10-20,Reparado,0,0,0.0,0,0
7406324,CVB45.BC,2022-04-01,Reparado,0,0,0.0,0,0
7406324,CVB45.BC,2024-10-11,Reparado / Garantía Lab,0,0,924.0,924,0
7406324,CVB45.BC,2025-01-07,Reparado / Garantía Lab,1,1,88.0,1012,0
7406326,CVB45.BC,2024-03-07,Reparado,0,0,0.0,0,0
7406327,CVB45.BC,2021-12-31,Reparado,0,0,0.0,0,0
7406327,CVB45.BC,2025-07-10,Reparado / Garantía Lab,0,0,1287.0,1287,0
7406328,CVB45.BC,2023-02-17,Reparado,0,0,0.0,0,0
7406329,CVB45.BC,2021-03-27,Reparado,0,0,0.0,0,1
7406329,CVB45.BC,2021-04-12,Reparado / Garantía Lab,1,1,16.0,16,0
7406331,CVB45.BC,2024-03-12,Reparado / Garantía Lab,0,0,0.0,0,1
7406331,CVB45.BC,2024-03-22,Reparado / Garantía Lab,1,1,10.0,10,0
7406331,CVB45.BC,2025-10-13,Reparado / Garantía Lab,0,0,570.0,580,0
7406332,CVB45.BC,2021-06-16,Reparado,0,0,0.0,0,0
7406332,CVB45.BC,2025-06-10,Reparado / Garantía Lab,0,0,1455.0,1455,0
7406335,CVB45.BC,2022-05-31,Reparado,0,0,0.0,0,0
7406336,CVB45.BC,2021-09-12,Reparado,0,0,0.0,0,0
7406336,CVB45.BC,2021-10-14,Reparado / Garantía Lab,1,1,32.0,32,0
7406336,CVB45.BC,2021-11-25,Reparado / Garantía Lab,2,2,42.0,74,0
7406336,CVB45.BC,2022-02-14,Reparado / Garantía Lab,3,3,81.0,155,0
7406336,CVB45.BC,2022-09-16,Reparado / Garantía Lab,0,3,214.0,369,0
7406336,CVB45.BC,2024-11-26,Reparado / Garantía Lab,0,0,802.0,1171,0
7406336,CVB45.BC,2025-12-05,Reparado / Garantía Lab,0,0,374.0,1545,0
7406337,CVB45.BC,2021-12-23,Reparado,0,0,0.0,0,0
7406337,CVB45.BC,2025-10-15,Reparado / Garantía Lab,0,0,1392.0,1392,0
7406338,CVB45.BC,2022-01-10,Reparado,0,0,0.0,0,0
7406338,CVB45.BC,2024-09-16,Reparado / Garantía Lab,0,0,980.0,980,0
7406339,CVB45.BC,2022-09-07,Reparado,0,0,0.0,0,0
7406341,CVB45.BC,2021-05-05,Reparado,0,0,0.0,0,0
7406341,CVB45.BC,2021-11-14,Reparado / Garantía Lab,0,1,193.0,193,0
7406341,CVB45.BC,2022-09-05,Reparado / Garantía Lab,0,1,295.0,488,0
7406342,CVB45.BC,2023-05-31,Reparado,0,0,0.0,0,0
7406342,CVB45.BC,2023-09-28,POD Reparado,1,1,120.0,120,0
7406342,CVB45.BC,2024-10-15,Reparado / Garantía Lab,0,0,383.0,503,0
7406343,CVB45.BC,2022-12-09,Reparado,0,0,0.0,0,0
7406343,CVB45.BC,2025-10-17,Reparado / Garantía Lab,0,0,1043.0,1043,0
7406344,CVB45.BC,2020-08-24,Reparado,0,0,0.0,0,0
7406345,CVB45.BC,2021-05-03,Reparado,0,0,0.0,0,0
7406345,CVB45.BC,2023-10-14,Reparado / Garantía Lab,0,0,894.0,894,0
7406347,CVB45.BC,2021-10-03,Reparado,0,0,0.0,0,0
7406347,CVB45.BC,2025-11-26,Reparado / Garantía Lab,0,0,1515.0,1515,0
7406348,CVB45.BC,2021-10-18,Reparado,0,0,0.0,0,0
7406349,CVB45.BC,2021-08-12,Reparado,0,0,0.0,0,0
7406349,CVB45.BC,2022-08-04,Reparado / Garantía Lab,0,1,357.0,357,0
7406351,CVB45.BC,2023-09-11,Reparado,0,0,0.0,0,0
7406352,CVB45.BC,2023-05-16,Reparado,0,0,0.0,0,0
7406353,CVB45.BC,2021-07-09,Reparado,0,0,0.0,0,0
7406353,CVB45.BC,2025-01-31,Reparado / Garantía Lab,0,0,1302.0,1302,0
7406354,CVB45.BC,2021-06-11,Reparado,0,0,0.0,0,0
7406354,CVB45.BC,2022-08-25,Reparado / Garantía Lab,0,0,440.0,440,0
7406355,CVB45.BC,2022-04-09,Reparado,0,0,0.0,0,0
7406355,CVB45.BC,2025-10-20,Reparado / Garantía Lab,0,0,1290.0,1290,0
7406355,CVB45.BC,2025-12-02,Reparado / Garantía Lab,1,1,43.0,1333,0
7406356,CVB45.BC,2022-08-16,Reparado,0,0,0.0,0,0
7406356,CVB45.BC,2024-07-01,Reparado / Garantía Lab,0,0,685.0,685,0
7406356,CVB45.BC,2024-08-27,Reparado / Garantía Lab,1,1,57.0,742,1
7406356,CVB45.BC,2024-08-29,Reparado / Garantía Lab,2,2,2.0,744,1
7406356,CVB45.BC,2024-09-03,Reparado / Garantía Lab,3,3,5.0,749,1
7406356,CVB45.BC,2024-09-09,Reparado / Garantía Lab,4,4,6.0,755,1
7406356,CVB45.BC,2024-09-11,Reparado / Garantía Lab,5,5,2.0,757,1
7406356,CVB45.BC,2024-09-26,Reparado / Garantía Lab,6,6,15.0,772,0
7406356,CVB45.BC,2025-09-03,Reparado / Garantía Lab,0,4,342.0,1114,0
7406357,CVB45.BC,2022-08-18,Reparado,0,0,0.0,0,0
7406358,CVB45.BC,2021-08-06,Reparado,0,0,0.0,0,0
7406358,CVB45.BC,2025-11-13,Reparado / Garantía Lab,0,0,1560.0,1560,0
7406359,CVB45.BC,2022-04-12,Reparado,0,0,0.0,0,0
7406359,CVB45.BC,2022-08-01,POD Reparado,1,1,111.0,111,0
7406359,CVB45.BC,2022-10-09,Reparado / Garantía Lab,2,2,69.0,180,0
7406359,CVB45.BC,2025-06-23,Reparado / Garantía Lab,0,0,988.0,1168,1
7406359,CVB45.BC,2025-07-09,Reparado / Garantía Lab,1,1,16.0,1184,1
7406359,CVB45.BC,2025-07-11,Reparado / Garantía Lab,2,2,2.0,1186,0
7406359,CVB45.BC,2025-11-18,Reparado / Garantía Lab,3,3,130.0,1316,0
7406360,CVB45.BC,2024-11-15,Reparado,0,0,0.0,0,0
7406361,CVB45.BC,2021-02-08,Reparado,0,0,0.0,0,1
7406361,CVB45.BC,2021-02-09,Reparado,1,1,1.0,1,0
7406361,CVB45.BC,2025-08-13,Reparado / Garantía Lab,0,0,1646.0,1647,0
7406362,CVB45.BC,2025-12-05,Reparado / Garantía Lab,0,0,0.0,0,0
7406363,CVB45.BC,2021-02-10,Reparado,0,0,0.0,0,0
7406364,CVB45.BC,2021-12-24,Reparado,0,0,0.0,0,1
7406364,CVB45.BC,2021-12-31,Reparado / Garantía Lab,1,1,7.0,7,0
7406364,CVB45.BC,2024-08-07,Reparado / Garantía Lab,0,0,950.0,957,0
7406367,CVB45.BC,2023-05-31,Reparado,0,0,0.0,0,0
7406368,CVB45.BC,2022-06-06,Reparado,0,0,0.0,0,0
7406368,CVB45.BC,2025-06-19,Reparado / Garantía Lab,0,0,1109.0,1109,0
7406368,CVB45.BC,2025-09-05,Reparado / Garantía Lab,1,1,78.0,1187,0
7406368,CVB45.BC,2025-10-20,Reparado / Garantía Lab,2,2,45.0,1232,0
7406370,CVB45.BC,2022-09-07,Reparado,0,0,0.0,0,0
7406371,CVB45.BC,2021-10-12,Reparado,0,0,0.0,0,0
7406371,CVB45.BC,2023-11-08,POD Reparado,0,0,757.0,757,0
7406374,CVB45.BC,2021-09-07,Reparado,0,0,0.0,0,0
7406375,CVB45.BC,2022-06-13,Reparado,0,0,0.0,0,0
7406375,CVB45.BC,2023-11-25,Reparado / Garantía Lab,0,0,530.0,530,0
7406375,CVB45.BC,2024-01-08,Reparado / Garantía Lab,1,1,44.0,574,0
7406375,CVB45.BC,2025-03-17,Reparado / Garantía Lab,0,0,434.0,1008,1
7406375,CVB45.BC,2025-03-20,Reparado / Garantía Lab,1,1,3.0,1011,1
7406375,CVB45.BC,2025-04-07,Reparado / Garantía Lab,2,2,18.0,1029,1
7406375,CVB45.BC,2025-04-15,Reparado / Garantía Lab,3,3,8.0,1037,0
7406375,CVB45.BC,2025-08-19,Reparado / Garantía Lab,4,4,126.0,1163,0
7406375,CVB45.BC,2025-09-29,Reparado / Garantía Lab,3,5,41.0,1204,1
7406375,CVB45.BC,2025-10-02,Reparado / Garantía Lab,4,6,3.0,1207,1
7406375,CVB45.BC,2025-10-15,Reparado / Garantía Lab,3,7,13.0,1220,1
7406375,CVB45.BC,2025-10-27,Reparado / Garantía Lab,4,8,12.0,1232,1
7406375,CVB45.BC,2025-11-13,Reparado / Garantía Lab,5,9,17.0,1249,1
7406375,CVB45.BC,2025-11-18,Reparado / Garantía Lab,6,10,5.0,1254,1
7406375,CVB45.BC,2025-11-21,Reparado / Garantía Lab,7,11,3.0,1257,1
7406375,CVB45.BC,2025-12-05,Proceso,8,12,14.0,1271,0
7406376,CVB45.BC,2021-02-10,Reparado,0,0,0.0,0,0
7406377,CVB45.BC,2023-05-26,Reparado,0,0,0.0,0,0
7406377,CVB45.BC,2025-10-14,Reparado,0,0,872.0,872,0
7406379,CVB45.BC,2023-05-30,Reparado,0,0,0.0,0,0
7406379,CVB45.BC,2025-10-20,Reparado / Garantía Lab,0,0,874.0,874,0
7406379,CVB45.BC,2025-11-26,Reparado / Garantía Lab,1,1,37.0,911,0
7406380,CVB45.BC,2023-10-27,Reparado,0,0,0.0,0,0
7406381,CVB45.BC,2025-06-12,Reparado,0,0,0.0,0,1
7406381,CVB45.BC,2025-07-01,Reparado / Garantía Lab,1,1,19.0,19,1
7406381,CVB45.BC,2025-07-03,Reparado / Garantía Lab,2,2,2.0,21,0
7406382,CVB45.BC,2025-05-23,Reparado,0,0,0.0,0,1
7406382,CVB45.BC,2025-05-28,Reparado / Garantía Lab,1,1,5.0,5,0
7406383,CVB45.BC,2021-10-09,Reparado,0,0,0.0,0,0
7406383,CVB45.BC,2021-12-07,Reparado / Garantía Lab,1,1,59.0,59,0
7406383,CVB45.BC,2025-04-15,Reparado / Garantía Lab,0,0,1225.0,1284,0
7406383,CVB45.BC,2025-07-11,Reparado / Garantía Lab,1,1,87.0,1371,0
7406384,CVB45.BC,2021-02-17,Reparado,0,0,0.0,0,0
7406384,CVB45.BC,2021-11-04,Reparado,0,1,260.0,260,0
7406386,CVB45.BC,2025-09-16,Reparado,0,0,0.0,0,0
7406387,CVB45.BC,2021-11-13,Reparado,0,0,0.0,0,0
7406387,CVB45.BC,2022-06-24,Reparado / Garantía Lab,0,1,223.0,223,0
7406387,CVB45.BC,2023-05-24,Reparado / Garantía Lab,0,1,334.0,557,0
7406388,CVB45.BC,2024-02-22,Reparado,0,0,0.0,0,0
7406389,CVB45.BC,2024-08-30,Reparado,0,0,0.0,0,0
7406391,CVB45.BC,2021-09-30,Reparado,0,0,0.0,0,0
7406392,CVB45.BC,2022-10-22,Reparado,0,0,0.0,0,0
7406394,CVB45.BC,2024-11-05,Reparado,0,0,0.0,0,0
7406395,CVB45.BC,2024-08-30,Reparado,0,0,0.0,0,0
7406397,CVB45.BC,2022-08-16,Reparado,0,0,0.0,0,0
7406398,CVB45.BC,2025-03-07,Reparado / Garantía Lab,0,0,0.0,0,1
7406398,CVB45.BC,2025-03-13,Reparado / Garantía Lab,1,1,6.0,6,0
7406398,CVB45.BC,2025-06-02,Reparado / Garantía Lab,2,2,81.0,87,0
7406400,CVB45.BC,2023-06-08,Reparado,0,0,0.0,0,0
7406400,CVB45.BC,2025-11-25,Reparado / Garantía Lab,0,0,901.0,901,0
7406401,CVB45.BC,2022-12-31,Reparado,0,0,0.0,0,0
7406401,CVB45.BC,2025-09-30,Reparado / Garantía Lab,0,0,1004.0,1004,0
7406404,CVB45.BC,2021-03-10,Reparado / Garantía Lab,0,0,0.0,0,1
7406404,CVB45.BC,2021-04-01,Reparado,1,1,22.0,22,0
7406404,CVB45.BC,2022-01-20,Reparado / Garantía Lab,0,2,294.0,316,0
7406405,CVB45.BC,2023-05-22,Reparado,0,0,0.0,0,0
7406405,CVB45.BC,2025-07-18,Reparado / Garantía Lab,0,0,788.0,788,0
7406409,CVB45.BC,2023-10-21,Reparado,0,0,0.0,0,0
7406409,CVB45.BC,2024-12-06,Reparado / Garantía Lab,0,0,412.0,412,0
7406410,CVB45.BC,2022-06-30,Reparado,0,0,0.0,0,0
7406411,CVB45.BC,2022-11-10,Reparado,0,0,0.0,0,1
7406411,CVB45.BC,2022-11-17,Reparado / Garantía Lab,1,1,7.0,7,0
7406412,CVB45.BC,2025-09-09,Reparado,0,0,0.0,0,0
7406413,CVB45.BC,2023-10-12,Reparado / Garantía Lab,0,0,0.0,0,0
7406413,CVB45.BC,2024-03-15,Reparado / Garantía Lab,1,1,155.0,155,0
7406413,CVB45.BC,2025-03-27,Reparado / Garantía Lab,0,0,377.0,532,0
7406413,CVB45.BC,2025-08-22,Reparado / Garantía Lab,1,1,148.0,680,0
7406414,CVB45.BC,2024-04-22,Reparado,0,0,0.0,0,1
7406414,CVB45.BC,2024-05-20,Reparado / Garantía Lab,1,1,28.0,28,0
7406415,CVB45.BC,2023-11-02,Reparado,0,0,0.0,0,0
7406415,CVB45.BC,2025-09-16,Reparado / Garantía Lab,0,0,684.0,684,0
7406416,CVB45.BC,2021-11-21,Reparado,0,0,0.0,0,0
7406416,CVB45.BC,2023-12-03,Reparado / Garantía Lab,0,0,742.0,742,0
7406417,CVB45.BC,2020-12-18,Reparado,0,0,0.0,0,0
7406417,CVB45.BC,2022-12-26,Reparado / Garantía Lab,0,0,738.0,738,0
7406418,CVB45.BC,2022-12-14,Reparado,0,0,0.0,0,1
7406418,CVB45.BC,2022-12-19,Reparado / Garantía Lab,1,1,5.0,5,0
7406419,CVB45.BC,2025-11-28,Reparado / Garantía Lab,0,0,0.0,0,0
7406420,CVB45.BC,2023-07-25,Reparado,0,0,0.0,0,0
7406421,CVB45.BC,2023-09-11,Reparado,0,0,0.0,0,0
7406424,CVB45.BC,2021-02-10,Reparado,0,0,0.0,0,0
7406424,CVB45.BC,2023-10-30,Reparado / Garantía Lab,0,0,992.0,992,0
7406424,CVB45.BC,2024-10-04,Reparado / Garantía Lab,0,1,340.0,1332,0
7406425,CVB45.BC,2024-01-04,Reparado,0,0,0.0,0,0
7406426,CVB45.BC,2022-04-21,Reparado,0,0,0.0,0,0
7406426,CVB45.BC,2022-05-30,Reparado / Garantía Lab,1,1,39.0,39,0
7406426,CVB45.BC,2023-11-02,Reparado / Garantía Lab,0,0,521.0,560,0
7406426,CVB45.BC,2025-06-19,Reparado / Garantía Lab,0,0,595.0,1155,0
7406426,CVB45.BC,2025-09-30,Reparado / Garantía Lab,1,1,103.0,1258,1
7406426,CVB45.BC,2025-10-03,Reparado / Garantía Lab,2,2,3.0,1261,0
7406427,CVB45.BC,2021-11-08,Reparado,0,0,0.0,0,0
7406427,CVB45.BC,2022-04-28,Reparado / Garantía Lab,1,1,171.0,171,0
7406427,CVB45.BC,2024-07-10,Reparado / Garantía Lab,0,0,804.0,975,1
7406427,CVB45.BC,2024-07-26,Reparado / Garantía Lab,1,1,16.0,991,0
7406430,CVB45.BC,2022-06-18,Reparado,0,0,0.0,0,0
7406430,CVB45.BC,2025-07-29,Reparado / Garantía Lab,0,0,1137.0,1137,1
7406430,CVB45.BC,2025-07-31,Reparado / Garantía Lab,1,1,2.0,1139,0
7406432,CVB45.BC,2021-10-04,Reparado,0,0,0.0,0,0
7406433,CVB45.BC,2021-12-09,Reparado,0,0,0.0,0,0
7406434,CVB45.BC,2024-10-11,Reparado,0,0,0.0,0,0
7406435,CVB45.BC,2024-02-15,Reparado,0,0,0.0,0,0
7406437,CVB45.BC,2022-08-05,Reparado,0,0,0.0,0,0
7406437,CVB45.BC,2022-09-05,Reparado / Garantía Lab,1,1,31.0,31,0
7406437,CVB45.BC,2024-01-09,Reparado / Garantía Lab,0,0,491.0,522,0
7406437,CVB45.BC,2025-01-08,Reparado / Garantía Lab,0,1,365.0,887,0
7406440,CVB45.BC,2022-11-09,POD Reparado,0,0,0.0,0,0
7406441,CVB45.BC,2021-12-14,Reparado,0,0,0.0,0,0
7406441,CVB45.BC,2024-10-28,Reparado / Garantía Lab,0,0,1049.0,1049,0
7406441,CVB45.BC,2024-12-09,Reparado / Garantía Lab,1,1,42.0,1091,1
7406441,CVB45.BC,2024-12-18,Reparado / Garantía Lab,2,2,9.0,1100,1
7406441,CVB45.BC,2025-01-15,Reparado / Garantía Lab,3,3,28.0,1128,1
7406441,CVB45.BC,2025-02-12,Reparado / Garantía Lab,4,4,28.0,1156,1
7406441,CVB45.BC,2025-02-17,Reparado / Garantía Lab,5,5,5.0,1161,0
7406443,CVB45.BC,2025-06-09,Reparado,0,0,0.0,0,0
7406444,CVB45.BC,2022-06-15,Reparado,0,0,0.0,0,0
7406445,CVB45.BC,2023-05-26,Reparado,0,0,0.0,0,0
7406445,CVB45.BC,2025-07-07,Reparado / Garantía Lab,0,0,773.0,773,0
7406445,CVB45.BC,2025-09-11,Reparado / Garantía Lab,1,1,66.0,839,1
7406445,CVB45.BC,2025-09-16,Reparado / Garantía Lab,2,2,5.0,844,0
7406446,CVB45.BC,2022-09-29,Reparado,0,0,0.0,0,0
7406447,CVB45.BC,2021-08-18,Reparado,0,0,0.0,0,0
7406448,CVB45.BC,2020-10-11,Reparado,0,0,0.0,0,0
7406448,CVB45.BC,2023-08-31,Reparado / Garantía Lab,0,0,1054.0,1054,0
7406449,CVB45.BC,2023-08-29,Reparado,0,0,0.0,0,0
7406451,CVB45.BC,2023-06-12,Reparado,0,0,0.0,0,0
7406452,CVB45.BC,2021-11-16,Reparado,0,0,0.0,0,0
7406452,CVB45.BC,2023-08-31,Reparado / Garantía Lab,0,0,653.0,653,0
7406453,CVB45.BC,2023-10-05,Reparado,0,0,0.0,0,0
7406453,CVB45.BC,2025-05-08,Reparado / Garantía Lab,0,0,581.0,581,0
7406455,CVB45.BC,2023-09-29,Reparado,0,0,0.0,0,0
7406456,CVB45.BC,2025-10-27,Reparado,0,0,0.0,0,0
7406457,CVB45.BC,2024-05-27,Reparado,0,0,0.0,0,0
7406457,CVB45.BC,2025-01-13,Reparado / Garantía Lab,0,1,231.0,231,0
7406457,CVB45.BC,2025-03-28,Reparado / Garantía Lab,1,2,74.0,305,1
7406457,CVB45.BC,2025-04-21,Reparado / Garantía Lab,2,3,24.0,329,1
7406457,CVB45.BC,2025-04-23,Reparado / Garantía Lab,3,4,2.0,331,0
7406458,CVB45.BC,2023-08-29,Reparado / Garantía Lab,0,0,0.0,0,1
7406458,CVB45.BC,2023-09-05,Reparado / Garantía Lab,1,1,7.0,7,0
7406458,CVB45.BC,2024-10-30,Reparado / Garantía Lab,0,0,421.0,428,0
7406459,CVB45.BC,2023-08-15,Reparado / Garantía Lab,0,0,0.0,0,0
7406459,CVB45.BC,2023-12-28,Reparado / Garantía Lab,1,1,135.0,135,0
7406459,CVB45.BC,2025-05-20,POD Reparado,0,0,509.0,644,0
7406459,CVB45.BC,2025-11-25,Reparado / Garantía Lab,0,1,189.0,833,0
7406460,CVB45.BC,2022-06-22,Reparado,0,0,0.0,0,1
7406460,CVB45.BC,2022-06-29,Reparado / Garantía Lab,1,1,7.0,7,0
7406461,CVB45.BC,2022-12-26,Reparado,0,0,0.0,0,0
7406461,CVB45.BC,2023-10-19,Reparado / Garantía Lab,0,1,297.0,297,1
7406461,CVB45.BC,2023-11-03,Reparado / Garantía Lab,1,2,15.0,312,1
7406461,CVB45.BC,2023-11-09,Reparado / Garantía Lab,2,3,6.0,318,0
7406464,CVB45.BC,2025-05-28,Reparado,0,0,0.0,0,0
7406465,CVB45.BC,2023-09-28,Reparado,0,0,0.0,0,0
7406468,CVB45.BC,2022-12-16,Reparado,0,0,0.0,0,0
7406469,CVB45.BC,2022-04-18,Reparado,0,0,0.0,0,0
7406469,CVB45.BC,2025-09-25,Reparado / Garantía Lab,0,0,1256.0,1256,0
7406470,CVB45.BC,2022-10-13,Reparado,0,0,0.0,0,0
7406471,CVB45.BC,2024-09-25,Reparado,0,0,0.0,0,0
7406472,CVB45.BC,2021-05-19,Reparado,0,0,0.0,0,0
7406472,CVB45.BC,2021-08-26,Reparado / Garantía Lab,1,1,99.0,99,0
7406472,CVB45.BC,2022-01-27,Reparado / Garantía Lab,1,2,154.0,253,1
7406472,CVB45.BC,2022-02-09,Reparado / Garantía Lab,2,3,13.0,266,0
7406472,CVB45.BC,2022-12-16,Reparado / Garantía Lab,0,2,310.0,576,0
7406472,CVB45.BC,2023-03-22,Reparado / Garantía Lab,1,1,96.0,672,0
7406472,CVB45.BC,2023-05-31,Reparado / Garantía Lab,2,2,70.0,742,1
7406472,CVB45.BC,2023-06-07,Reparado / Garantía Lab,3,3,7.0,749,0
7406472,CVB45.BC,2024-07-26,Reparado / Garantía Lab,0,0,415.0,1164,1
7406472,CVB45.BC,2024-08-05,Reparado / Garantía Lab,1,1,10.0,1174,1
7406472,CVB45.BC,2024-08-20,Reparado / Garantía Lab,2,2,15.0,1189,1
7406472,CVB45.BC,2024-08-22,Reparado / Garantía Lab,3,3,2.0,1191,0
7406472,CVB45.BC,2024-11-08,Reparado / Garantía Lab,4,4,78.0,1269,0
7406472,CVB45.BC,2025-02-06,Reparado / Garantía Lab,3,5,90.0,1359,1
7406472,CVB45.BC,2025-02-10,Reparado / Garantía Lab,4,6,4.0,1363,0
7406472,CVB45.BC,2025-03-13,Reparado / Garantía Lab,3,7,31.0,1394,1
7406472,CVB45.BC,2025-03-27,POD Reparado,4,8,14.0,1408,1
7406472,CVB45.BC,2025-04-24,Reparado / Garantía Lab,5,9,28.0,1436,0
7406472,CVB45.BC,2025-05-30,Reparado / Garantía Lab,5,10,36.0,1472,0
7406472,CVB45.BC,2025-07-25,Reparado / Garantía Lab,6,11,56.0,1528,1
7406472,CVB45.BC,2025-07-29,Reparado / Garantía Lab,7,11,4.0,1532,0
7406472,CVB45.BC,2025-10-07,Reparado / Garantía Lab,4,9,70.0,1602,1
7406472,CVB45.BC,2025-10-09,Reparado / Garantía Lab,5,10,2.0,1604,1
7406472,CVB45.BC,2025-10-14,Reparado,6,11,5.0,1609,1
7406472,CVB45.BC,2025-10-30,Reparado / Garantía Lab,6,12,16.0,1625,0
7406473,CVB45.BC,2024-04-19,Reparado,0,0,0.0,0,0
7406474,CVB45.BC,2021-02-11,Reparado,0,0,0.0,0,0
7406474,CVB45.BC,2022-11-05,Reparado / Garantía Lab,0,0,632.0,632,1
7406474,CVB45.BC,2022-11-23,Reparado / Garantía Lab,1,1,18.0,650,0
7406475,CVB45.BC,2025-08-21,Reparado,0,0,0.0,0,0
7406475,CVB45.BC,2025-11-24,Reparado / Garantía Lab,1,1,95.0,95,0
7406476,CVB45.BC,2025-08-06,Reparado / Garantía Lab,0,0,0.0,0,1
7406476,CVB45.BC,2025-08-11,Reparado / Garantía Lab,1,1,5.0,5,0
7406477,CVB45.BC,2023-10-31,Reparado,0,0,0.0,0,0
7406478,CVB45.BC,2021-02-03,Reparado,0,0,0.0,0,0
7406478,CVB45.BC,2023-01-24,Reparado / Garantía Lab,0,0,720.0,720,0
7406480,CVB45.BC,2021-09-06,Reparado,0,0,0.0,0,0
7406480,CVB45.BC,2022-02-10,Reparado / Garantía Lab,1,1,157.0,157,0
7406480,CVB45.BC,2025-09-08,Reparado / Garantía Lab,0,0,1306.0,1463,0
7406481,CVB45.BC,2022-10-24,Reparado,0,0,0.0,0,1
7406481,CVB45.BC,2022-11-15,Reparado / Garantía Lab,1,1,22.0,22,0
7406482,CVB45.BC,2020-12-01,Reparado,0,0,0.0,0,1
7406482,CVB45.BC,2020-12-14,Reparado,1,1,13.0,13,0
7406482,CVB45.BC,2021-01-15,Reparado / Garantía Lab,2,2,32.0,45,1
7406482,CVB45.BC,2021-01-21,Reparado / Garantía Lab,3,3,6.0,51,0
7406482,CVB45.BC,2023-09-26,Reparado / Garantía Lab,0,0,978.0,1029,0
7406484,CVB45.BC,2022-07-14,Reparado,0,0,0.0,0,0
7406485,CVB45.BC,2022-06-01,Reparado,0,0,0.0,0,0
7406486,CVB45.BC,2023-01-20,Reparado,0,0,0.0,0,0
7406487,CVB45.BC,2021-12-29,Reparado,0,0,0.0,0,0
7406487,CVB45.BC,2023-05-30,Reparado / Garantía Lab,0,0,517.0,517,0
7406488,CVB45.BC,2021-09-30,Reparado,0,0,0.0,0,0
7406489,CVB45.BC,2021-10-05,Reparado,0,0,0.0,0,0
7406491,CVB45.BC,2023-05-14,Reparado,0,0,0.0,0,0
7406491,CVB45.BC,2024-08-19,Reparado / Garantía Lab,0,0,463.0,463,1
7406491,CVB45.BC,2024-09-10,POD Reparado,1,1,22.0,485,0
7406491,CVB45.BC,2025-08-29,Reparado / Garantía Lab,0,1,353.0,838,1
7406491,CVB45.BC,2025-09-11,Reparado / Garantía Lab,1,1,13.0,851,0
7406491,CVB45.BC,2025-11-06,Reparado / Garantía Lab,2,2,56.0,907,1
7406491,CVB45.BC,2025-11-20,Reparado / Garantía Lab,3,3,14.0,921,1
7406491,CVB45.BC,2025-12-02,Reparado / Garantía Lab,4,4,12.0,933,0
7406492,CVB45.BC,2024-08-01,Reparado,0,0,0.0,0,0
7406493,CVB45.BC,2023-11-29,Reparado,0,0,0.0,0,0
7406493,CVB45.BC,2024-07-10,Reparado / Garantía Lab,0,1,224.0,224,1
7406493,CVB45.BC,2024-07-30,Reparado / Garantía Lab,1,2,20.0,244,0
7406493,CVB45.BC,2024-09-11,Reparado / Garantía Lab,2,3,43.0,287,0
7406493,CVB45.BC,2025-02-06,Reparado / Garantía Lab,1,3,148.0,435,0
7406495,CVB45.BC,2022-12-03,Reparado,0,0,0.0,0,0
7406495,CVB45.BC,2025-10-20,Reparado / Garantía Lab,0,0,1052.0,1052,0
7406496,CVB45.BC,2022-03-24,Reparado,0,0,0.0,0,0
7406496,CVB45.BC,2024-10-23,Reparado / Garantía Lab,0,0,944.0,944,0
7406497,CVB45.BC,2025-03-18,Reparado / Garantía Lab,0,0,0.0,0,1
7406497,CVB45.BC,2025-04-07,Reparado / Garantía Lab,1,1,20.0,20,1
7406497,CVB45.BC,2025-04-10,Reparado / Garantía Lab,2,2,3.0,23,1
7406497,CVB45.BC,2025-04-21,Reparado / Garantía Lab,3,3,11.0,34,0
7406497,CVB45.BC,2025-08-21,Reparado / Garantía Lab,4,4,122.0,156,0
7406499,CVB45.BC,2024-10-01,Reparado / Garantía Lab,0,0,0.0,0,1
7406499,CVB45.BC,2024-10-04,Reparado,1,1,3.0,3,0
7406499,CVB45.BC,2025-10-22,Reparado / Garantía Lab,0,0,383.0,386,0
7406500,CVB45.BC,2025-11-25,Reparado / Garantía Lab,0,0,0.0,0,0
7406501,CVB45.BC,2023-02-02,Reparado,0,0,0.0,0,0
7406501,CVB45.BC,2023-09-27,POD Reparado,0,1,237.0,237,0
7406505,CVB45.BC,2022-12-23,Reparado,0,0,0.0,0,0
7406505,CVB45.BC,2024-03-22,Reparado / Garantía Lab,0,0,455.0,455,0
7406506,CVB45.BC,2025-05-22,Reparado,0,0,0.0,0,0
7406507,CVB45.BC,2023-10-11,Reparado,0,0,0.0,0,0
7406509,CVB45.BC,2022-09-07,Reparado,0,0,0.0,0,0
7406509,CVB45.BC,2024-10-02,Reparado / Garantía Lab,0,0,756.0,756,0
7406511,CVB45.BC,2022-03-29,Reparado,0,0,0.0,0,0
7406511,CVB45.BC,2022-06-07,Reparado / Garantía Lab,1,1,70.0,70,0
7406511,CVB45.BC,2022-08-18,Reparado / Garantía Lab,2,2,72.0,142,0
7406511,CVB45.BC,2025-08-20,Reparado / Garantía Lab,0,0,1098.0,1240,1
7406511,CVB45.BC,2025-08-25,Reparado / Garantía Lab,1,1,5.0,1245,0
7406512,CVB45.BC,2025-05-20,Reparado,0,0,0.0,0,0
7406514,CVB45.BC,2023-09-30,Reparado,0,0,0.0,0,0
7406514,CVB45.BC,2024-09-04,Reparado / Garantía Lab,0,1,340.0,340,0
7406514,CVB45.BC,2024-11-26,Reparado / Garantía Lab,1,1,83.0,423,0
7406514,CVB45.BC,2025-09-11,Reparado / Garantía Lab,0,1,289.0,712,0
7406514,CVB45.BC,2025-10-22,Reparado / Garantía Lab,1,2,41.0,753,1
7406514,CVB45.BC,2025-11-21,Proceso,2,3,30.0,783,0
7406516,CVB45.BC,2021-03-17,Reparado / Garantía Lab,0,0,0.0,0,1
7406516,CVB45.BC,2021-04-01,Reparado,1,1,15.0,15,0
7406516,CVB45.BC,2024-02-20,Reparado / Garantía Lab,0,0,1055.0,1070,0
7406516,CVB45.BC,2025-04-29,Reparado / Garantía Lab,0,0,434.0,1504,1
7406516,CVB45.BC,2025-05-20,Reparado / Garantía Lab,1,1,21.0,1525,1
7406516,CVB45.BC,2025-06-06,Reparado / Garantía Lab,2,2,17.0,1542,0
7406517,CVB45.BC,2020-11-17,Reparado / Garantía Lab,0,0,0.0,0,0
7406517,CVB45.BC,2021-01-12,Reparado / Garantía Lab,1,1,56.0,56,0
7406519,CVB45.BC,2022-07-02,Reparado,0,0,0.0,0,0
7406519,CVB45.BC,2025-08-07,Reparado / Garantía Lab,0,0,1132.0,1132,0
7406523,CVB45.BC,2024-08-28,Reparado,0,0,0.0,0,1
7406523,CVB45.BC,2024-08-30,Reparado / Garantía Lab,1,1,2.0,2,0
7406524,CVB45.BC,2021-08-26,Reparado,0,0,0.0,0,0
7406525,CVB45.BC,2022-07-18,Reparado,0,0,0.0,0,0
7406525,CVB45.BC,2024-09-24,Reparado / Garantía Lab,0,0,799.0,799,0
7406525,CVB45.BC,2025-05-26,Reparado,0,1,244.0,1043,1
7406525,CVB45.BC,2025-06-13,Reparado / Garantía Lab,1,2,18.0,1061,1
7406525,CVB45.BC,2025-06-25,Reparado / Garantía Lab,2,3,12.0,1073,0
7406525,CVB45.BC,2025-08-27,Reparado / Garantía Lab,3,4,63.0,1136,0
7406530,CVB45.BC,2021-09-30,Reparado,0,0,0.0,0,0
7406530,CVB45.BC,2022-01-12,Reparado / Garantía Lab,1,1,104.0,104,0
7406530,CVB45.BC,2022-08-08,Reparado / Garantía Lab,0,2,208.0,312,0
7406530,CVB45.BC,2022-10-21,Reparado / Garantía Lab,1,2,74.0,386,0
7406530,CVB45.BC,2024-07-11,Reparado / Garantía Lab,0,0,629.0,1015,0
7406530,CVB45.BC,2025-03-27,Reparado / Garantía Lab,0,1,259.0,1274,0
7406531,CVB45.BC,2023-11-24,Reparado,0,0,0.0,0,0
7406532,CVB45.BC,2023-08-07,Reparado,0,0,0.0,0,0
7406532,CVB45.BC,2024-05-25,Reparado / Garantía Lab,0,1,292.0,292,0
7406533,CVB45.BC,2021-09-10,Reparado,0,0,0.0,0,0
7406534,CVB45.BC,2025-10-07,Reparado,0,0,0.0,0,0
7406537,CVB45.BC,2021-03-19,Reparado,0,0,0.0,0,0
7406538,CVB45.BC,2022-11-24,Reparado,0,0,0.0,0,0
7406539,CVB45.BC,2023-10-27,Reparado,0,0,0.0,0,0
7406539,CVB45.BC,2025-03-07,Reparado / Garantía Lab,0,0,497.0,497,0
7406540,CVB45.BC,2023-08-30,Reparado / Garantía Lab,0,0,0.0,0,1
7406540,CVB45.BC,2023-09-25,Reparado / Garantía Lab,1,1,26.0,26,0
7406540,CVB45.BC,2025-11-26,Reparado / Garantía Lab,0,0,793.0,819,0
7406541,CVB45.BC,2021-11-17,Reparado,0,0,0.0,0,0
7406542,CVB45.BC,2022-11-28,Reparado,0,0,0.0,0,0
7406544,CVB45.BC,2022-12-31,Reparado,0,0,0.0,0,0
7406545,CVB45.BC,2024-10-18,Reparado,0,0,0.0,0,0
7406545,CVB45.BC,2025-07-11,Reparado / Garantía Lab,0,1,266.0,266,0
7406546,CVB45.BC,2024-10-10,Reparado,0,0,0.0,0,0
7406550,CVB45.BC,2020-11-27,Reparado,0,0,0.0,0,1
7406550,CVB45.BC,2020-12-24,Reparado / Garantía Lab,1,1,27.0,27,1
7406550,CVB45.BC,2021-01-22,Reparado,2,2,29.0,56,1
7406550,CVB45.BC,2021-01-27,Reparado / Garantía Lab,3,3,5.0,61,0
7406550,CVB45.BC,2021-03-01,Reparado / Garantía Lab,4,4,33.0,94,1
7406550,CVB45.BC,2021-03-09,Reparado / Garantía Lab,5,5,8.0,102,1
7406550,CVB45.BC,2021-03-15,Reparado / Garantía Lab,6,6,6.0,108,1
7406550,CVB45.BC,2021-03-19,Reparado / Garantía Lab,7,7,4.0,112,0
7406550,CVB45.BC,2021-09-14,Reparado / Garantía Lab,1,8,179.0,291,0
7406550,CVB45.BC,2022-03-10,Reparado / Garantía Lab,1,3,177.0,468,1
7406550,CVB45.BC,2022-03-16,Reparado / Garantía Lab,1,3,6.0,474,1
7406550,CVB45.BC,2022-03-21,Reparado / Garantía Lab,2,3,5.0,479,1
7406550,CVB45.BC,2022-03-30,Reparado / Garantía Lab,3,4,9.0,488,1
7406550,CVB45.BC,2022-04-06,Reparado / Garantía Lab,4,5,7.0,495,0
7406551,CVB45.BC,2021-07-01,Reparado,0,0,0.0,0,0
7406551,CVB45.BC,2021-11-09,Reparado / Garantía Lab,1,1,131.0,131,0
7406552,CVB45.BC,2025-10-15,Reparado,0,0,0.0,0,0
7406554,CVB45.BC,2024-01-18,Reparado,0,0,0.0,0,0
7406554,CVB45.BC,2024-09-10,Reparado / Garantía Lab,0,1,236.0,236,1
7406554,CVB45.BC,2024-09-12,Reparado / Garantía Lab,1,2,2.0,238,0
7406555,CVB45.BC,2023-10-06,Reparado,0,0,0.0,0,0
7406555,CVB45.BC,2025-04-14,Reparado / Garantía Lab,0,0,556.0,556,0
7406556,CVB45.BC,2021-06-30,Reparado,0,0,0.0,0,0
7406558,CVB45.BC,2023-10-27,Reparado,0,0,0.0,0,0
7406558,CVB45.BC,2025-11-13,Reparado / Garantía Lab,0,0,748.0,748,0
7406559,CVB45.BC,2023-05-23,Reparado,0,0,0.0,0,0
7406560,CVB45.BC,2020-12-03,Reparado,0,0,0.0,0,1
7406560,CVB45.BC,2020-12-07,Reparado / Garantía Lab,1,1,4.0,4,0
7406560,CVB45.BC,2021-01-12,Reparado / Garantía Lab,2,2,36.0,40,0
7406560,CVB45.BC,2021-04-12,Reparado / Garantía Lab,3,3,90.0,130,0
7406560,CVB45.BC,2021-08-05,Reparado / Garantía Lab,1,4,115.0,245,1
7406560,CVB45.BC,2021-08-09,Reparado / Garantía Lab,2,5,4.0,249,0
7406560,CVB45.BC,2021-12-01,Reparado / Garantía Lab,2,6,114.0,363,0
7406561,CVB45.BC,2021-03-05,Reparado,0,0,0.0,0,0
7406561,CVB45.BC,2022-06-18,Reparado / Garantía Lab,0,0,470.0,470,0
7406562,CVB45.BC,2025-05-28,Reparado / Garantía Lab,0,0,0.0,0,1
7406562,CVB45.BC,2025-06-02,Reparado / Garantía Lab,1,1,5.0,5,0
7406563,CVB45.BC,2024-10-18,Reparado,0,0,0.0,0,0
7406564,CVB45.BC,2024-07-01,Reparado,0,0,0.0,0,0
7406566,CVB45.BC,2022-07-19,Reparado,0,0,0.0,0,0
7406566,CVB45.BC,2025-09-16,Reparado / Garantía Lab,0,0,1155.0,1155,0
7406568,CVB45.BC,2022-01-07,Reparado,0,0,0.0,0,0
7406569,CVB45.BC,2023-06-02,Reparado,0,0,0.0,0,0
7406570,CVB45.BC,2022-07-28,POD Reparado,0,0,0.0,0,0
7406570,CVB45.BC,2022-11-08,Reparado / Garantía Lab,1,1,103.0,103,0
7406571,CVB45.BC,2023-05-19,Reparado,0,0,0.0,0,0
7406571,CVB45.BC,2025-09-08,Reparado / Garantía Lab,0,0,843.0,843,0
7406572,CVB45.BC,2021-10-17,Reparado,0,0,0.0,0,0
7406573,CVB45.BC,2025-08-26,Reparado,0,0,0.0,0,0
7406574,CVB45.BC,2022-06-01,Reparado,0,0,0.0,0,0
7406574,CVB45.BC,2024-11-11,Reparado / Garantía Lab,0,0,894.0,894,0
7406574,CVB45.BC,2025-09-24,Reparado / Garantía Lab,0,1,317.0,1211,0
7406576,CVB45.BC,2021-10-04,Reparado,0,0,0.0,0,0
7406576,CVB45.BC,2022-09-20,Reparado / Garantía Lab,0,1,351.0,351,0
7406577,CVB45.BC,2023-10-19,Reparado / Garantía Lab,0,0,0.0,0,0
7406577,CVB45.BC,2023-12-26,Reparado / Garantía Lab,1,1,68.0,68,0
7406578,CVB45.BC,2023-06-07,Reparado,0,0,0.0,0,0
7406578,CVB45.BC,2025-11-25,Reparado / Garantía Lab,0,0,902.0,902,0
7406579,CVB45.BC,2023-07-22,Reparado,0,0,0.0,0,0
7406772,CVB45.BC,2021-06-24,Reparado,0,0,0.0,0,0
7406993,CVB45.BC,2023-09-25,Reparado,0,0,0.0,0,0
7407002,CVB45.BC,2021-04-07,Reparado,0,0,0.0,0,0
7407002,CVB45.BC,2022-01-28,Reparado / Garantía Lab,0,1,296.0,296,0
7407002,CVB45.BC,2022-04-07,Reparado / Garantía Lab,1,2,69.0,365,0
7407002,CVB45.BC,2022-09-08,Reparado / Garantía Lab,1,2,154.0,519,0
7407002,CVB45.BC,2023-09-15,Reparado / Garantía Lab,0,0,372.0,891,0
7407002,CVB45.BC,2025-11-17,Reparado / Garantía Lab,0,0,794.0,1685,0
7407003,CVB45.BC,2021-07-14,Reparado,0,0,0.0,0,0
7407005,CVB45.BC,2022-06-10,Reparado,0,0,0.0,0,0
7407005,CVB45.BC,2025-09-09,Reparado / Garantía Lab,0,0,1187.0,1187,0
7407006,CVB45.BC,2023-08-24,Reparado / Garantía Lab,0,0,0.0,0,1
7407006,CVB45.BC,2023-08-30,Reparado / Garantía Lab,1,1,6.0,6,0
7407006,CVB45.BC,2025-11-13,Reparado / Garantía Lab,0,0,806.0,812,0
7407007,CVB45.BC,2025-10-22,Reparado / Garantía Lab,0,0,0.0,0,1
7407007,CVB45.BC,2025-11-07,Reparado / Garantía Lab,1,1,16.0,16,1
7407007,CVB45.BC,2025-11-11,Proceso,2,2,4.0,20,0
7407008,CVB45.BC,2023-10-18,Reparado,0,0,0.0,0,0
7407008,CVB45.BC,2025-12-02,Reparado / Garantía Lab,0,0,776.0,776,0
7407009,CVB45.BC,2022-12-13,Reparado,0,0,0.0,0,0
7407009,CVB45.BC,2023-12-26,POD Reparado,0,0,378.0,378,0
7407009,CVB45.BC,2025-10-28,Reparado / Garantía Lab,0,0,672.0,1050,0
7407010,CVB45.BC,2023-04-02,Reparado,0,0,0.0,0,0
7407011,CVB45.BC,2021-11-12,Reparado,0,0,0.0,0,0
7407011,CVB45.BC,2023-12-18,Reparado / Garantía Lab,0,0,766.0,766,0
7407012,CVB45.BC,2021-03-04,Reparado,0,0,0.0,0,0
7407012,CVB45.BC,2023-07-05,Reparado / Garantía Lab,0,0,853.0,853,0
7407012,CVB45.BC,2025-02-24,Reparado / Garantía Lab,0,0,600.0,1453,1
7407012,CVB45.BC,2025-02-27,Reparado / Garantía Lab,1,1,3.0,1456,0
7407012,CVB45.BC,2025-04-11,Reparado / Garantía Lab,2,2,43.0,1499,1
7407012,CVB45.BC,2025-04-30,Reparado / Garantía Lab,3,3,19.0,1518,1
7407012,CVB45.BC,2025-05-05,Reparado / Garantía Lab,4,4,5.0,1523,1
7407012,CVB45.BC,2025-05-07,Reparado / Garantía Lab,5,5,2.0,1525,0
7407013,CVB45.BC,2024-07-03,Reparado,0,0,0.0,0,0
7407014,CVB45.BC,2021-10-20,Reparado,0,0,0.0,0,0
7407015,CVB45.BC,2023-11-07,Reparado,0,0,0.0,0,0
7407016,CVB45.BC,2023-11-28,Reparado,0,0,0.0,0,0
7407016,CVB45.BC,2025-10-15,Reparado / Garantía Lab,0,0,687.0,687,0
7407017,CVB45.BC,2023-02-08,Reparado,0,0,0.0,0,0
7407017,CVB45.BC,2025-02-26,Reparado / Garantía Lab,0,0,749.0,749,0
7407018,CVB45.BC,2022-10-18,Reparado,0,0,0.0,0,0
7407021,CVB45.BC,2024-04-03,Reparado,0,0,0.0,0,0
7407022,CVB45.BC,2021-08-28,Reparado,0,0,0.0,0,0
7407023,CVB45.BC,2021-08-08,Reparado,0,0,0.0,0,0
7407024,CVB45.BC,2022-12-14,Reparado,0,0,0.0,0,0
7407027,CVB45.BC,2025-05-20,POD Reparado,0,0,0.0,0,0
7407029,CVB45.BC,2022-01-19,Reparado,0,0,0.0,0,0
7407030,CVB45.BC,2024-08-29,Reparado / Garantía Lab,0,0,0.0,0,1
7407030,CVB45.BC,2024-09-03,Reparado / Garantía Lab,1,1,5.0,5,1
7407030,CVB45.BC,2024-09-09,Reparado / Garantía Lab,2,2,6.0,11,0
7407030,CVB45.BC,2024-10-15,Reparado / Garantía Lab,3,3,36.0,47,0
7407030,CVB45.BC,2024-11-15,Reparado / Garantía Lab,4,4,31.0,78,1
7407030,CVB45.BC,2024-11-20,Reparado / Garantía Lab,5,5,5.0,83,0
7407031,CVB45.BC,2023-09-09,Reparado,0,0,0.0,0,0
7407032,CVB45.BC,2022-11-29,Reparado,0,0,0.0,0,0
7407033,CVB45.BC,2022-04-16,Reparado,0,0,0.0,0,0
7407033,CVB45.BC,2023-11-10,POD Reparado,0,0,573.0,573,1
7407033,CVB45.BC,2023-11-14,Reparado / Garantía Lab,1,1,4.0,577,0
7407033,CVB45.BC,2024-12-18,Reparado / Garantía Lab,0,0,400.0,977,0
7407034,CVB45.BC,2021-01-05,Reparado,0,0,0.0,0,0
7407034,CVB45.BC,2021-10-09,Reparado / Garantía Lab,0,1,277.0,277,0
7407034,CVB45.BC,2022-04-08,Reparado / Garantía Lab,0,1,181.0,458,0
7407034,CVB45.BC,2025-07-24,POD Reparado,0,0,1203.0,1661,0
7407036,CVB45.BC,2021-12-17,Reparado,0,0,0.0,0,0
7407036,CVB45.BC,2022-07-02,Reparado / Garantía Lab,0,1,197.0,197,0
7407037,CVB45.BC,2023-05-27,Reparado,0,0,0.0,0,0
7407037,CVB45.BC,2025-11-27,Reparado / Garantía Lab,0,0,915.0,915,0
7407040,CVB45.BC,2023-07-29,Reparado,0,0,0.0,0,0
7407040,CVB45.BC,2024-04-19,Reparado / Garantía Lab,0,1,265.0,265,0
7407040,CVB45.BC,2025-09-05,Reparado / Garantía Lab,0,0,504.0,769,0
7407042,CVB45.BC,2021-06-16,Reparado,0,0,0.0,0,1
7407042,CVB45.BC,2021-06-30,Reparado / Garantía Lab,1,1,14.0,14,0
7407044,CVB45.BC,2023-08-12,Reparado,0,0,0.0,0,0
7407045,CVB45.BC,2021-08-24,Reparado,0,0,0.0,0,0
7407046,CVB45.BC,2024-04-29,Reparado,0,0,0.0,0,0
7407046,CVB45.BC,2025-09-02,Reparado / Garantía Lab,0,0,491.0,491,0
7407047,CVB45.BC,2021-06-18,Reparado,0,0,0.0,0,0
7407051,CVB45.BC,2025-09-08,Reparado,0,0,0.0,0,0
7407052,CVB45.BC,2021-10-12,Reparado,0,0,0.0,0,0
7407052,CVB45.BC,2022-03-07,Reparado / Garantía Lab,1,1,146.0,146,0
7407052,CVB45.BC,2022-09-08,Reparado / Garantía Lab,0,2,185.0,331,0
7407052,CVB45.BC,2025-02-07,Reparado / Garantía Lab,0,0,883.0,1214,0
7407052,CVB45.BC,2025-06-19,Reparado / Garantía Lab,1,1,132.0,1346,0
7407054,CVB45.BC,2021-02-17,Reparado,0,0,0.0,0,0
7407054,CVB45.BC,2021-09-06,Reparado / Garantía Lab,0,1,201.0,201,0
7407055,CVB45.BC,2024-11-15,Reparado,0,0,0.0,0,0
7407056,CVB45.BC,2023-12-20,Reparado,0,0,0.0,0,0
7407056,CVB45.BC,2024-09-26,Reparado / Garantía Lab,0,1,281.0,281,0
7407057,CVB45.BC,2021-06-17,Reparado,0,0,0.0,0,0
7407058,CVB45.BC,2021-06-11,Reparado,0,0,0.0,0,0
7407058,CVB45.BC,2022-10-15,Reparado / Garantía Lab,0,0,491.0,491,0
7407060,CVB45.BC,2022-11-08,Reparado,0,0,0.0,0,0
7407064,CVB45.BC,2022-02-24,Reparado,0,0,0.0,0,0
7407064,CVB45.BC,2025-10-24,Reparado / Garantía Lab,0,0,1338.0,1338,0
7407065,CVB45.BC,2021-03-25,Reparado,0,0,0.0,0,1
7407065,CVB45.BC,2021-03-30,Reparado / Garantía Lab,1,1,5.0,5,0
7407065,CVB45.BC,2021-05-28,Reparado / Garantía Lab,2,2,59.0,64,1
7407065,CVB45.BC,2021-06-07,Reparado / Garantía Lab,3,3,10.0,74,0
7407065,CVB45.BC,2022-08-05,Reparado / Garantía Lab,0,0,424.0,498,0
7407065,CVB45.BC,2022-11-23,Reparado / Garantía Lab,1,1,110.0,608,1
7407065,CVB45.BC,2022-11-28,Reparado / Garantía Lab,2,2,5.0,613,1
7407065,CVB45.BC,2022-12-06,Reparado / Garantía Lab,3,3,8.0,621,0
7407065,CVB45.BC,2023-04-08,Reparado / Garantía Lab,3,4,123.0,744,0
7407065,CVB45.BC,2023-05-19,Reparado,4,5,41.0,785,0
7407065,CVB45.BC,2024-05-06,Reparado / Garantía Lab,0,1,353.0,1138,0
7407065,CVB45.BC,2025-09-24,Reparado / Garantía Lab,0,0,506.0,1644,0
7407066,CVB45.BC,2021-10-04,Reparado,0,0,0.0,0,0
7407067,CVB45.BC,2021-08-02,Reparado,0,0,0.0,0,1
7407067,CVB45.BC,2021-08-19,Reparado / Garantía Lab,1,1,17.0,17,0
7407067,CVB45.BC,2023-07-04,Reparado / Garantía Lab,0,0,684.0,701,0
7407067,CVB45.BC,2024-10-01,Reparado / Garantía Lab,0,0,455.0,1156,0
7407068,CVB45.BC,2021-01-02,Reparado,0,0,0.0,0,0
7407068,CVB45.BC,2021-04-21,Reparado / Garantía Lab,1,1,109.0,109,1
7407068,CVB45.BC,2021-05-07,Reparado / Garantía Lab,2,2,16.0,125,0
7407068,CVB45.BC,2021-06-15,Reparado / Garantía Lab,3,3,39.0,164,0
7407069,CVB45.BC,2021-12-03,Reparado,0,0,0.0,0,0
7407070,CVB45.BC,2021-02-16,Reparado,0,0,0.0,0,0
7407070,CVB45.BC,2023-10-19,Reparado / Garantía Lab,0,0,975.0,975,0
7407071,CVB45.BC,2025-02-28,Reparado,0,0,0.0,0,0
7407072,CVB45.BC,2025-11-28,Reparado / Garantía Lab,0,0,0.0,0,0
7407075,CVB45.BC,2024-03-28,Reparado,0,0,0.0,0,0
7407076,CVB45.BC,2023-05-18,Reparado,0,0,0.0,0,1
7407076,CVB45.BC,2023-05-26,Reparado / Garantía Lab,1,1,8.0,8,0
7407077,CVB45.BC,2022-10-13,Reparado,0,0,0.0,0,0
7407080,CVB45.BC,2021-02-15,Reparado,0,0,0.0,0,0
7407080,CVB45.BC,2024-10-15,Reparado / Garantía Lab,0,0,1338.0,1338,0
7407080,CVB45.BC,2025-07-03,Reparado / Garantía Lab,0,1,261.0,1599,1
7407080,CVB45.BC,2025-07-07,Reparado / Garantía Lab,1,2,4.0,1603,0
7407080,CVB45.BC,2025-08-26,Reparado / Garantía Lab,2,3,50.0,1653,0
7407081,CVB45.BC,2022-03-17,Reparado,0,0,0.0,0,0
7407081,CVB45.BC,2023-12-04,Reparado / Garantía Lab,0,0,627.0,627,0
7407081,CVB45.BC,2025-08-07,Reparado / Garantía Lab,0,0,612.0,1239,1
7407081,CVB45.BC,2025-08-19,Reparado / Garantía Lab,1,1,12.0,1251,0
7407083,CVB45.BC,2021-08-20,Reparado,0,0,0.0,0,0
7407086,CVB45.BC,2022-08-18,Reparado,0,0,0.0,0,0
7407086,CVB45.BC,2024-09-03,Reparado / Garantía Lab,0,0,747.0,747,0
7407087,CVB45.BC,2021-05-12,Reparado,0,0,0.0,0,0
7407088,CVB45.BC,2022-06-22,Reparado,0,0,0.0,0,0
7407088,CVB45.BC,2025-03-17,Reparado / Garantía Lab,0,0,999.0,999,1
7407088,CVB45.BC,2025-04-15,Reparado / Garantía Lab,1,1,29.0,1028,1
7407088,CVB45.BC,2025-04-21,Reparado / Garantía Lab,2,2,6.0,1034,0
7407089,CVB45.BC,2022-11-24,Reparado,0,0,0.0,0,0
7407090,CVB45.BC,2023-05-03,Reparado,0,0,0.0,0,0
7407090,CVB45.BC,2024-04-17,Reparado / Garantía Lab,0,1,350.0,350,0
7407091,CVB45.BC,2023-10-14,Reparado,0,0,0.0,0,0
7407092,CVB45.BC,2021-12-05,Reparado,0,0,0.0,0,0
7407093,CVB45.BC,2025-10-27,Reparado,0,0,0.0,0,1
7407093,CVB45.BC,2025-11-21,Reparado / Garantía Lab,1,1,25.0,25,0
7407094,CVB45.BC,2023-01-20,Reparado,0,0,0.0,0,0
7407096,CVB45.BC,2025-03-17,Reparado,0,0,0.0,0,0
7407098,CVB45.BC,2025-08-25,Reparado,0,0,0.0,0,0
7407099,CVB45.BC,2023-05-28,Reparado,0,0,0.0,0,0
7407099,CVB45.BC,2025-09-02,Reparado / Garantía Lab,0,0,828.0,828,0
7407100,CVB45.BC,2025-02-26,Reparado,0,0,0.0,0,0
7407101,CVB45.BC,2022-02-24,Reparado,0,0,0.0,0,0
7407102,CVB45.BC,2022-08-27,Reparado,0,0,0.0,0,0
7407103,CVB45.BC,2021-05-24,Reparado,0,0,0.0,0,0
7407103,CVB45.BC,2023-10-14,Reparado / Garantía Lab,0,0,873.0,873,0
7407103,CVB45.BC,2024-09-30,Reparado / Garantía Lab,0,1,352.0,1225,0
7407104,CVB45.BC,2021-12-02,Reparado,0,0,0.0,0,0
7407105,CVB45.BC,2025-08-19,Reparado / Garantía Lab,0,0,0.0,0,1
7407105,CVB45.BC,2025-09-04,Reparado / Garantía Lab,1,1,16.0,16,1
7407105,CVB45.BC,2025-09-09,Reparado / Garantía Lab,2,2,5.0,21,1
7407105,CVB45.BC,2025-09-24,Reparado / Garantía Lab,3,3,15.0,36,0
7407108,CVB45.BC,2022-08-12,Reparado,0,0,0.0,0,0
7407108,CVB45.BC,2023-01-21,Reparado / Garantía Lab,1,1,162.0,162,0
7407110,CVB45.BC,2023-11-05,Reparado,0,0,0.0,0,0
7407114,CVB45.BC,2023-05-16,Reparado,0,0,0.0,0,0
7407115,CVB45.BC,2022-08-02,POD Reparado,0,0,0.0,0,0
7407115,CVB45.BC,2022-11-08,Reparado / Garantía Lab,1,1,98.0,98,0
7407115,CVB45.BC,2025-10-15,Reparado / Garantía Lab,0,0,1072.0,1170,0
7407116,CVB45.BC,2025-11-13,Reparado,0,0,0.0,0,0
7407117,CVB45.BC,2023-08-06,Reparado,0,0,0.0,0,0
7407119,CVB45.BC,2024-05-28,Reparado,0,0,0.0,0,0
7407120,CVB45.BC,2024-06-03,Reparado,0,0,0.0,0,0
7407122,CVB45.BC,2021-07-15,Reparado,0,0,0.0,0,0
7407122,CVB45.BC,2023-10-16,Reparado / Garantía Lab,0,0,823.0,823,0
7407122,CVB45.BC,2025-04-15,Reparado / Garantía Lab,0,0,547.0,1370,0
7407123,CVB45.BC,2025-10-15,Reparado,0,0,0.0,0,0
7407127,CVB45.BC,2024-05-15,Reparado,0,0,0.0,0,0
7407128,CVB45.BC,2021-05-17,Reparado,0,0,0.0,0,0
7407129,CVB45.BC,2021-12-14,Reparado,0,0,0.0,0,0
7407129,CVB45.BC,2025-03-24,Reparado / Garantía Lab,0,0,1196.0,1196,0
7407129,CVB45.BC,2025-09-05,Reparado / Garantía Lab,1,1,165.0,1361,0
7407130,CVB45.BC,2025-09-09,Reparado,0,0,0.0,0,0
7407131,CVB45.BC,2024-08-19,Reparado,0,0,0.0,0,0
7407131,CVB45.BC,2025-11-26,Reparado / Garantía Lab,0,0,464.0,464,0
7407133,CVB45.BC,2025-11-25,Reparado / Garantía Lab,0,0,0.0,0,0
7407134,CVB45.BC,2021-09-07,Reparado,0,0,0.0,0,0
7407134,CVB45.BC,2022-02-17,Reparado / Garantía Lab,1,1,163.0,163,1
7407134,CVB45.BC,2022-03-11,Reparado / Garantía Lab,1,2,22.0,185,0
7407134,CVB45.BC,2022-06-28,Reparado / Garantía Lab,2,3,109.0,294,1
7407134,CVB45.BC,2022-07-13,Reparado / Garantía Lab,3,4,15.0,309,0
7407134,CVB45.BC,2023-11-03,Reparado / Garantía Lab,0,0,478.0,787,0
7407134,CVB45.BC,2025-03-21,Reparado / Garantía Lab,0,0,504.0,1291,1
7407134,CVB45.BC,2025-04-14,Reparado / Garantía Lab,1,1,24.0,1315,0
7407136,CVB45.BC,2024-05-23,Reparado / Garantía Lab,0,0,0.0,0,1
7407136,CVB45.BC,2024-05-29,Reparado / Garantía Lab,1,1,6.0,6,1
7407136,CVB45.BC,2024-06-03,Reparado / Garantía Lab,2,2,5.0,11,0
7407136,CVB45.BC,2025-05-28,Reparado / Garantía Lab,0,2,359.0,370,1
7407136,CVB45.BC,2025-06-02,Reparado / Garantía Lab,1,2,5.0,375,0
7407136,CVB45.BC,2025-07-11,Reparado / Garantía Lab,2,2,39.0,414,0
7407137,CVB45.BC,2023-09-21,Reparado,0,0,0.0,0,0
7407137,CVB45.BC,2025-09-03,Reparado / Garantía Lab,0,0,713.0,713,0
7407137,CVB45.BC,2025-11-26,Reparado / Garantía Lab,1,1,84.0,797,0
7407138,CVB45.BC,2021-05-27,Reparado,0,0,0.0,0,0
7407138,CVB45.BC,2022-01-25,Reparado / Garantía Lab,0,1,243.0,243,0
7407138,CVB45.BC,2022-08-19,Reparado / Garantía Lab,0,1,206.0,449,1
7407138,CVB45.BC,2022-08-25,Reparado / Garantía Lab,1,2,6.0,455,0
7407138,CVB45.BC,2023-01-25,Reparado / Garantía Lab,2,3,153.0,608,0
7407138,CVB45.BC,2024-09-25,Reparado / Garantía Lab,0,0,609.0,1217,0
7407140,CVB45.BC,2025-02-17,Reparado,0,0,0.0,0,0
7407140,CVB45.BC,2025-07-23,Reparado / Garantía Lab,1,1,156.0,156,0
7407141,CVB45.BC,2021-06-29,Reparado,0,0,0.0,0,0
7407141,CVB45.BC,2023-12-02,Reparado / Garantía Lab,0,0,886.0,886,0
7407142,CVB45.BC,2022-07-16,Reparado,0,0,0.0,0,0
7407143,CVB45.BC,2023-02-15,Reparado,0,0,0.0,0,0
7407143,CVB45.BC,2023-05-23,Reparado / Garantía Lab,1,1,97.0,97,0
7407144,CVB45.BC,2023-10-12,Reparado,0,0,0.0,0,0
7407144,CVB45.BC,2024-10-10,Reparado / Garantía Lab,0,1,364.0,364,0
7407147,CVB45.BC,2021-05-24,Reparado,0,0,0.0,0,0
7407149,CVB45.BC,2023-08-29,Reparado,0,0,0.0,0,0
7407149,CVB45.BC,2024-11-05,Reparado / Garantía Lab,0,0,434.0,434,1
7407149,CVB45.BC,2024-11-07,Reparado / Garantía Lab,1,1,2.0,436,0
7407149,CVB45.BC,2025-05-27,Reparado,0,2,201.0,637,1
7407149,CVB45.BC,2025-06-10,Reparado / Garantía Lab,1,3,14.0,651,0
7407149,CVB45.BC,2025-08-11,Reparado / Garantía Lab,2,4,62.0,713,1
7407149,CVB45.BC,2025-08-21,Reparado / Garantía Lab,3,5,10.0,723,0
7407149,CVB45.BC,2025-10-07,Reparado / Garantía Lab,4,6,47.0,770,0
7407150,CVB45.BC,2024-07-10,Reparado,0,0,0.0,0,1
7407150,CVB45.BC,2024-07-17,Reparado / Garantía Lab,1,1,7.0,7,0
7407150,CVB45.BC,2025-09-16,Reparado / Garantía Lab,0,0,426.0,433,0
7407151,CVB45.BC,2022-06-29,Reparado,0,0,0.0,0,0
7407151,CVB45.BC,2023-10-13,Reparado / Garantía Lab,0,0,471.0,471,0
7407151,CVB45.BC,2024-08-14,Reparado / Garantía Lab,0,1,306.0,777,0
7407151,CVB45.BC,2025-12-02,Reparado / Garantía Lab,0,0,475.0,1252,1
7407151,CVB45.BC,2025-12-04,Proceso,1,1,2.0,1254,0
7407152,CVB45.BC,2023-11-21,Reparado,0,0,0.0,0,0
7407153,CVB45.BC,2023-08-05,Reparado,0,0,0.0,0,0
7407154,CVB45.BC,2021-02-19,Reparado,0,0,0.0,0,0
7407154,CVB45.BC,2023-10-17,Reparado / Garantía Lab,0,0,970.0,970,0
7407155,CVB45.BC,2025-06-17,Reparado,0,0,0.0,0,0
7407156,CVB45.BC,2023-11-06,Reparado,0,0,0.0,0,0
7407157,CVB45.BC,2021-08-07,Reparado,0,0,0.0,0,0
7407158,CVB45.BC,2025-11-13,Reparado,0,0,0.0,0,0
7407160,CVB45.BC,2024-11-15,Reparado,0,0,0.0,0,0
7407161,CVB45.BC,2021-11-11,Reparado,0,0,0.0,0,0
7407161,CVB45.BC,2022-09-05,Reparado / Garantía Lab,0,1,298.0,298,0
7407162,CVB45.BC,2022-12-23,Reparado,0,0,0.0,0,0
7407162,CVB45.BC,2024-08-05,Reparado / Garantía Lab,0,0,591.0,591,0
7407163,CVB45.BC,2025-09-30,Reparado,0,0,0.0,0,0
7407164,CVB45.BC,2024-11-05,Reparado,0,0,0.0,0,0
7407166,CVB45.BC,2021-05-06,Reparado,0,0,0.0,0,0
7407166,CVB45.BC,2024-05-17,Reparado / Garantía Lab,0,0,1107.0,1107,0
7407167,CVB45.BC,2023-05-29,Reparado,0,0,0.0,0,0
7407167,CVB45.BC,2024-09-16,Reparado / Garantía Lab,0,0,476.0,476,0
7407168,CVB45.BC,2021-08-04,Reparado,0,0,0.0,0,0
7407170,CVB45.BC,2021-06-14,Reparado,0,0,0.0,0,0
7407170,CVB45.BC,2025-05-06,Reparado / Garantía Lab,0,0,1422.0,1422,0
7407171,CVB45.BC,2021-06-06,Reparado,0,0,0.0,0,0
7407171,CVB45.BC,2022-01-17,Reparado / Garantía Lab,0,1,225.0,225,0
7407172,CVB45.BC,2021-09-29,Reparado,0,0,0.0,0,0
7407173,CVB45.BC,2022-10-14,Reparado,0,0,0.0,0,0
7407174,CVB45.BC,2023-08-30,Reparado,0,0,0.0,0,0
7407174,CVB45.BC,2025-10-15,Reparado / Garantía Lab,0,0,777.0,777,0
7407175,CVB45.BC,2023-05-03,Reparado,0,0,0.0,0,0
7407176,CVB45.BC,2022-07-14,Reparado,0,0,0.0,0,0
7407178,CVB45.BC,2020-11-28,Reparado / Garantía Lab,0,0,0.0,0,0
7407178,CVB45.BC,2021-01-12,Reparado / Garantía Lab,1,1,45.0,45,0
7407179,CVB45.BC,2021-10-20,POD Reparado,0,0,0.0,0,0
7407179,CVB45.BC,2023-10-19,Reparado / Garantía Lab,0,0,729.0,729,0
7407179,CVB45.BC,2025-12-05,Proceso,0,0,778.0,1507,0
7407180,CVB45.BC,2021-07-09,Reparado,0,0,0.0,0,0
7407180,CVB45.BC,2022-09-05,Reparado / Garantía Lab,0,0,423.0,423,0
7407181,CVB45.BC,2021-08-06,Reparado,0,0,0.0,0,1
7407181,CVB45.BC,2021-08-16,Reparado / Garantía Lab,1,1,10.0,10,1
7407181,CVB45.BC,2021-09-10,Reparado / Garantía Lab,2,2,25.0,35,0
7407181,CVB45.BC,2021-10-28,Reparado / Garantía Lab,3,3,48.0,83,1
7407181,CVB45.BC,2021-11-09,Reparado / Garantía Lab,4,4,12.0,95,0
7407181,CVB45.BC,2021-12-12,Reparado / Garantía Lab,5,5,33.0,128,0
7407181,CVB45.BC,2023-05-26,Reparado / Garantía Lab,0,0,530.0,658,0
7407181,CVB45.BC,2025-03-07,Reparado / Garantía Lab,0,0,651.0,1309,0
7407184,CVB45.BC,2022-02-18,Reparado,0,0,0.0,0,1
7407184,CVB45.BC,2022-02-28,Reparado / Garantía Lab,1,1,10.0,10,1
7407184,CVB45.BC,2022-03-02,Reparado / Garantía Lab,2,2,2.0,12,0
7407184,CVB45.BC,2023-10-25,Reparado / Garantía Lab,0,0,602.0,614,0
7407184,CVB45.BC,2025-11-26,Reparado / Garantía Lab,0,0,763.0,1377,0
7407185,CVB45.BC,2021-11-05,Reparado,0,0,0.0,0,0
7407186,CVB45.BC,2022-06-30,Reparado,0,0,0.0,0,0
7407186,CVB45.BC,2023-06-14,Reparado / Garantía Lab,0,1,349.0,349,0
7407187,CVB45.BC,2022-10-02,Reparado,0,0,0.0,0,0
7407188,CVB45.BC,2024-10-21,Reparado,0,0,0.0,0,0
7407189,CVB45.BC,2022-02-04,Reparado,0,0,0.0,0,1
7407189,CVB45.BC,2022-02-10,Reparado / Garantía Lab,1,1,6.0,6,0
7407191,CVB45.BC,2023-11-10,Reparado,0,0,0.0,0,0
7407192,CVB45.BC,2023-03-09,Reparado,0,0,0.0,0,0
7407193,CVB45.BC,2023-09-26,Reparado,0,0,0.0,0,0
7407194,CVB45.BC,2024-09-05,Reparado,0,0,0.0,0,0
7407195,CVB45.BC,2022-01-05,Reparado,0,0,0.0,0,0
7407196,CVB45.BC,2020-12-15,Reparado / Garantía Lab,0,0,0.0,0,1
7407196,CVB45.BC,2021-01-12,Reparado / Garantía Lab,1,1,28.0,28,0
7407196,CVB45.BC,2021-04-13,POD Reparado,2,2,91.0,119,1
7407196,CVB45.BC,2021-04-15,POD,3,3,2.0,121,0
7407196,CVB45.BC,2023-03-22,Reparado / Garantía Lab,0,0,706.0,827,0
7407197,CVB45.BC,2021-01-28,Reparado,0,0,0.0,0,0
7407197,CVB45.BC,2022-04-14,Reparado / Garantía Lab,0,0,441.0,441,0
7407199,CVB45.BC,2024-04-22,Reparado,0,0,0.0,0,0
7407199,CVB45.BC,2024-09-24,Reparado / Garantía Lab,1,1,155.0,155,0
7407200,CVB45.BC,2021-09-29,Reparado,0,0,0.0,0,0
7407201,CVB45.BC,2021-11-10,Reparado,0,0,0.0,0,0
7407201,CVB45.BC,2024-12-18,Reparado / Garantía Lab,0,0,1134.0,1134,0
7407202,CVB45.BC,2023-10-12,Reparado,0,0,0.0,0,0
7407203,CVB45.BC,2021-10-08,Reparado,0,0,0.0,0,0
7407204,CVB45.BC,2021-03-09,Reparado,0,0,0.0,0,0
7407205,CVB45.BC,2021-01-21,Reparado,0,0,0.0,0,1
7407205,CVB45.BC,2021-01-26,Reparado,1,1,5.0,5,0
7407205,CVB45.BC,2025-01-08,Reparado / Garantía Lab,0,0,1443.0,1448,0
7407206,CVB45.BC,2020-12-03,Reparado,0,0,0.0,0,1
7407206,CVB45.BC,2020-12-18,Reparado,1,1,15.0,15,1
7407206,CVB45.BC,2020-12-30,Reparado,2,2,12.0,27,0
7407206,CVB45.BC,2022-10-20,Reparado / Garantía Lab,0,0,659.0,686,0
7407208,CVB45.BC,2025-11-10,Reparado,0,0,0.0,0,0
7407210,CVB45.BC,2021-12-15,Reparado,0,0,0.0,0,0
7407210,CVB45.BC,2025-09-05,Reparado / Garantía Lab,0,0,1360.0,1360,0
7407210,CVB45.BC,2025-11-21,Reparado / Garantía Lab,1,1,77.0,1437,1
7407210,CVB45.BC,2025-11-26,Reparado / Garantía Lab,2,2,5.0,1442,0
7407211,CVB45.BC,2023-03-08,Reparado,0,0,0.0,0,0
7407212,CVB45.BC,2022-05-31,Reparado,0,0,0.0,0,0
7407213,CVB45.BC,2025-08-21,Reparado,0,0,0.0,0,0
7407214,CVB45.BC,2023-03-15,Reparado,0,0,0.0,0,0
7407215,CVB45.BC,2025-08-26,Reparado / Garantía Lab,0,0,0.0,0,1
7407215,CVB45.BC,2025-09-05,Reparado / Garantía Lab,1,1,10.0,10,0
7407216,CVB45.BC,2021-11-26,Reparado,0,0,0.0,0,0
7407216,CVB45.BC,2022-05-26,Reparado / Garantía Lab,0,1,181.0,181,0
7407216,CVB45.BC,2025-09-11,Reparado / Garantía Lab,0,0,1204.0,1385,0
7407217,CVB45.BC,2021-05-30,Reparado,0,0,0.0,0,1
7407217,CVB45.BC,2021-06-14,Reparado / Garantía Lab,1,1,15.0,15,0
7407217,CVB45.BC,2021-09-16,Reparado / Garantía Lab,2,2,94.0,109,0
7407217,CVB45.BC,2021-11-08,Reparado / Garantía Lab,3,3,53.0,162,1
7407217,CVB45.BC,2021-11-12,Reparado / Garantía Lab,4,4,4.0,166,1
7407217,CVB45.BC,2021-12-11,Reparado / Garantía Lab,4,5,29.0,195,1
7407217,CVB45.BC,2021-12-20,Reparado / Garantía Lab,4,6,9.0,204,1
7407217,CVB45.BC,2021-12-22,Reparado / Garantía Lab,5,7,2.0,206,1
7407217,CVB45.BC,2021-12-27,Reparado / Garantía Lab,6,8,5.0,211,1
7407217,CVB45.BC,2021-12-30,Reparado / Garantía Lab,7,9,3.0,214,1
7407217,CVB45.BC,2022-01-06,Reparado / Garantía Lab,8,10,7.0,221,1
7407217,CVB45.BC,2022-01-11,Reparado / Garantía Lab,9,11,5.0,226,0
7407217,CVB45.BC,2022-07-27,Reparado / Garantía Lab,0,10,197.0,423,0
7407218,CVB45.BC,2024-10-17,Reparado,0,0,0.0,0,0
7407218,CVB45.BC,2025-08-21,Reparado / Garantía Lab,0,1,308.0,308,0
7407219,CVB45.BC,2021-12-18,Reparado,0,0,0.0,0,0
7407219,CVB45.BC,2022-12-23,Reparado / Garantía Lab,0,0,370.0,370,0
7407219,CVB45.BC,2025-06-12,Reparado / Garantía Lab,0,0,902.0,1272,1
7407219,CVB45.BC,2025-06-17,Reparado / Garantía Lab,1,1,5.0,1277,0
7407219,CVB45.BC,2025-11-26,Reparado / Garantía Lab,2,2,162.0,1439,0
7407220,CVB45.BC,2023-09-06,Reparado,0,0,0.0,0,0
7407221,CVB45.BC,2024-05-22,Reparado,0,0,0.0,0,1
7407221,CVB45.BC,2024-06-06,Reparado / Garantía Lab,1,1,15.0,15,0
7407221,CVB45.BC,2025-11-26,Reparado / Garantía Lab,0,0,538.0,553,0
7407222,CVB45.BC,2025-03-20,Reparado / Garantía Lab,0,0,0.0,0,1
7407222,CVB45.BC,2025-03-24,Reparado / Garantía Lab,1,1,4.0,4,1
7407222,CVB45.BC,2025-04-22,Reparado / Garantía Lab,2,2,29.0,33,0
7407223,CVB45.BC,2021-07-31,Reparado,0,0,0.0,0,0
7407223,CVB45.BC,2025-08-06,Reparado / Garantía Lab,0,0,1467.0,1467,0
7407225,CVB45.BC,2023-11-30,Reparado,0,0,0.0,0,0
7407225,CVB45.BC,2025-10-02,Reparado / Garantía Lab,0,0,672.0,672,0
7407226,CVB45.BC,2025-06-10,Reparado,0,0,0.0,0,0
7407228,CVB45.BC,2021-01-29,POD,0,0,0.0,0,0
7407228,CVB45.BC,2021-01-29,POD Reparado,0,0,0.0,0,0
7407228,CVB45.BC,2023-03-22,Reparado / Garantía Lab,0,0,782.0,782,0
7407228,CVB45.BC,2024-07-23,Reparado / Garantía Lab,0,0,489.0,1271,0
7407228,CVB45.BC,2025-10-20,Reparado / Garantía Lab,0,0,454.0,1725,0
7407229,CVB45.BC,2021-11-12,Reparado,0,0,0.0,0,0
7407229,CVB45.BC,2022-12-12,Reparado / Garantía Lab,0,0,395.0,395,1
7407229,CVB45.BC,2022-12-21,Reparado,1,1,9.0,404,0
7407231,CVB45.BC,2022-07-07,Reparado,0,0,0.0,0,1
7407231,CVB45.BC,2022-07-26,Reparado / Garantía Lab,1,1,19.0,19,0
7407231,CVB45.BC,2025-01-23,Reparado / Garantía Lab,0,0,912.0,931,0
7407231,CVB45.BC,2025-11-07,Reparado / Garantía Lab,0,1,288.0,1219,0
7407233,CVB45.BC,2025-12-04,Proceso,0,0,0.0,0,0
7407234,CVB45.BC,2022-07-15,Reparado,0,0,0.0,0,0
7407234,CVB45.BC,2022-10-29,Reparado / Garantía Lab,1,1,106.0,106,0
7407237,CVB45.BC,2020-12-16,Reparado / Garantía Lab,0,0,0.0,0,1
7407237,CVB45.BC,2021-01-12,Reparado / Garantía Lab,1,1,27.0,27,0
7407237,CVB45.BC,2022-04-19,Reparado / Garantía Lab,0,0,462.0,489,0
7407237,CVB45.BC,2022-06-06,Reparado / Garantía Lab,1,1,48.0,537,0
7407237,CVB45.BC,2023-08-07,Reparado / Garantía Lab,0,0,427.0,964,0
7407237,CVB45.BC,2024-07-05,POD Reparado,0,1,333.0,1297,0
7407237,CVB45.BC,2025-05-06,Reparado / Garantía Lab,0,1,305.0,1602,1
7407237,CVB45.BC,2025-05-08,Reparado / Garantía Lab,1,2,2.0,1604,0
7407237,CVB45.BC,2025-06-24,Reparado / Garantía Lab,2,3,47.0,1651,1
7407237,CVB45.BC,2025-07-10,Reparado / Garantía Lab,3,3,16.0,1667,1
7407237,CVB45.BC,2025-07-15,Reparado / Garantía Lab,4,4,5.0,1672,1
7407237,CVB45.BC,2025-07-28,Reparado / Garantía Lab,5,5,13.0,1685,0
7407238,CVB45.BC,2024-11-11,Reparado,0,0,0.0,0,0
7407239,CVB45.BC,2024-09-03,Reparado,0,0,0.0,0,1
7407239,CVB45.BC,2024-09-05,Reparado / Garantía Lab,1,1,2.0,2,1
7407239,CVB45.BC,2024-09-17,Reparado / Garantía Lab,2,2,12.0,14,1
7407239,CVB45.BC,2024-10-07,Reparado / Garantía Lab,3,3,20.0,34,1
7407239,CVB45.BC,2024-10-24,Reparado / Garantía Lab,4,4,17.0,51,1
7407239,CVB45.BC,2024-11-19,Reparado / Garantía Lab,5,5,26.0,77,1
7407239,CVB45.BC,2024-11-22,Reparado / Garantía Lab,6,6,3.0,80,0
7407239,CVB45.BC,2025-01-02,Reparado / Garantía Lab,7,7,41.0,121,0
7407239,CVB45.BC,2025-08-12,Reparado / Garantía Lab,0,8,222.0,343,1
7407239,CVB45.BC,2025-08-27,Reparado / Garantía Lab,1,9,15.0,358,0
7407239,CVB45.BC,2025-10-27,Reparado / Garantía Lab,2,5,61.0,419,1
7407239,CVB45.BC,2025-10-30,Reparado / Garantía Lab,3,6,3.0,422,0
7407240,CVB45.BC,2024-01-08,Reparado,0,0,0.0,0,0
7407242,CVB45.BC,2020-11-25,Reparado / Garantía Lab,0,0,0.0,0,0
7407242,CVB45.BC,2021-01-12,Reparado / Garantía Lab,1,1,48.0,48,0
7407242,CVB45.BC,2021-08-12,Reparado / Garantía Lab,0,2,212.0,260,0
7407242,CVB45.BC,2022-06-27,Reparado / Garantía Lab,0,1,319.0,579,0
7407243,CVB45.BC,2023-10-25,Reparado,0,0,0.0,0,0
7407245,CVB45.BC,2021-10-14,Reparado,0,0,0.0,0,0
7407245,CVB45.BC,2022-04-26,Reparado / Garantía Lab,0,1,194.0,194,1
7407245,CVB45.BC,2022-04-29,Reparado / Garantía Lab,1,2,3.0,197,0
7407246,CVB45.BC,2023-06-29,Reparado,0,0,0.0,0,0
7407246,CVB45.BC,2024-04-06,Reparado / Garantía Lab,0,1,282.0,282,0
7407247,CVB45.BC,2023-10-18,Reparado,0,0,0.0,0,0
7407247,CVB45.BC,2024-12-17,Reparado / Garantía Lab,0,0,426.0,426,0
7407248,CVB45.BC,2023-10-12,Reparado,0,0,0.0,0,0
7407248,CVB45.BC,2024-08-12,Reparado / Garantía Lab,0,1,305.0,305,0
7407249,CVB45.BC,2025-08-06,Reparado,0,0,0.0,0,0
7407250,CVB45.BC,2021-03-03,Reparado,0,0,0.0,0,0
7407250,CVB45.BC,2024-04-29,Reparado / Garantía Lab,0,0,1153.0,1153,0
7407252,CVB45.BC,2024-05-03,Reparado,0,0,0.0,0,1
7407252,CVB45.BC,2024-05-10,Reparado / Garantía Lab,1,1,7.0,7,0
7407253,CVB45.BC,2022-09-06,Reparado,0,0,0.0,0,0
7407253,CVB45.BC,2024-08-28,Reparado / Garantía Lab,0,0,722.0,722,0
7407254,CVB45.BC,2025-05-20,Reparado,0,0,0.0,0,0
7407254,CVB45.BC,2025-09-11,Reparado / Garantía Lab,1,1,114.0,114,0
7407255,CVB45.BC,2025-09-05,Reparado,0,0,0.0,0,1
7407255,CVB45.BC,2025-09-23,Reparado / Garantía Lab,1,1,18.0,18,0
7407256,CVB45.BC,2022-10-22,Reparado,0,0,0.0,0,0
7407256,CVB45.BC,2022-11-25,Reparado / Garantía Lab,1,1,34.0,34,0
7407257,CVB45.BC,2021-09-29,Reparado,0,0,0.0,0,0
7407257,CVB45.BC,2022-06-17,Reparado / Garantía Lab,0,1,261.0,261,0
7407257,CVB45.BC,2025-12-05,Proceso,0,0,1267.0,1528,0
7407261,CVB45.BC,2021-01-27,Reparado,0,0,0.0,0,0
7407262,CVB45.BC,2025-04-29,Reparado,0,0,0.0,0,1
7407262,CVB45.BC,2025-05-06,Reparado / Garantía Lab,1,1,7.0,7,0
7407262,CVB45.BC,2025-07-10,Reparado / Garantía Lab,2,2,65.0,72,0
7407263,CVB45.BC,2025-09-05,Reparado,0,0,0.0,0,0
7407264,CVB45.BC,2025-07-21,Reparado / Garantía Lab,0,0,0.0,0,1
7407264,CVB45.BC,2025-07-28,Reparado / Garantía Lab,1,1,7.0,7,1
7407264,CVB45.BC,2025-07-30,Reparado / Garantía Lab,2,2,2.0,9,0
7407267,CVB45.BC,2023-09-28,Reparado,0,0,0.0,0,0
7407267,CVB45.BC,2024-09-23,Reparado / Garantía Lab,0,1,361.0,361,0
7407267,CVB45.BC,2025-07-23,Reparado / Garantía Lab,0,1,303.0,664,0
7407268,CVB45.BC,2020-12-03,Reparado,0,0,0.0,0,0
7407269,CVB45.BC,2021-01-12,Reparado / Garantía Lab,0,0,0.0,0,1
7407269,CVB45.BC,2021-01-26,Reparado / Garantía Lab,1,1,14.0,14,0
7407271,CVB45.BC,2023-12-05,Reparado,0,0,0.0,0,0
7407272,CVB45.BC,2024-04-16,Reparado,0,0,0.0,0,0
7407274,CVB45.BC,2023-05-30,Reparado,0,0,0.0,0,0
7407274,CVB45.BC,2025-10-09,Reparado / Garantía Lab,0,0,863.0,863,0
7407279,CVB45.BC,2025-09-24,Reparado,0,0,0.0,0,0
7407281,CVB45.BC,2023-06-28,Reparado,0,0,0.0,0,0
7407282,CVB45.BC,2020-12-16,Reparado / Garantía Lab,0,0,0.0,0,1
7407282,CVB45.BC,2021-01-12,Reparado / Garantía Lab,1,1,27.0,27,0
7407282,CVB45.BC,2021-04-07,Reparado / Garantía Lab,2,2,85.0,112,0
7407282,CVB45.BC,2022-11-29,Reparado / Garantía Lab,0,0,601.0,713,1
7407282,CVB45.BC,2022-12-09,Reparado / Garantía Lab,1,1,10.0,723,0
7407284,CVB45.BC,2023-11-07,Reparado,0,0,0.0,0,0
7407285,CVB45.BC,2024-05-10,Reparado,0,0,0.0,0,0
7407285,CVB45.BC,2024-12-18,Reparado / Garantía Lab,0,1,222.0,222,0
7407286,CVB45.BC,2023-09-23,Reparado,0,0,0.0,0,0
7407287,CVB45.BC,2021-11-20,Reparado,0,0,0.0,0,0
7407287,CVB45.BC,2022-06-15,Reparado / Garantía Lab,0,1,207.0,207,0
7407287,CVB45.BC,2022-10-12,Reparado / Garantía Lab,1,2,119.0,326,0
7407287,CVB45.BC,2024-07-23,Reparado / Garantía Lab,0,0,650.0,976,0
7407287,CVB45.BC,2025-10-22,Reparado / Garantía Lab,0,0,456.0,1432,1
7407287,CVB45.BC,2025-10-27,Reparado / Garantía Lab,1,1,5.0,1437,0
7407288,CVB45.BC,2022-12-14,Reparado,0,0,0.0,0,0
7407289,CVB45.BC,2021-09-13,Reparado,0,0,0.0,0,1
7407289,CVB45.BC,2021-09-21,Reparado / Garantía Lab,1,1,8.0,8,0
7407289,CVB45.BC,2023-10-26,Reparado / Garantía Lab,0,0,765.0,773,1
7407289,CVB45.BC,2023-11-03,Reparado / Garantía Lab,1,1,8.0,781,0
7407289,CVB45.BC,2024-09-11,Reparado,0,2,313.0,1094,1
7407289,CVB45.BC,2024-10-11,Reparado / Garantía Lab,1,3,30.0,1124,0
7407289,CVB45.BC,2024-11-27,Reparado / Garantía Lab,2,2,47.0,1171,0
7407289,CVB45.BC,2025-04-29,Reparado / Garantía Lab,1,3,153.0,1324,0
7407290,CVB45.BC,2023-11-06,Reparado,0,0,0.0,0,0
7407290,CVB45.BC,2025-11-27,Reparado / Garantía Lab,0,0,752.0,752,0
7407291,CVB45.BC,2023-10-06,Reparado,0,0,0.0,0,0
7407291,CVB45.BC,2025-08-22,Reparado / Garantía Lab,0,0,686.0,686,0
7407292,CVB45.BC,2021-06-24,POD,0,0,0.0,0,0
7407292,CVB45.BC,2021-06-24,POD Reparado,0,0,0.0,0,0
7407292,CVB45.BC,2024-08-30,Reparado / Garantía Lab,0,0,1163.0,1163,0
7407292,CVB45.BC,2025-07-23,Reparado / Garantía Lab,0,1,327.0,1490,0
7407293,CVB45.BC,2024-05-28,Reparado,0,0,0.0,0,0
7407294,CVB45.BC,2020-12-30,Reparado / Garantía Lab,0,0,0.0,0,1
7407294,CVB45.BC,2021-01-12,Reparado / Garantía Lab,1,1,13.0,13,0
7407294,CVB45.BC,2021-04-08,Reparado / Garantía Lab,2,2,86.0,99,0
7407294,CVB45.BC,2021-05-14,Reparado / Garantía Lab,3,3,36.0,135,0
7407296,CVB45.BC,2020-12-11,Reparado,0,0,0.0,0,0
7407296,CVB45.BC,2021-02-12,Reparado / Garantía Lab,1,1,63.0,63,0
7407296,CVB45.BC,2022-03-10,Reparado / Garantía Lab,0,0,391.0,454,1
7407296,CVB45.BC,2022-03-29,Reparado / Garantía Lab,1,1,19.0,473,1
7407296,CVB45.BC,2022-04-18,Reparado / Garantía Lab,2,2,20.0,493,0
7407296,CVB45.BC,2022-06-08,Reparado / Garantía Lab,3,3,51.0,544,1
7407296,CVB45.BC,2022-06-15,Reparado / Garantía Lab,4,4,7.0,551,0
7407296,CVB45.BC,2022-10-28,Reparado / Garantía Lab,2,5,135.0,686,0
7407297,CVB45.BC,2022-11-21,Reparado,0,0,0.0,0,0
7407297,CVB45.BC,2025-07-02,Reparado / Garantía Lab,0,0,954.0,954,0
7407299,CVB45.BC,2022-10-24,Reparado,0,0,0.0,0,0
7407299,CVB45.BC,2023-06-16,Reparado / Garantía Lab,0,1,235.0,235,0
7407301,CVB45.BC,2023-12-06,Reparado,0,0,0.0,0,0
7407302,CVB45.BC,2025-02-24,POD Reparado,0,0,0.0,0,0
7407303,CVB45.BC,2022-12-06,Reparado,0,0,0.0,0,0
7407304,CVB45.BC,2021-11-19,Reparado,0,0,0.0,0,0
7407304,CVB45.BC,2022-01-13,Reparado / Garantía Lab,1,1,55.0,55,0
7407305,CVB45.BC,2024-04-08,Reparado,0,0,0.0,0,0
7407306,CVB45.BC,2025-10-27,Reparado,0,0,0.0,0,0
7407307,CVB45.BC,2024-03-07,Reparado,0,0,0.0,0,0
7407310,CVB45.BC,2023-06-15,Reparado / Garantía Lab,0,0,0.0,0,0
7407310,CVB45.BC,2023-10-23,Reparado / Garantía Lab,1,1,130.0,130,0
7407310,CVB45.BC,2025-10-20,Reparado / Garantía Lab,0,0,728.0,858,0
7407314,CVB45.BC,2025-11-13,Reparado,0,0,0.0,0,0
7407315,CVB45.BC,2021-07-25,Reparado,0,0,0.0,0,0
7407315,CVB45.BC,2025-07-22,Reparado / Garantía Lab,0,0,1458.0,1458,0
7407317,CVB45.BC,2022-05-19,POD Reparado,0,0,0.0,0,0
7407318,CVB45.BC,2025-09-09,Reparado,0,0,0.0,0,0
7407319,CVB45.BC,2022-06-22,POD Reparado,0,0,0.0,0,0
7407319,CVB45.BC,2023-05-23,Reparado / Garantía Lab,0,1,335.0,335,0
7407319,CVB45.BC,2024-09-12,Reparado / Garantía Lab,0,0,478.0,813,0
7407319,CVB45.BC,2024-11-08,Reparado / Garantía Lab,1,1,57.0,870,0
7407320,CVB45.BC,2020-12-16,Reparado,0,0,0.0,0,1
7407320,CVB45.BC,2020-12-22,Reparado,1,1,6.0,6,0
7407320,CVB45.BC,2024-10-10,Reparado / Garantía Lab,0,0,1388.0,1394,0
7407321,CVB45.BC,2024-12-31,Reparado,0,0,0.0,0,0
7407324,CVB45.BC,2022-04-04,Reparado,0,0,0.0,0,0
7407325,CVB45.BC,2023-07-21,Reparado,0,0,0.0,0,0
7407326,CVB45.BC,2022-04-01,Reparado,0,0,0.0,0,0
7407326,CVB45.BC,2025-09-09,Reparado / Garantía Lab,0,0,1257.0,1257,0
7407327,CVB45.BC,2023-09-08,Reparado,0,0,0.0,0,0
7407328,CVB45.BC,2021-10-24,Reparado,0,0,0.0,0,0
7407328,CVB45.BC,2025-07-28,Reparado / Garantía Lab,0,0,1373.0,1373,0
7407331,CVB45.BC,2021-10-02,Reparado,0,0,0.0,0,0
7407332,CVB45.BC,2025-08-22,Reparado / Garantía Lab,0,0,0.0,0,1
7407332,CVB45.BC,2025-08-29,Reparado / Garantía Lab,1,1,7.0,7,0
7407333,CVB45.BC,2022-03-01,Reparado,0,0,0.0,0,0
7407334,CVB45.BC,2021-02-24,Reparado,0,0,0.0,0,0
7407335,CVB45.BC,2025-10-20,Reparado,0,0,0.0,0,0
7407338,CVB45.BC,2025-11-25,Reparado / Garantía Lab,0,0,0.0,0,0
7407339,CVB45.BC,2023-08-11,Reparado,0,0,0.0,0,0
7407339,CVB45.BC,2025-09-30,Reparado / Garantía Lab,0,0,781.0,781,1
7407339,CVB45.BC,2025-10-08,Reparado / Garantía Lab,1,1,8.0,789,0
7407340,CVB45.BC,2024-05-20,Reparado,0,0,0.0,0,0
7407340,CVB45.BC,2025-09-05,Reparado / Garantía Lab,0,0,473.0,473,0
7407342,CVB45.BC,2025-07-18,Reparado,0,0,0.0,0,0
7407342,CVB45.BC,2025-10-20,Reparado / Garantía Lab,1,1,94.0,94,0
7407344,CVB45.BC,2021-03-21,Reparado,0,0,0.0,0,0
7407344,CVB45.BC,2021-04-29,Reparado / Garantía Lab,1,1,39.0,39,0
7407344,CVB45.BC,2021-09-02,Reparado / Garantía Lab,2,2,126.0,165,0
7407344,CVB45.BC,2022-03-15,Reparado / Garantía Lab,0,3,194.0,359,1
7407344,CVB45.BC,2022-03-21,Reparado / Garantía Lab,1,4,6.0,365,0
7407344,CVB45.BC,2022-05-19,Reparado / Garantía Lab,2,3,59.0,424,0
7407346,CVB45.BC,2023-06-15,Reparado,0,0,0.0,0,1
7407346,CVB45.BC,2023-06-20,Reparado / Garantía Lab,1,1,5.0,5,0
7407346,CVB45.BC,2025-08-25,Reparado / Garantía Lab,0,0,797.0,802,0
7407347,CVB45.BC,2023-10-17,Reparado,0,0,0.0,0,0
7407348,CVB45.BC,2022-10-24,Reparado,0,0,0.0,0,1
7407348,CVB45.BC,2022-11-15,Reparado / Garantía Lab,1,1,22.0,22,0
7407348,CVB45.BC,2025-09-16,Reparado / Garantía Lab,0,0,1036.0,1058,0
7407350,CVB45.BC,2024-04-30,Reparado,0,0,0.0,0,0
7407354,CVB45.BC,2022-06-09,Reparado,0,0,0.0,0,0
7407355,CVB45.BC,2025-08-21,Reparado,0,0,0.0,0,0
7407357,CVB45.BC,2022-07-26,Reparado,0,0,0.0,0,0
7407358,CVB45.BC,2025-11-25,Reparado / Garantía Lab,0,0,0.0,0,0
7407359,CVB45.BC,2023-06-14,Reparado,0,0,0.0,0,0
7407361,CVB45.BC,2021-03-03,Reparado,0,0,0.0,0,0
7407362,CVB45.BC,2023-08-31,Reparado,0,0,0.0,0,0
7407363,CVB45.BC,2023-09-12,Reparado,0,0,0.0,0,0
7407363,CVB45.BC,2024-11-15,Reparado / Garantía Lab,0,0,430.0,430,0
7407363,CVB45.BC,2025-01-22,Reparado / Garantía Lab,1,1,68.0,498,1
7407363,CVB45.BC,2025-02-06,Reparado / Garantía Lab,2,2,15.0,513,1
7407363,CVB45.BC,2025-02-17,Reparado / Garantía Lab,3,3,11.0,524,0
7407364,CVB45.BC,2020-11-25,Reparado,0,0,0.0,0,0
7407365,CVB45.BC,2023-10-14,Reparado,0,0,0.0,0,0
7407365,CVB45.BC,2024-07-01,Reparado / Garantía Lab,0,1,261.0,261,0
7407368,CVB45.BC,2025-11-28,Reparado / Garantía Lab,0,0,0.0,0,0
7407369,CVB45.BC,2020-12-11,Reparado / Garantía Lab,0,0,0.0,0,0
7407369,CVB45.BC,2021-01-12,Reparado / Garantía Lab,1,1,32.0,32,0
7407370,CVB45.BC,2024-04-23,Reparado,0,0,0.0,0,0
7407371,CVB45.BC,2023-12-04,Reparado,0,0,0.0,0,0
7407372,CVB45.BC,2022-10-22,Reparado,0,0,0.0,0,0
7407373,CVB45.BC,2020-11-03,Reparado,0,0,0.0,0,0
7407373,CVB45.BC,2023-10-20,Reparado / Garantía Lab,0,0,1081.0,1081,0
7407374,CVB45.BC,2024-06-18,Reparado,0,0,0.0,0,0
7407374,CVB45.BC,2025-08-07,Reparado / Garantía Lab,0,0,415.0,415,0
7407374,CVB45.BC,2025-10-20,Reparado / Garantía Lab,1,1,74.0,489,1
7407374,CVB45.BC,2025-10-29,Reparado / Garantía Lab,2,2,9.0,498,0
7407376,CVB45.BC,2023-08-12,Reparado,0,0,0.0,0,0
7407377,CVB45.BC,2023-10-21,Reparado,0,0,0.0,0,0
7407380,CVB45.BC,2021-02-19,Reparado,0,0,0.0,0,0
7407380,CVB45.BC,2024-09-27,Reparado / Garantía Lab,0,0,1316.0,1316,0
7407381,CVB45.BC,2025-11-13,Reparado,0,0,0.0,0,0
7407382,CVB45.BC,2022-11-24,Reparado,0,0,0.0,0,0
7407383,CVB45.BC,2020-12-18,Reparado,0,0,0.0,0,0
7407384,CVB45.BC,2021-11-21,Reparado,0,0,0.0,0,0
7407385,CVB45.BC,2023-03-15,Reparado,0,0,0.0,0,0
7407386,CVB45.BC,2023-10-30,Reparado,0,0,0.0,0,0
7407386,CVB45.BC,2025-08-22,Reparado / Garantía Lab,0,0,662.0,662,0
7407387,CVB45.BC,2022-07-21,Reparado,0,0,0.0,0,0
7407387,CVB45.BC,2025-05-08,Reparado / Garantía Lab,0,0,1022.0,1022,1
7407387,CVB45.BC,2025-06-03,Reparado / Garantía Lab,1,1,26.0,1048,0
7407387,CVB45.BC,2025-09-16,Reparado / Garantía Lab,2,2,105.0,1153,0
7407389,CVB45.BC,2023-10-07,Reparado,0,0,0.0,0,0
7407390,CVB45.BC,2024-05-27,Reparado,0,0,0.0,0,0
7407393,CVB45.BC,2023-11-07,Reparado,0,0,0.0,0,0
7407393,CVB45.BC,2025-09-17,Reparado / Garantía Lab,0,0,680.0,680,0
7407394,CVB45.BC,2021-04-27,Reparado,0,0,0.0,0,0
7407395,CVB45.BC,2020-10-11,Reparado,0,0,0.0,0,0
7407395,CVB45.BC,2020-12-11,Reparado,1,1,61.0,61,0
7407395,CVB45.BC,2022-11-20,Reparado / Garantía Lab,0,0,709.0,770,0
7407396,CVB45.BC,2025-04-24,Reparado,0,0,0.0,0,0
7407397,CVB45.BC,2024-10-02,Reparado,0,0,0.0,0,0
7407399,CVB45.BC,2021-03-04,Reparado,0,0,0.0,0,0
7407401,CVB45.BC,2024-08-14,POD Reparado,0,0,0.0,0,1
7407401,CVB45.BC,2024-08-19,Reparado / Garantía Lab,1,1,5.0,5,0
7407402,CVB45.BC,2022-01-22,Reparado,0,0,0.0,0,0
7407403,CVB45.BC,2023-11-30,POD Reparado,0,0,0.0,0,0
7407404,CVB45.BC,2021-09-08,Reparado,0,0,0.0,0,0
7407404,CVB45.BC,2021-12-10,Reparado / Garantía Lab,1,1,93.0,93,0
7407404,CVB45.BC,2024-08-07,Reparado / Garantía Lab,0,0,971.0,1064,0
7407405,CVB45.BC,2021-11-18,Reparado,0,0,0.0,0,0
7407407,CVB45.BC,2021-07-24,Reparado,0,0,0.0,0,0
7407407,CVB45.BC,2023-04-18,Reparado / Garantía Lab,0,0,633.0,633,0
7407408,CVB45.BC,2022-10-22,Reparado,0,0,0.0,0,0
7407408,CVB45.BC,2022-11-23,Reparado / Garantía Lab,1,1,32.0,32,0
7407410,CVB45.BC,2022-10-05,Reparado,0,0,0.0,0,0
7407410,CVB45.BC,2023-09-03,Reparado / Garantía Lab,0,1,333.0,333,0
7407411,CVB45.BC,2025-12-02,Reparado / Garantía Lab,0,0,0.0,0,1
7407411,CVB45.BC,2025-12-04,Proceso,1,1,2.0,2,0
7407412,CVB45.BC,2022-02-26,Reparado,0,0,0.0,0,0
7407412,CVB45.BC,2023-10-24,Reparado / Garantía Lab,0,0,605.0,605,0
7407412,CVB45.BC,2025-09-16,Reparado / Garantía Lab,0,0,693.0,1298,0
7407413,CVB45.BC,2021-09-02,Reparado,0,0,0.0,0,0
7407414,CVB45.BC,2025-08-04,Reparado,0,0,0.0,0,0
7407415,CVB45.BC,2022-02-24,Reparado,0,0,0.0,0,0
7407415,CVB45.BC,2022-12-03,Reparado / Garantía Lab,0,1,282.0,282,0
7407415,CVB45.BC,2024-07-10,Reparado / Garantía Lab,0,0,585.0,867,0
7407415,CVB45.BC,2025-08-12,Reparado / Garantía Lab,0,0,398.0,1265,0
7407416,CVB45.BC,2022-07-30,Reparado,0,0,0.0,0,0
7407416,CVB45.BC,2023-10-04,Reparado / Garantía Lab,0,0,431.0,431,0
7407418,CVB45.BC,2022-05-23,Reparado,0,0,0.0,0,0
7407418,CVB45.BC,2022-08-16,Reparado / Garantía Lab,1,1,85.0,85,0
7407418,CVB45.BC,2024-07-10,Reparado / Garantía Lab,0,0,694.0,779,0
7407418,CVB45.BC,2025-01-22,Reparado / Garantía Lab,0,1,196.0,975,0
7407418,CVB45.BC,2025-11-26,Reparado / Garantía Lab,0,1,308.0,1283,0
7407419,CVB45.BC,2023-06-03,Reparado,0,0,0.0,0,0
7407421,CVB45.BC,2021-03-28,Reparado,0,0,0.0,0,0
7407422,CVB45.BC,2023-10-14,Reparado,0,0,0.0,0,0
7407422,CVB45.BC,2024-08-07,Reparado / Garantía Lab,0,1,298.0,298,0
7407422,CVB45.BC,2025-08-04,Reparado / Garantía Lab,0,1,362.0,660,1
7407422,CVB45.BC,2025-08-07,Reparado / Garantía Lab,1,2,3.0,663,0
7407423,CVB45.BC,2022-07-01,Reparado,0,0,0.0,0,0
7407424,CVB45.BC,2024-10-17,Reparado,0,0,0.0,0,0
7407425,CVB45.BC,2025-08-13,Reparado,0,0,0.0,0,0
7407426,CVB45.BC,2024-06-12,Reparado,0,0,0.0,0,0
7407427,CVB45.BC,2022-11-19,Reparado,0,0,0.0,0,0
7407427,CVB45.BC,2025-08-05,POD Reparado,0,0,990.0,990,0
7407428,CVB45.BC,2023-07-04,Reparado,0,0,0.0,0,0
7407428,CVB45.BC,2023-09-25,Reparado / Garantía Lab,1,1,83.0,83,0
7407429,CVB45.BC,2024-08-12,Reparado,0,0,0.0,0,0
7407431,CVB45.BC,2022-12-04,Reparado,0,0,0.0,0,1
7407431,CVB45.BC,2022-12-12,Reparado / Garantía Lab,1,1,8.0,8,0
7407431,CVB45.BC,2025-04-02,Reparado / Garantía Lab,0,0,842.0,850,0
7407431,CVB45.BC,2025-05-08,Reparado / Garantía Lab,1,1,36.0,886,0
7407433,CVB45.BC,2022-12-04,Reparado,0,0,0.0,0,1
7407433,CVB45.BC,2022-12-12,Reparado / Garantía Lab,1,1,8.0,8,0
7407434,CVB45.BC,2021-02-17,Reparado,0,0,0.0,0,0
7407434,CVB45.BC,2021-07-20,Reparado / Garantía Lab,1,1,153.0,153,0
7407434,CVB45.BC,2022-07-21,Reparado / Garantía Lab,0,0,366.0,519,0
7407434,CVB45.BC,2024-08-23,POD Reparado,0,0,764.0,1283,1
7407434,CVB45.BC,2024-08-28,Reparado / Garantía Lab,1,1,5.0,1288,0
7407435,CVB45.BC,2020-11-25,Reparado / Garantía Lab,0,0,0.0,0,0
7407435,CVB45.BC,2021-01-12,Reparado / Garantía Lab,1,1,48.0,48,0
7407435,CVB45.BC,2021-06-18,Reparado / Garantía Lab,1,2,157.0,205,1
7407435,CVB45.BC,2021-06-30,Reparado / Garantía Lab,2,3,12.0,217,0
7407435,CVB45.BC,2021-12-27,Reparado / Garantía Lab,1,3,180.0,397,1
7407435,CVB45.BC,2022-01-06,Reparado / Garantía Lab,1,4,10.0,407,0
7407435,CVB45.BC,2022-02-26,Reparado / Garantía Lab,2,4,51.0,458,1
7407435,CVB45.BC,2022-03-04,Reparado / Garantía Lab,3,5,6.0,464,0
7407435,CVB45.BC,2023-07-07,Reparado / Garantía Lab,0,0,490.0,954,0
7407435,CVB45.BC,2025-09-11,Reparado / Garantía Lab,0,0,797.0,1751,0
7407436,CVB45.BC,2021-01-05,Reparado,0,0,0.0,0,0
7407436,CVB45.BC,2022-01-17,Reparado / Garantía Lab,0,0,377.0,377,1
7407436,CVB45.BC,2022-01-20,Reparado / Garantía Lab,1,1,3.0,380,0
7407436,CVB45.BC,2024-10-15,Reparado / Garantía Lab,0,0,999.0,1379,0
7407437,CVB45.BC,2022-07-22,Reparado,0,0,0.0,0,0
7407437,CVB45.BC,2022-11-08,Reparado / Garantía Lab,1,1,109.0,109,0
7407439,CVB45.BC,2021-08-26,Reparado,0,0,0.0,0,0
7407440,CVB45.BC,2022-10-15,Reparado,0,0,0.0,0,0
7407440,CVB45.BC,2022-11-15,Reparado / Garantía Lab,1,1,31.0,31,0
7407440,CVB45.BC,2024-09-17,Reparado / Garantía Lab,0,0,672.0,703,0
7407441,CVB45.BC,2021-07-30,Reparado,0,0,0.0,0,0
7407441,CVB45.BC,2021-10-07,Reparado / Garantía Lab,1,1,69.0,69,0
7407441,CVB45.BC,2025-11-13,Reparado / Garantía Lab,0,0,1498.0,1567,0
7407442,CVB45.BC,2021-03-13,Reparado,0,0,0.0,0,0
7407442,CVB45.BC,2023-08-31,Reparado / Garantía Lab,0,0,901.0,901,0
7407443,CVB45.BC,2022-03-01,Reparado,0,0,0.0,0,0
7407443,CVB45.BC,2024-09-04,Reparado / Garantía Lab,0,0,918.0,918,0
7407443,CVB45.BC,2025-10-10,Reparado / Garantía Lab,0,0,401.0,1319,0
7407444,CVB45.BC,2021-10-05,Reparado,0,0,0.0,0,0
7407444,CVB45.BC,2025-09-08,Reparado / Garantía Lab,0,0,1434.0,1434,0
7407445,CVB45.BC,2022-09-13,Reparado,0,0,0.0,0,0
7407445,CVB45.BC,2025-11-21,PoD Pendiente,0,0,1165.0,1165,0
7407446,CVB45.BC,2024-05-15,Reparado,0,0,0.0,0,0
7407448,CVB45.BC,2024-09-04,POD Reparado,0,0,0.0,0,0
7407450,CVB45.BC,2022-10-22,Reparado,0,0,0.0,0,0
7407451,CVB45.BC,2023-10-12,Reparado,0,0,0.0,0,0
7407453,CVB45.BC,2023-06-06,Reparado,0,0,0.0,0,0
7407453,CVB45.BC,2025-05-06,Reparado / Garantía Lab,0,0,700.0,700,0
7407455,CVB45.BC,2020-12-18,Reparado,0,0,0.0,0,0
7407456,CVB45.BC,2023-12-12,Reparado,0,0,0.0,0,0
7407456,CVB45.BC,2024-05-27,Reparado / Garantía Lab,1,1,167.0,167,0
7407457,CVB45.BC,2025-11-17,Reparado / Garantía Lab,0,0,0.0,0,1
7407457,CVB45.BC,2025-11-19,Reparado / Garantía Lab,1,1,2.0,2,0
7407458,CVB45.BC,2022-08-08,Reparado,0,0,0.0,0,0
7407460,CVB45.BC,2021-04-01,Reparado,0,0,0.0,0,1
7407460,CVB45.BC,2021-04-28,Reparado / Garantía Lab,1,1,27.0,27,0
7407460,CVB45.BC,2024-06-21,Reparado / Garantía Lab,0,0,1150.0,1177,1
7407460,CVB45.BC,2024-06-26,Reparado / Garantía Lab,1,1,5.0,1182,0
7407460,CVB45.BC,2024-08-09,Reparado / Garantía Lab,2,2,44.0,1226,0
7407462,CVB45.BC,2022-04-14,Reparado,0,0,0.0,0,0
7407464,CVB45.BC,2021-06-18,Reparado,0,0,0.0,0,0
7407465,CVB45.BC,2023-07-04,Reparado,0,0,0.0,0,0
7407465,CVB45.BC,2025-08-07,Reparado / Garantía Lab,0,0,765.0,765,0
7407466,CVB45.BC,2023-11-07,Reparado,0,0,0.0,0,0
7407467,CVB45.BC,2022-01-18,Reparado,0,0,0.0,0,0
7407468,CVB45.BC,2024-08-07,POD Reparado,0,0,0.0,0,0
7407469,CVB45.BC,2022-11-10,Reparado,0,0,0.0,0,0
7407469,CVB45.BC,2022-12-14,Reparado / Garantía Lab,1,1,34.0,34,0
7407470,CVB45.BC,2023-06-08,Reparado,0,0,0.0,0,0
7407470,CVB45.BC,2025-05-28,Reparado / Garantía Lab,0,0,720.0,720,0
7407473,CVB45.BC,2023-06-03,Reparado,0,0,0.0,0,0
7407474,CVB45.BC,2024-02-16,Reparado,0,0,0.0,0,0
7407475,CVB45.BC,2021-02-24,Reparado,0,0,0.0,0,0
7407476,CVB45.BC,2021-08-17,Reparado,0,0,0.0,0,0
7407477,CVB45.BC,2023-09-19,Reparado / Garantía Lab,0,0,0.0,0,1
7407477,CVB45.BC,2023-10-14,Reparado / Garantía Lab,1,1,25.0,25,0
7407478,CVB45.BC,2023-06-29,Reparado,0,0,0.0,0,0
7407479,CVB45.BC,2024-09-04,Reparado,0,0,0.0,0,1
7407479,CVB45.BC,2024-09-24,Reparado / Garantía Lab,1,1,20.0,20,0
7407479,CVB45.BC,2025-05-02,Reparado / Garantía Lab,0,2,220.0,240,0
7407480,CVB45.BC,2024-10-03,Reparado,0,0,0.0,0,0
7407481,CVB45.BC,2022-04-28,Reparado,0,0,0.0,0,0
7407482,CVB45.BC,2021-09-29,Reparado,0,0,0.0,0,0
7407483,CVB45.BC,2021-01-29,Reparado,0,0,0.0,0,0
7407483,CVB45.BC,2023-10-30,Reparado / Garantía Lab,0,0,1004.0,1004,1
7407483,CVB45.BC,2023-11-03,Reparado / Garantía Lab,1,1,4.0,1008,0
7407484,CVB45.BC,2021-11-13,Reparado,0,0,0.0,0,0
7407486,CVB45.BC,2024-08-12,Reparado,0,0,0.0,0,0
7407487,CVB45.BC,2022-09-13,Reparado,0,0,0.0,0,1
7407487,CVB45.BC,2022-09-20,Reparado / Garantía Lab,1,1,7.0,7,0
7407487,CVB45.BC,2025-10-02,POD Reparado,0,0,1108.0,1115,0
7407488,CVB45.BC,2022-10-13,Reparado,0,0,0.0,0,0
7407488,CVB45.BC,2025-08-22,Reparado / Garantía Lab,0,0,1044.0,1044,0
7407489,CVB45.BC,2021-04-21,Reparado,0,0,0.0,0,1
7407489,CVB45.BC,2021-05-17,Reparado / Garantía Lab,1,1,26.0,26,0
7407490,CVB45.BC,2021-09-07,Reparado,0,0,0.0,0,0
7407491,CVB45.BC,2021-10-06,Reparado,0,0,0.0,0,0
7407492,CVB45.BC,2021-07-19,Reparado,0,0,0.0,0,0
7407493,CVB45.BC,2022-09-29,Reparado,0,0,0.0,0,0
7407493,CVB45.BC,2023-10-24,Reparado / Garantía Lab,0,0,390.0,390,0
7407495,CVB45.BC,2021-01-20,Reparado,0,0,0.0,0,0
7407495,CVB45.BC,2024-05-27,Reparado / Garantía Lab,0,0,1223.0,1223,0
7407497,CVB45.BC,2025-06-09,Reparado,0,0,0.0,0,0
7407498,CVB45.BC,2021-10-25,Reparado,0,0,0.0,0,0
7407499,CVB45.BC,2023-06-05,Reparado,0,0,0.0,0,0
7407501,CVB45.BC,2021-04-22,Reparado,0,0,0.0,0,1
7407501,CVB45.BC,2021-05-08,Reparado / Garantía Lab,1,1,16.0,16,1
7407501,CVB45.BC,2021-05-27,Reparado / Garantía Lab,2,2,19.0,35,0
7407501,CVB45.BC,2022-03-14,Reparado / Garantía Lab,0,3,291.0,326,0
7407501,CVB45.BC,2022-06-20,Reparado / Garantía Lab,1,1,98.0,424,0
7407501,CVB45.BC,2022-07-30,Reparado / Garantía Lab,2,2,40.0,464,0
7407501,CVB45.BC,2022-10-19,Reparado / Garantía Lab,2,3,81.0,545,1
7407501,CVB45.BC,2022-10-20,Reparado / Garantía Lab,3,4,1.0,546,1
7407501,CVB45.BC,2022-10-24,Reparado / Garantía Lab,4,5,4.0,550,0
7407502,CVB45.BC,2021-01-04,Reparado,0,0,0.0,0,0
7407502,CVB45.BC,2021-03-08,Reparado / Garantía Lab,1,1,63.0,63,0
7407503,CVB45.BC,2025-09-05,Reparado,0,0,0.0,0,0
7407504,CVB45.BC,2025-07-14,Reparado,0,0,0.0,0,0
7407505,CVB45.BC,2023-05-30,Reparado,0,0,0.0,0,0
7407505,CVB45.BC,2025-11-26,Reparado / Garantía Lab,0,0,911.0,911,0
7407506,CVB45.BC,2021-05-25,Reparado,0,0,0.0,0,0
7407508,CVB45.BC,2023-09-04,Reparado,0,0,0.0,0,0
7407508,CVB45.BC,2024-08-12,Reparado / Garantía Lab,0,1,343.0,343,0
7407509,CVB45.BC,2022-07-06,Reparado,0,0,0.0,0,0
7407509,CVB45.BC,2023-03-08,Reparado,0,1,245.0,245,0
7407509,CVB45.BC,2024-09-03,Reparado / Garantía Lab,0,0,545.0,790,0
7407510,CVB45.BC,2025-05-02,Reparado,0,0,0.0,0,0
7407512,CVB45.BC,2025-04-28,Reparado,0,0,0.0,0,0
7407513,CVB45.BC,2021-06-18,Reparado,0,0,0.0,0,0
7407513,CVB45.BC,2025-06-06,Reparado / Garantía Lab,0,0,1449.0,1449,1
7407513,CVB45.BC,2025-06-11,Reparado / Garantía Lab,1,1,5.0,1454,0
7407513,CVB45.BC,2025-08-26,Reparado / Garantía Lab,2,2,76.0,1530,0
7407516,CVB45.BC,2021-05-09,Reparado,0,0,0.0,0,1
7407516,CVB45.BC,2021-06-08,Reparado / Garantía Lab,1,1,30.0,30,0
7407516,CVB45.BC,2022-02-22,Reparado / Garantía Lab,0,2,259.0,289,0
7407516,CVB45.BC,2022-04-14,Reparado / Garantía Lab,1,3,51.0,340,1
7407516,CVB45.BC,2022-04-21,Reparado / Garantía Lab,2,4,7.0,347,1
7407516,CVB45.BC,2022-04-22,Reparado / Garantía Lab,3,5,1.0,348,0
7407516,CVB45.BC,2022-06-28,Reparado / Garantía Lab,4,4,67.0,415,1
7407516,CVB45.BC,2022-07-04,Reparado / Garantía Lab,5,5,6.0,421,1
7407516,CVB45.BC,2022-07-18,Reparado / Garantía Lab,6,6,14.0,435,1
7407516,CVB45.BC,2022-07-21,Reparado / Garantía Lab,7,7,3.0,438,1
7407516,CVB45.BC,2022-07-30,Reparado / Garantía Lab,8,8,9.0,447,0
7407516,CVB45.BC,2022-09-30,Reparado / Garantía Lab,8,9,62.0,509,0
7407516,CVB45.BC,2024-03-16,POD Reparado,0,0,533.0,1042,1
7407516,CVB45.BC,2024-03-23,Reparado / Garantía Lab,1,1,7.0,1049,0
7407516,CVB45.BC,2025-03-24,POD Reparado,0,0,366.0,1415,0
7407517,CVB45.BC,2020-12-23,Reparado,0,0,0.0,0,0
7407517,CVB45.BC,2023-09-21,Reparado / Garantía Lab,0,0,1002.0,1002,0
7407518,CVB45.BC,2022-06-05,Reparado,0,0,0.0,0,0
7407519,CVB45.BC,2020-12-11,Reparado,0,0,0.0,0,0
7407519,CVB45.BC,2021-03-10,Reparado / Garantía Lab,1,1,89.0,89,0
7407519,CVB45.BC,2023-05-30,Reparado / Garantía Lab,0,0,811.0,900,0
7407520,CVB45.BC,2023-10-16,Reparado,0,0,0.0,0,0
7407521,CVB45.BC,2021-09-24,Reparado,0,0,0.0,0,0
7407521,CVB45.BC,2022-01-14,Reparado / Garantía Lab,1,1,112.0,112,0
7407521,CVB45.BC,2025-09-24,Reparado / Garantía Lab,0,0,1349.0,1461,0
7407522,CVB45.BC,2021-03-03,Reparado,0,0,0.0,0,0
7407524,CVB45.BC,2022-12-04,Reparado,0,0,0.0,0,1
7407524,CVB45.BC,2022-12-12,Reparado / Garantía Lab,1,1,8.0,8,0
7407525,CVB45.BC,2025-06-13,Reparado,0,0,0.0,0,0
7407527,CVB45.BC,2025-07-15,Reparado,0,0,0.0,0,0
7407529,CVB45.BC,2021-06-09,Reparado,0,0,0.0,0,0
7407531,CVB45.BC,2022-12-05,Reparado,0,0,0.0,0,0
7407533,CVB45.BC,2021-03-10,POD,0,0,0.0,0,0
7407533,CVB45.BC,2021-03-10,POD Reparado,0,0,0.0,0,0
7407533,CVB45.BC,2022-07-15,Reparado / Garantía Lab,0,0,492.0,492,0
7407533,CVB45.BC,2022-11-08,Reparado / Garantía Lab,1,1,116.0,608,0
7407534,CVB45.BC,2023-05-30,Reparado,0,0,0.0,0,0
7407534,CVB45.BC,2024-08-22,Reparado / Garantía Lab,0,0,450.0,450,0
7407535,CVB45.BC,2021-10-01,Reparado,0,0,0.0,0,0
7407536,CVB45.BC,2021-02-13,Reparado,0,0,0.0,0,0
7407537,CVB45.BC,2021-08-05,Reparado,0,0,0.0,0,0
7407538,CVB45.BC,2023-09-18,Reparado,0,0,0.0,0,0
7407540,CVB45.BC,2022-09-22,Reparado,0,0,0.0,0,0
7407541,CVB45.BC,2021-12-21,Reparado,0,0,0.0,0,0
7407542,CVB45.BC,2020-12-16,Reparado,0,0,0.0,0,0
7407542,CVB45.BC,2022-08-10,Reparado / Garantía Lab,0,0,602.0,602,0
7407542,CVB45.BC,2025-10-02,Reparado / Garantía Lab,0,0,1149.0,1751,1
7407542,CVB45.BC,2025-10-20,Reparado / Garantía Lab,1,1,18.0,1769,0
7407543,CVB45.BC,2024-09-12,Reparado,0,0,0.0,0,0
7407546,CVB45.BC,2023-05-27,Reparado,0,0,0.0,0,0
7407547,CVB45.BC,2020-10-11,Reparado,0,0,0.0,0,0
7407547,CVB45.BC,2025-10-20,Reparado / Garantía Lab,0,0,1835.0,1835,0
7407548,CVB45.BC,2021-11-22,Reparado,0,0,0.0,0,0
7407550,CVB45.BC,2023-05-23,Reparado,0,0,0.0,0,0
7407551,CVB45.BC,2021-01-27,Reparado,0,0,0.0,0,0
7407551,CVB45.BC,2024-06-26,Reparado / Garantía Lab,0,0,1246.0,1246,0
7407552,CVB45.BC,2021-06-17,Reparado,0,0,0.0,0,0
7407552,CVB45.BC,2023-10-21,Reparado / Garantía Lab,0,0,856.0,856,0
7407554,CVB45.BC,2023-09-07,Reparado,0,0,0.0,0,0
7407555,CVB45.BC,2023-08-30,Reparado / Garantía Lab,0,0,0.0,0,0
7407555,CVB45.BC,2023-11-25,Reparado / Garantía Lab,1,1,87.0,87,0
7407557,CVB45.BC,2023-10-19,Reparado,0,0,0.0,0,0
7407558,CVB45.BC,2023-01-20,Reparado,0,0,0.0,0,0
7407559,CVB45.BC,2021-10-25,Reparado,0,0,0.0,0,0
7407559,CVB45.BC,2022-09-22,Reparado / Garantía Lab,0,1,332.0,332,0
7407561,CVB45.BC,2020-03-12,Reparado,0,0,0.0,0,0
7407561,CVB45.BC,2020-12-14,Reparado / Garantía Lab,0,1,277.0,277,0
7407562,CVB45.BC,2021-05-17,POD,0,0,0.0,0,0
7407562,CVB45.BC,2021-05-17,POD Reparado,0,0,0.0,0,0
7407563,CVB45.BC,2023-01-20,Reparado,0,0,0.0,0,0
7407564,CVB45.BC,2021-05-08,Reparado,0,0,0.0,0,0
7407564,CVB45.BC,2021-07-20,Reparado / Garantía Lab,1,1,73.0,73,0
7407564,CVB45.BC,2023-09-11,Reparado / Garantía Lab,0,0,783.0,856,0
7407564,CVB45.BC,2023-12-22,Reparado / Garantía Lab,1,1,102.0,958,0
7407564,CVB45.BC,2024-01-24,Reparado / Garantía Lab,2,2,33.0,991,1
7407564,CVB45.BC,2024-01-31,Reparado / Garantía Lab,3,3,7.0,998,1
7407564,CVB45.BC,2024-02-08,Reparado / Garantía Lab,4,4,8.0,1006,1
7407564,CVB45.BC,2024-02-21,Reparado / Garantía Lab,5,5,13.0,1019,1
7407564,CVB45.BC,2024-03-05,Reparado / Garantía Lab,6,6,13.0,1032,0
7407571,CVB45.BC,2021-12-18,Reparado,0,0,0.0,0,0
7407573,CVB45.BC,2022-11-05,Reparado,0,0,0.0,0,0
7407574,CVB45.BC,2022-03-18,Reparado,0,0,0.0,0,0
7407578,CVB45.BC,2023-04-29,Reparado,0,0,0.0,0,0
7407578,CVB45.BC,2023-08-17,Reparado / Garantía Lab,1,1,110.0,110,1
7407578,CVB45.BC,2023-08-25,Reparado / Garantía Lab,2,2,8.0,118,1
7407578,CVB45.BC,2023-08-30,Reparado / Garantía Lab,3,3,5.0,123,1
7407578,CVB45.BC,2023-09-04,Reparado / Garantía Lab,4,4,5.0,128,1
7407578,CVB45.BC,2023-09-08,Reparado / Garantía Lab,5,5,4.0,132,1
7407578,CVB45.BC,2023-09-23,Reparado / Garantía Lab,6,6,15.0,147,1
7407578,CVB45.BC,2023-10-19,Reparado / Garantía Lab,7,7,26.0,173,0
7407581,CVB45.BC,2021-04-01,Reparado,0,0,0.0,0,0
7407581,CVB45.BC,2022-07-11,Reparado / Garantía Lab,0,0,466.0,466,0
7407581,CVB45.BC,2023-08-16,Reparado / Garantía Lab,0,0,401.0,867,1
7407581,CVB45.BC,2023-08-31,Reparado / Garantía Lab,1,1,15.0,882,0
7407581,CVB45.BC,2024-10-04,Reparado / Garantía Lab,0,0,400.0,1282,0
7407581,CVB45.BC,2025-08-22,Reparado / Garantía Lab,0,1,322.0,1604,0
7407582,CVB45.BC,2021-06-22,Reparado,0,0,0.0,0,0
7407582,CVB45.BC,2024-09-17,Reparado / Garantía Lab,0,0,1183.0,1183,0
7407582,CVB45.BC,2025-07-25,Reparado / Garantía Lab,0,1,311.0,1494,1
7407582,CVB45.BC,2025-08-08,Reparado / Garantía Lab,1,2,14.0,1508,0
7407582,CVB45.BC,2025-11-28,Reparado / Garantía Lab,2,2,112.0,1620,0
7407583,CVB45.BC,2021-09-30,Reparado,0,0,0.0,0,0
7407583,CVB45.BC,2024-06-28,Reparado / Garantía Lab,0,0,1002.0,1002,0
7407583,CVB45.BC,2024-10-04,Reparado / Garantía Lab,1,1,98.0,1100,1
7407583,CVB45.BC,2024-10-17,Reparado / Garantía Lab,2,2,13.0,1113,0
7407583,CVB45.BC,2025-11-25,Reparado / Garantía Lab,0,0,404.0,1517,1
7407583,CVB45.BC,2025-12-01,Reparado / Garantía Lab,1,1,6.0,1523,0
7407584,CVB45.BC,2024-05-27,POD Reparado,0,0,0.0,0,0
7407585,CVB45.BC,2024-05-10,Reparado,0,0,0.0,0,1
7407585,CVB45.BC,2024-05-14,Reparado / Garantía Lab,1,1,4.0,4,0
7407586,CVB45.BC,2022-10-11,Reparado,0,0,0.0,0,0
7407586,CVB45.BC,2023-09-29,Reparado / Garantía Lab,0,1,353.0,353,0
7407586,CVB45.BC,2024-05-25,Reparado / Garantía Lab,0,1,239.0,592,0
7407587,CVB45.BC,2020-11-27,Reparado,0,0,0.0,0,0
7407587,CVB45.BC,2024-01-08,Reparado / Garantía Lab,0,0,1137.0,1137,0
7407591,CVB45.BC,2021-08-03,Reparado,0,0,0.0,0,1
7407591,CVB45.BC,2021-08-13,Reparado / Garantía Lab,1,1,10.0,10,0
7407592,CVB45.BC,2021-10-02,Reparado,0,0,0.0,0,0
7407593,CVB45.BC,2021-07-07,Reparado,0,0,0.0,0,0
7407594,CVB45.BC,2024-11-26,Reparado,0,0,0.0,0,0
7407594,CVB45.BC,2025-02-28,Reparado / Garantía Lab,1,1,94.0,94,0
7407595,CVB45.BC,2025-08-13,Reparado,0,0,0.0,0,0
7407596,CVB45.BC,2025-11-13,Reparado,0,0,0.0,0,0
7407597,CVB45.BC,2023-07-26,Reparado,0,0,0.0,0,0
7407598,CVB45.BC,2021-01-02,Reparado,0,0,0.0,0,0
7407599,CVB45.BC,2025-11-26,Reparado / Garantía Lab,0,0,0.0,0,0
7407601,CVB45.BC,2022-12-14,Reparado,0,0,0.0,0,0
7407602,CVB45.BC,2024-08-19,Reparado / Garantía Lab,0,0,0.0,0,1
7407602,CVB45.BC,2024-08-21,Reparado / Garantía Lab,1,1,2.0,2,0
7407603,CVB45.BC,2023-07-11,Reparado,0,0,0.0,0,0
7407604,CVB45.BC,2021-08-25,POD,0,0,0.0,0,0
7407604,CVB45.BC,2021-08-25,POD Reparado,0,0,0.0,0,0
7407606,CVB45.BC,2023-06-29,Reparado,0,0,0.0,0,0
7407606,CVB45.BC,2025-06-11,POD Reparado,0,0,713.0,713,0
7407607,CVB45.BC,2024-04-30,Reparado,0,0,0.0,0,0
7407607,CVB45.BC,2025-10-09,Reparado / Garantía Lab,0,0,527.0,527,1
7407607,CVB45.BC,2025-10-13,Reparado / Garantía Lab,1,1,4.0,531,0
7407608,CVB45.BC,2023-10-26,Reparado,0,0,0.0,0,0
7407609,CVB45.BC,2020-11-17,Reparado,0,0,0.0,0,0
7407609,CVB45.BC,2024-02-28,Reparado / Garantía Lab,0,0,1198.0,1198,0
7407609,CVB45.BC,2025-11-24,Reparado / Garantía Lab,0,0,635.0,1833,1
7407609,CVB45.BC,2025-11-26,Reparado / Garantía Lab,1,1,2.0,1835,1
7407609,CVB45.BC,2025-12-04,Proceso,2,2,8.0,1843,0
7407610,CVB45.BC,2025-02-24,Reparado,0,0,0.0,0,0
7407611,CVB45.BC,2022-05-13,Reparado,0,0,0.0,0,0
7407611,CVB45.BC,2025-11-25,Reparado / Garantía Lab,0,0,1292.0,1292,0
7407612,CVB45.BC,2021-03-14,Reparado,0,0,0.0,0,0
7407614,CVB45.BC,2022-04-16,Reparado,0,0,0.0,0,0
7407614,CVB45.BC,2024-10-01,Reparado / Garantía Lab,0,0,899.0,899,0
7407615,CVB45.BC,2023-05-25,Reparado,0,0,0.0,0,0
7407615,CVB45.BC,2024-12-06,Reparado / Garantía Lab,0,0,561.0,561,0
7407617,CVB45.BC,2023-10-09,Reparado,0,0,0.0,0,0
7407618,CVB45.BC,2025-08-26,Reparado,0,0,0.0,0,0
7407619,CVB45.BC,2021-04-19,Reparado,0,0,0.0,0,0
7407619,CVB45.BC,2022-04-09,Reparado / Garantía Lab,0,1,355.0,355,0
7407619,CVB45.BC,2022-06-03,Reparado / Garantía Lab,1,1,55.0,410,1
7407619,CVB45.BC,2022-06-08,Reparado / Garantía Lab,2,2,5.0,415,0
7407620,CVB45.BC,2025-01-22,Reparado,0,0,0.0,0,0
7407621,CVB45.BC,2021-05-11,Reparado,0,0,0.0,0,0
7407621,CVB45.BC,2022-03-30,Reparado / Garantía Lab,0,1,323.0,323,1
7407621,CVB45.BC,2022-04-08,Reparado / Garantía Lab,1,2,9.0,332,0
7407622,CVB45.BC,2020-11-19,Reparado,0,0,0.0,0,1
7407622,CVB45.BC,2020-12-17,Reparado,1,1,28.0,28,0
7407622,CVB45.BC,2021-04-02,Reparado / Garantía Lab,2,2,106.0,134,0
7407622,CVB45.BC,2022-08-29,Reparado / Garantía Lab,0,0,514.0,648,1
7407622,CVB45.BC,2022-09-02,Reparado / Garantía Lab,1,1,4.0,652,0
7407622,CVB45.BC,2022-11-23,Reparado / Garantía Lab,2,2,82.0,734,0
7407622,CVB45.BC,2024-05-14,Reparado / Garantía Lab,0,0,538.0,1272,0
7407622,CVB45.BC,2025-06-23,POD Reparado,0,0,405.0,1677,0
7407624,CVB45.BC,2020-12-18,Reparado,0,0,0.0,0,1
7407624,CVB45.BC,2020-12-28,Reparado / Garantía Lab,1,1,10.0,10,0
7407624,CVB45.BC,2021-05-29,Reparado / Garantía Lab,2,2,152.0,162,0
7407624,CVB45.BC,2025-09-01,Reparado / Garantía Lab,0,0,1556.0,1718,0
7407625,CVB45.BC,2024-01-09,Reparado,0,0,0.0,0,0
7407626,CVB45.BC,2021-01-05,Reparado,0,0,0.0,0,0
7407626,CVB45.BC,2022-12-08,Reparado / Garantía Lab,0,0,702.0,702,0
7407627,CVB45.BC,2020-11-03,Reparado,0,0,0.0,0,0
7407627,CVB45.BC,2023-05-31,Reparado / Garantía Lab,0,0,939.0,939,0
7407629,CVB45.BC,2021-03-31,Reparado,0,0,0.0,0,0
7407630,CVB45.BC,2022-07-31,Reparado,0,0,0.0,0,0
7407631,CVB45.BC,2022-10-20,Reparado,0,0,0.0,0,0
7407631,CVB45.BC,2022-11-25,Reparado / Garantía Lab,1,1,36.0,36,0
7407632,CVB45.BC,2022-01-14,Reparado,0,0,0.0,0,0
7407632,CVB45.BC,2025-09-09,Reparado / Garantía Lab,0,0,1334.0,1334,0
7407634,CVB45.BC,2021-10-04,Reparado,0,0,0.0,0,0
7407635,CVB45.BC,2021-03-19,POD Reparado,0,0,0.0,0,0
7407635,CVB45.BC,2021-05-12,POD,1,1,54.0,54,0
7407635,CVB45.BC,2023-08-23,Reparado / Garantía Lab,0,0,833.0,887,0
7407635,CVB45.BC,2025-08-11,Reparado / Garantía Lab,0,0,719.0,1606,0
7407637,CVB45.BC,2025-09-05,Reparado,0,0,0.0,0,0
7407638,CVB45.BC,2021-03-01,Reparado,0,0,0.0,0,0
7407638,CVB45.BC,2024-06-07,Reparado / Garantía Lab,0,0,1194.0,1194,0
7407638,CVB45.BC,2025-10-22,Reparado / Garantía Lab,0,0,502.0,1696,1
7407638,CVB45.BC,2025-11-07,Reparado / Garantía Lab,1,1,16.0,1712,0
7407640,CVB45.BC,2021-01-21,Reparado,0,0,0.0,0,0
7407640,CVB45.BC,2023-05-24,Reparado / Garantía Lab,0,0,853.0,853,0
7407641,CVB45.BC,2023-11-07,Reparado,0,0,0.0,0,0
7407642,CVB45.BC,2021-07-05,Reparado,0,0,0.0,0,0
7407642,CVB45.BC,2022-01-12,Reparado / Garantía Lab,0,1,191.0,191,0
7407642,CVB45.BC,2024-02-09,Reparado / Garantía Lab,0,0,758.0,949,0
7407642,CVB45.BC,2024-06-05,Reparado / Garantía Lab,1,1,117.0,1066,0
7407643,CVB45.BC,2020-11-25,Reparado / Garantía Lab,0,0,0.0,0,0
7407643,CVB45.BC,2021-01-12,Reparado / Garantía Lab,1,1,48.0,48,0
7407643,CVB45.BC,2021-05-27,Reparado / Garantía Lab,1,2,135.0,183,0
7407643,CVB45.BC,2025-07-21,Reparado / Garantía Lab,0,0,1516.0,1699,0
7407643,CVB45.BC,2025-08-22,Reparado / Garantía Lab,1,1,32.0,1731,0
7407644,CVB45.BC,2021-09-27,Reparado,0,0,0.0,0,0
7407645,CVB45.BC,2025-07-11,Reparado,0,0,0.0,0,0
7407645,CVB45.BC,2025-10-20,Reparado / Garantía Lab,1,1,101.0,101,1
7407645,CVB45.BC,2025-11-11,Reparado / Garantía Lab,2,2,22.0,123,0
7407646,CVB45.BC,2020-10-29,Reparado,0,0,0.0,0,0
7407646,CVB45.BC,2021-12-14,Reparado / Garantía Lab,0,0,411.0,411,0
7407646,CVB45.BC,2022-08-28,Reparado / Garantía Lab,0,1,257.0,668,0
7407646,CVB45.BC,2022-11-15,Reparado / Garantía Lab,1,2,79.0,747,0
7407647,CVB45.BC,2021-07-12,Reparado,0,0,0.0,0,0
7407650,CVB45.BC,2021-12-17,Reparado,0,0,0.0,0,0
7407651,CVB45.BC,2025-09-02,Reparado,0,0,0.0,0,0
7407653,CVB45.BC,2020-11-18,Reparado,0,0,0.0,0,0
7407654,CVB45.BC,2021-02-24,Reparado,0,0,0.0,0,0
7407655,CVB45.BC,2022-11-06,Reparado,0,0,0.0,0,1
7407655,CVB45.BC,2022-11-08,Reparado / Garantía Lab,1,1,2.0,2,0
7407655,CVB45.BC,2025-06-18,Reparado / Garantía Lab,0,0,953.0,955,0
7407656,CVB45.BC,2021-11-24,Reparado,0,0,0.0,0,0
7407656,CVB45.BC,2022-03-07,Reparado / Garantía Lab,1,1,103.0,103,0
7407656,CVB45.BC,2024-11-15,Reparado / Garantía Lab,0,0,984.0,1087,0
7407656,CVB45.BC,2025-11-13,Reparado / Garantía Lab,0,1,363.0,1450,0
7407658,CVB45.BC,2021-06-17,Reparado,0,0,0.0,0,1
7407658,CVB45.BC,2021-06-29,Reparado,1,1,12.0,12,0
7407659,CVB45.BC,2021-01-28,Reparado,0,0,0.0,0,0
7407659,CVB45.BC,2023-10-30,Reparado / Garantía Lab,0,0,1005.0,1005,0
7407659,CVB45.BC,2025-04-24,Reparado / Garantía Lab,0,0,542.0,1547,1
7407659,CVB45.BC,2025-05-06,Reparado / Garantía Lab,1,1,12.0,1559,1
7407659,CVB45.BC,2025-05-09,Reparado / Garantía Lab,2,2,3.0,1562,1
7407659,CVB45.BC,2025-05-14,Reparado / Garantía Lab,3,3,5.0,1567,0
7407660,CVB45.BC,2021-07-05,Reparado,0,0,0.0,0,0
7407660,CVB45.BC,2022-11-28,Reparado / Garantía Lab,0,0,511.0,511,0
7407661,CVB45.BC,2022-09-21,Reparado,0,0,0.0,0,0
7407662,CVB45.BC,2021-07-22,Reparado,0,0,0.0,0,0
7407662,CVB45.BC,2021-09-25,Reparado / Garantía Lab,1,1,65.0,65,0
7407663,CVB45.BC,2023-10-14,Reparado,0,0,0.0,0,0
7407663,CVB45.BC,2025-05-19,Reparado / Garantía Lab,0,0,583.0,583,0
7407664,CVB45.BC,2021-03-19,Reparado,0,0,0.0,0,0
7407664,CVB45.BC,2025-08-25,Reparado / Garantía Lab,0,0,1620.0,1620,0
7407665,CVB45.BC,2020-11-25,Reparado,0,0,0.0,0,1
7407665,CVB45.BC,2020-12-17,Reparado / Garantía Lab,1,1,22.0,22,0
7407666,CVB45.BC,2023-09-22,Reparado,0,0,0.0,0,0
7407667,CVB45.BC,2022-06-14,POD Reparado,0,0,0.0,0,0
7407667,CVB45.BC,2023-01-12,Reparado / Garantía Lab,0,1,212.0,212,0
7407670,CVB45.BC,2020-11-25,Reparado,0,0,0.0,0,1
7407670,CVB45.BC,2020-12-24,Reparado / Garantía Lab,1,1,29.0,29,0
7407670,CVB45.BC,2022-07-30,Reparado / Garantía Lab,0,0,583.0,612,0
7407671,CVB45.BC,2021-09-13,Reparado,0,0,0.0,0,0
7407671,CVB45.BC,2022-06-14,Reparado / Garantía Lab,0,1,274.0,274,0
7407672,CVB45.BC,2025-10-20,Reparado,0,0,0.0,0,0
7407673,CVB45.BC,2021-06-11,Reparado,0,0,0.0,0,0
7407673,CVB45.BC,2021-12-10,Reparado / Garantía Lab,0,1,182.0,182,0
7407673,CVB45.BC,2022-01-19,Reparado / Garantía Lab,1,2,40.0,222,0
7407673,CVB45.BC,2023-11-09,Reparado / Garantía Lab,0,0,659.0,881,0
7407673,CVB45.BC,2024-02-22,Reparado / Garantía Lab,1,1,105.0,986,0
7407673,CVB45.BC,2024-06-01,POD Reparado,1,2,100.0,1086,0
7407673,CVB45.BC,2024-09-26,Reparado / Garantía Lab,1,3,117.0,1203,0
7407673,CVB45.BC,2024-11-13,Reparado / Garantía Lab,2,3,48.0,1251,1
7407673,CVB45.BC,2024-11-18,Reparado / Garantía Lab,3,4,5.0,1256,0
7407673,CVB45.BC,2025-05-08,Reparado / Garantía Lab,2,4,171.0,1427,1
7407673,CVB45.BC,2025-05-13,Reparado / Garantía Lab,2,5,5.0,1432,0
7407673,CVB45.BC,2025-11-18,Reparado / Garantía Lab,0,3,189.0,1621,0
7407674,CVB45.BC,2020-11-25,Reparado / Garantía Lab,0,0,0.0,0,0
7407674,CVB45.BC,2023-09-28,Reparado / Garantía Lab,0,0,1037.0,1037,0
7407675,CVB45.BC,2021-03-15,Reparado,0,0,0.0,0,0
7407676,CVB45.BC,2021-05-07,Reparado,0,0,0.0,0,0
7407676,CVB45.BC,2022-01-11,Reparado / Garantía Lab,0,1,249.0,249,1
7407676,CVB45.BC,2022-01-14,Reparado / Garantía Lab,1,2,3.0,252,0
7407676,CVB45.BC,2023-08-16,Reparado / Garantía Lab,0,0,579.0,831,1
7407676,CVB45.BC,2023-08-28,Reparado / Garantía Lab,1,1,12.0,843,0
7407676,CVB45.BC,2024-06-08,Reparado / Garantía Lab,0,2,285.0,1128,0
7407676,CVB45.BC,2025-02-26,Reparado / Garantía Lab,0,1,263.0,1391,1
7407676,CVB45.BC,2025-02-28,Reparado / Garantía Lab,1,2,2.0,1393,0
7407676,CVB45.BC,2025-04-29,Reparado / Garantía Lab,2,3,60.0,1453,1
7407676,CVB45.BC,2025-05-20,Reparado / Garantía Lab,3,4,21.0,1474,1
7407676,CVB45.BC,2025-05-23,Reparado,4,5,3.0,1477,0
7407676,CVB45.BC,2025-07-31,Reparado / Garantía Lab,5,5,69.0,1546,0
7407676,CVB45.BC,2025-09-01,Reparado / Garantía Lab,4,6,32.0,1578,0
7407677,CVB45.BC,2020-12-16,Reparado,0,0,0.0,0,0
7407677,CVB45.BC,2021-02-14,Reparado / Garantía Lab,1,1,60.0,60,0
7407680,CVB45.BC,2025-09-05,Reparado,0,0,0.0,0,0
7407682,CVB45.BC,2020-10-11,Reparado,0,0,0.0,0,0
7407682,CVB45.BC,2021-12-31,Reparado,0,0,446.0,446,0
7407682,CVB45.BC,2022-06-20,Reparado / Garantía Lab,1,1,171.0,617,1
7407682,CVB45.BC,2022-06-28,Reparado / Garantía Lab,2,2,8.0,625,0
7407682,CVB45.BC,2022-08-17,Reparado / Garantía Lab,2,3,50.0,675,0
7407682,CVB45.BC,2023-05-24,Reparado / Garantía Lab,0,3,280.0,955,1
7407682,CVB45.BC,2023-05-30,Reparado / Garantía Lab,1,4,6.0,961,0
7407682,CVB45.BC,2023-11-21,Reparado / Garantía Lab,1,2,175.0,1136,0
7407682,CVB45.BC,2024-09-23,Reparado / Garantía Lab,0,1,307.0,1443,1
7407682,CVB45.BC,2024-09-26,Reparado / Garantía Lab,1,2,3.0,1446,0
7407682,CVB45.BC,2025-11-19,Reparado / Garantía Lab,0,0,419.0,1865,0
7407685,CVB45.BC,2021-07-06,Reparado,0,0,0.0,0,0
7407685,CVB45.BC,2022-01-20,Reparado / Garantía Lab,0,1,198.0,198,0
7407686,CVB45.BC,2020-12-15,Reparado,0,0,0.0,0,0
7407686,CVB45.BC,2021-05-26,Reparado / Garantía Lab,1,1,162.0,162,0
7407686,CVB45.BC,2021-11-18,Reparado / Garantía Lab,1,2,176.0,338,0
7407686,CVB45.BC,2022-03-10,Reparado / Garantía Lab,1,2,112.0,450,0
7407686,CVB45.BC,2022-05-14,Reparado / Garantía Lab,2,3,65.0,515,1
7407686,CVB45.BC,2022-06-03,Reparado / Garantía Lab,2,3,20.0,535,0
7407686,CVB45.BC,2025-09-05,Reparado / Garantía Lab,0,0,1190.0,1725,0
7407687,CVB45.BC,2021-04-12,Reparado,0,0,0.0,0,0
7407687,CVB45.BC,2023-06-27,Reparado / Garantía Lab,0,0,806.0,806,0
7407690,CVB45.BC,2025-02-14,Reparado,0,0,0.0,0,0
7407690,CVB45.BC,2025-12-02,Reparado / Garantía Lab,0,1,291.0,291,1
7407690,CVB45.BC,2025-12-05,Proceso,1,2,3.0,294,0
7407691,CVB45.BC,2022-11-16,Reparado,0,0,0.0,0,0
7407693,CVB45.BC,2025-08-04,Reparado,0,0,0.0,0,0
7407694,CVB45.BC,2021-06-15,Reparado,0,0,0.0,0,0
7407695,CVB45.BC,2023-10-31,Reparado,0,0,0.0,0,0
7407696,CVB45.BC,2023-05-29,Reparado,0,0,0.0,0,0
7407697,CVB45.BC,2022-12-05,Reparado,0,0,0.0,0,0
7407698,CVB45.BC,2022-11-14,Reparado,0,0,0.0,0,0
7407698,CVB45.BC,2025-08-13,Reparado / Garantía Lab,0,0,1003.0,1003,0
7407699,CVB45.BC,2023-10-13,Reparado,0,0,0.0,0,0
7407936,CVB45.BC,2021-10-20,Reparado,0,0,0.0,0,0
7407936,CVB45.BC,2023-10-03,Reparado / Garantía Lab,0,0,713.0,713,0
7407937,CVB45.BC,2022-02-14,Reparado,0,0,0.0,0,0
7407937,CVB45.BC,2024-05-22,Reparado / Garantía Lab,0,0,828.0,828,0
7407937,CVB45.BC,2024-08-30,Reparado / Garantía Lab,1,1,100.0,928,1
7407937,CVB45.BC,2024-09-16,Reparado / Garantía Lab,2,2,17.0,945,1
7407937,CVB45.BC,2024-10-16,Reparado / Garantía Lab,3,3,30.0,975,0
7407937,CVB45.BC,2024-12-04,Reparado / Garantía Lab,3,4,49.0,1024,0
7407937,CVB45.BC,2025-02-14,Reparado / Garantía Lab,4,5,72.0,1096,1
7407937,CVB45.BC,2025-03-07,Reparado / Garantía Lab,4,6,21.0,1117,0
7407937,CVB45.BC,2025-08-08,Reparado / Garantía Lab,2,6,154.0,1271,1
7407937,CVB45.BC,2025-08-13,Reparado / Garantía Lab,3,7,5.0,1276,1
7407937,CVB45.BC,2025-08-19,Reparado / Garantía Lab,3,8,6.0,1282,1
7407937,CVB45.BC,2025-08-28,Reparado / Garantía Lab,4,9,9.0,1291,0
7407937,CVB45.BC,2025-10-09,Reparado / Garantía Lab,4,8,42.0,1333,1
7407937,CVB45.BC,2025-10-14,Reparado,5,9,5.0,1338,1
7407937,CVB45.BC,2025-10-16,Proceso,6,10,2.0,1340,0
7407938,CVB45.BC,2021-08-06,Reparado,0,0,0.0,0,0
7407938,CVB45.BC,2021-10-17,Reparado / Garantía Lab,1,1,72.0,72,0
7407938,CVB45.BC,2022-07-16,Reparado / Garantía Lab,0,2,272.0,344,1
7407938,CVB45.BC,2022-07-27,Reparado / Garantía Lab,1,3,11.0,355,0
7407938,CVB45.BC,2023-09-15,Reparado / Garantía Lab,0,0,415.0,770,0
7407938,CVB45.BC,2025-06-13,Reparado / Garantía Lab,0,0,637.0,1407,0
7407938,CVB45.BC,2025-08-12,Reparado / Garantía Lab,1,1,60.0,1467,0
7407939,CVB45.BC,2023-08-11,Reparado,0,0,0.0,0,0
7407939,CVB45.BC,2025-09-02,Reparado / Garantía Lab,0,0,753.0,753,0
7407941,CVB45.BC,2024-10-10,Reparado,0,0,0.0,0,0
7407943,CVB45.BC,2022-10-25,Reparado,0,0,0.0,0,0
7407943,CVB45.BC,2025-10-15,Reparado / Garantía Lab,0,0,1086.0,1086,0
7407944,CVB45.BC,2021-05-27,Reparado,0,0,0.0,0,0
7407944,CVB45.BC,2022-01-26,Reparado / Garantía Lab,0,1,244.0,244,0
7407944,CVB45.BC,2025-09-08,Reparado / Garantía Lab,0,0,1321.0,1565,0
7407945,CVB45.BC,2021-03-08,Reparado,0,0,0.0,0,0
7407946,CVB45.BC,2021-04-30,Reparado,0,0,0.0,0,0
7407946,CVB45.BC,2023-08-29,Reparado / Garantía Lab,0,0,851.0,851,0
7407946,CVB45.BC,2025-08-26,Reparado / Garantía Lab,0,0,728.0,1579,0
7407948,CVB45.BC,2023-12-26,Reparado,0,0,0.0,0,0
7407948,CVB45.BC,2024-09-24,Reparado / Garantía Lab,0,1,273.0,273,0
7407949,CVB45.BC,2023-09-12,Reparado,0,0,0.0,0,0
7407950,CVB45.BC,2020-12-01,Reparado,0,0,0.0,0,0
7407950,CVB45.BC,2023-10-14,Reparado / Garantía Lab,0,0,1047.0,1047,0
7407950,CVB45.BC,2025-09-16,Reparado / Garantía Lab,0,0,703.0,1750,0
7407951,CVB45.BC,2020-11-25,Reparado,0,0,0.0,0,0
7407951,CVB45.BC,2023-03-26,Reparado / Garantía Lab,0,0,851.0,851,0
7407952,CVB45.BC,2021-01-04,Reparado,0,0,0.0,0,0
7407953,CVB45.BC,2021-02-17,Reparado,0,0,0.0,0,0
7407953,CVB45.BC,2021-10-07,Reparado / Garantía Lab,0,1,232.0,232,0
7407953,CVB45.BC,2023-09-04,Reparado / Garantía Lab,0,0,697.0,929,0
7407954,CVB45.BC,2025-08-22,Reparado,0,0,0.0,0,0
7407956,CVB45.BC,2025-07-10,Reparado / Garantía Lab,0,0,0.0,0,1
7407956,CVB45.BC,2025-07-15,Reparado / Garantía Lab,1,1,5.0,5,0
7407957,CVB45.BC,2020-12-11,Reparado,0,0,0.0,0,1
7407957,CVB45.BC,2020-12-23,Reparado / Garantía Lab,1,1,12.0,12,0
7407957,CVB45.BC,2022-10-14,Reparado / Garantía Lab,0,0,660.0,672,0
7407959,CVB45.BC,2023-03-22,Reparado,0,0,0.0,0,0
7407960,CVB45.BC,2020-11-19,Reparado,0,0,0.0,0,0
7407960,CVB45.BC,2022-03-30,Reparado,0,0,496.0,496,0
7407961,CVB45.BC,2023-08-31,Reparado,0,0,0.0,0,0
7407963,CVB45.BC,2025-07-28,Reparado,0,0,0.0,0,1
7407963,CVB45.BC,2025-08-12,Reparado / Garantía Lab,1,1,15.0,15,1
7407963,CVB45.BC,2025-09-05,Reparado / Garantía Lab,2,2,24.0,39,1
7407963,CVB45.BC,2025-09-10,Reparado / Garantía Lab,3,3,5.0,44,0
7407964,CVB45.BC,2022-02-04,Reparado,0,0,0.0,0,0
7407964,CVB45.BC,2023-02-28,Reparado / Garantía Lab,0,0,389.0,389,0
7407964,CVB45.BC,2024-04-24,POD Reparado,0,0,421.0,810,0
7407964,CVB45.BC,2025-09-16,Reparado / Garantía Lab,0,0,510.0,1320,0
7407965,CVB45.BC,2020-12-03,Reparado,0,0,0.0,0,0
7407966,CVB45.BC,2021-08-14,Reparado,0,0,0.0,0,0
7407966,CVB45.BC,2022-08-15,Reparado / Garantía Lab,0,0,366.0,366,0
7407966,CVB45.BC,2024-12-06,Reparado / Garantía Lab,0,0,844.0,1210,0
7407967,CVB45.BC,2023-03-22,POD Reparado,0,0,0.0,0,0
7407967,CVB45.BC,2024-02-09,Reparado / Garantía Lab,0,1,324.0,324,0
7407967,CVB45.BC,2025-10-20,Reparado / Garantía Lab,0,0,619.0,943,0
7407969,CVB45.BC,2021-07-21,Reparado,0,0,0.0,0,0
7407969,CVB45.BC,2025-08-22,Reparado / Garantía Lab,0,0,1493.0,1493,0
7407971,CVB45.BC,2021-01-06,Reparado,0,0,0.0,0,0
7407971,CVB45.BC,2021-08-11,Reparado,0,1,217.0,217,0
7407971,CVB45.BC,2025-07-24,Reparado / Garantía Lab,0,0,1443.0,1660,0
7407972,CVB45.BC,2022-06-10,Reparado,0,0,0.0,0,1
7407972,CVB45.BC,2022-06-16,Reparado / Garantía Lab,1,1,6.0,6,1
7407972,CVB45.BC,2022-07-15,Reparado / Garantía Lab,2,2,29.0,35,0
7407972,CVB45.BC,2022-08-18,Reparado / Garantía Lab,3,3,34.0,69,0
7407972,CVB45.BC,2022-09-30,Reparado / Garantía Lab,4,4,43.0,112,0
7407972,CVB45.BC,2024-08-28,Reparado / Garantía Lab,0,0,698.0,810,0
7407973,CVB45.BC,2023-08-31,Reparado,0,0,0.0,0,0
7407973,CVB45.BC,2025-08-19,Reparado / Garantía Lab,0,0,719.0,719,0
7407973,CVB45.BC,2025-11-13,Reparado / Garantía Lab,1,1,86.0,805,0
7407974,CVB45.BC,2022-07-13,Reparado,0,0,0.0,0,0
7407975,CVB45.BC,2024-10-08,Reparado,0,0,0.0,0,0
7407975,CVB45.BC,2025-07-23,Reparado / Garantía Lab,0,1,288.0,288,0
7407975,CVB45.BC,2025-11-25,Reparado / Garantía Lab,1,1,125.0,413,0
7407976,CVB45.BC,2023-09-08,Reparado,0,0,0.0,0,0
7407977,CVB45.BC,2023-06-02,Reparado,0,0,0.0,0,0
7407977,CVB45.BC,2025-12-04,Reparado / Garantía Lab,0,0,916.0,916,0
7407979,CVB45.BC,2023-10-14,Reparado,0,0,0.0,0,0
7407979,CVB45.BC,2024-09-23,Reparado / Garantía Lab,0,1,345.0,345,0
7407980,CVB45.BC,2021-07-06,Reparado,0,0,0.0,0,0
7407980,CVB45.BC,2024-10-16,Reparado / Garantía Lab,0,0,1198.0,1198,0
7407981,CVB45.BC,2021-11-28,Reparado,0,0,0.0,0,0
7407981,CVB45.BC,2025-08-26,Reparado / Garantía Lab,0,0,1367.0,1367,0
7407982,CVB45.BC,2023-09-28,Reparado,0,0,0.0,0,0
7407982,CVB45.BC,2024-05-06,Reparado / Garantía Lab,0,1,221.0,221,0
7407983,CVB45.BC,2021-10-19,Reparado,0,0,0.0,0,0
7407983,CVB45.BC,2024-10-04,Reparado,0,0,1081.0,1081,0
7407985,CVB45.BC,2021-02-04,Reparado,0,0,0.0,0,0
7407985,CVB45.BC,2023-02-06,Reparado / Garantía Lab,0,0,732.0,732,0
7407985,CVB45.BC,2023-10-26,Reparado / Garantía Lab,0,1,262.0,994,0
7407985,CVB45.BC,2024-09-27,Reparado / Garantía Lab,0,1,337.0,1331,0
7407988,CVB45.BC,2021-01-01,Reparado,0,0,0.0,0,0
7407988,CVB45.BC,2021-11-03,Reparado / Garantía Lab,0,1,306.0,306,1
7407988,CVB45.BC,2021-11-26,Reparado / Garantía Lab,1,2,23.0,329,0
7407988,CVB45.BC,2025-08-26,Reparado / Garantía Lab,0,0,1369.0,1698,0
7407989,CVB45.BC,2022-08-15,Reparado,0,0,0.0,0,0
7407990,CVB45.BC,2023-05-20,Reparado,0,0,0.0,0,0
7407990,CVB45.BC,2024-07-04,Reparado / Garantía Lab,0,0,411.0,411,0
7407991,CVB45.BC,2023-10-31,Reparado,0,0,0.0,0,0
7407991,CVB45.BC,2025-11-26,Reparado / Garantía Lab,0,0,757.0,757,0
7407992,CVB45.BC,2021-10-19,Reparado,0,0,0.0,0,0
7407993,CVB45.BC,2021-04-13,Reparado,0,0,0.0,0,0
7407993,CVB45.BC,2022-11-03,Reparado / Garantía Lab,0,0,569.0,569,0
7407994,CVB45.BC,2021-01-13,Reparado,0,0,0.0,0,0
7407994,CVB45.BC,2024-09-17,Reparado / Garantía Lab,0,0,1343.0,1343,0
7407995,CVB45.BC,2021-07-20,Reparado,0,0,0.0,0,0
7407995,CVB45.BC,2023-01-07,Reparado / Garantía Lab,0,0,536.0,536,0
7407996,CVB45.BC,2022-06-23,Reparado,0,0,0.0,0,0
7407997,CVB45.BC,2021-08-28,POD Reparado,0,0,0.0,0,0
7407998,CVB45.BC,2023-05-31,Reparado,0,0,0.0,0,0
7407999,CVB45.BC,2025-02-17,Reparado,0,0,0.0,0,0
7408000,CVB45.BC,2021-07-08,Reparado,0,0,0.0,0,0
7408001,CVB45.BC,2021-05-31,Reparado,0,0,0.0,0,0
7408002,CVB45.BC,2021-03-05,Reparado,0,0,0.0,0,0
7408005,CVB45.BC,2021-04-29,Reparado,0,0,0.0,0,0
7408005,CVB45.BC,2021-06-11,Reparado / Garantía Lab,1,1,43.0,43,0
7408006,CVB45.BC,2021-01-22,Reparado,0,0,0.0,0,0
7408006,CVB45.BC,2021-12-10,Reparado,0,1,322.0,322,0
7408006,CVB45.BC,2022-09-21,Reparado / Garantía Lab,0,1,285.0,607,0
7408006,CVB45.BC,2025-10-09,Reparado / Garantía Lab,0,0,1114.0,1721,0
7408007,CVB45.BC,2023-07-01,Reparado,0,0,0.0,0,0
7408008,CVB45.BC,2022-02-08,Reparado,0,0,0.0,0,0
7408008,CVB45.BC,2025-08-25,Reparado / Garantía Lab,0,0,1294.0,1294,0
7408009,CVB45.BC,2023-06-19,Reparado,0,0,0.0,0,1
7408009,CVB45.BC,2023-06-27,Reparado / Garantía Lab,1,1,8.0,8,0
7408010,CVB45.BC,2022-02-22,Reparado,0,0,0.0,0,0
7408010,CVB45.BC,2025-12-05,Proceso,0,0,1382.0,1382,0
7408011,CVB45.BC,2021-01-01,Reparado,0,0,0.0,0,0
7408012,CVB45.BC,2020-12-02,Reparado,0,0,0.0,0,0
7408012,CVB45.BC,2022-07-19,Reparado / Garantía Lab,0,0,594.0,594,0
7408012,CVB45.BC,2023-01-11,Reparado / Garantía Lab,1,1,176.0,770,0
7408013,CVB45.BC,2021-01-07,Reparado,0,0,0.0,0,0
7408013,CVB45.BC,2023-08-29,Reparado / Garantía Lab,0,0,964.0,964,0
7408015,CVB45.BC,2020-11-19,Reparado,0,0,0.0,0,0
7408015,CVB45.BC,2021-08-25,Reparado / Garantía Lab,0,1,279.0,279,0
7408015,CVB45.BC,2022-06-05,Reparado / Garantía Lab,0,1,284.0,563,0
7408015,CVB45.BC,2024-06-28,Reparado / Garantía Lab,0,0,754.0,1317,0
7408016,CVB45.BC,2022-08-03,Reparado,0,0,0.0,0,0
7408016,CVB45.BC,2025-10-14,Reparado,0,0,1168.0,1168,1
7408016,CVB45.BC,2025-10-17,Reparado / Garantía Lab,1,1,3.0,1171,0
7408017,CVB45.BC,2023-07-09,Reparado,0,0,0.0,0,0
7408018,CVB45.BC,2021-05-28,Reparado,0,0,0.0,0,0
7408019,CVB45.BC,2021-06-25,Reparado,0,0,0.0,0,0
7408019,CVB45.BC,2022-10-22,Reparado / Garantía Lab,0,0,484.0,484,0
7408019,CVB45.BC,2022-11-23,Reparado / Garantía Lab,1,1,32.0,516,0
7408019,CVB45.BC,2024-08-27,Reparado / Garantía Lab,0,0,643.0,1159,0
7408019,CVB45.BC,2024-12-03,Reparado / Garantía Lab,1,1,98.0,1257,0
7408021,CVB45.BC,2021-01-26,Reparado,0,0,0.0,0,0
7408021,CVB45.BC,2022-01-24,Reparado / Garantía Lab,0,1,363.0,363,0
7408021,CVB45.BC,2022-05-16,Reparado / Garantía Lab,1,1,112.0,475,0
7408021,CVB45.BC,2022-08-28,Reparado / Garantía Lab,1,2,104.0,579,0
7408021,CVB45.BC,2022-11-23,Reparado / Garantía Lab,1,3,87.0,666,0
7408021,CVB45.BC,2025-07-29,Reparado / Garantía Lab,0,0,979.0,1645,0
7408023,CVB45.BC,2021-12-28,Reparado,0,0,0.0,0,0
7408024,CVB45.BC,2022-05-12,Reparado,0,0,0.0,0,0
7408025,CVB45.BC,2021-08-10,Reparado,0,0,0.0,0,1
7408025,CVB45.BC,2021-08-16,Reparado / Garantía Lab,1,1,6.0,6,0
7408026,CVB45.BC,2022-07-06,Reparado,0,0,0.0,0,0
7408026,CVB45.BC,2022-09-13,Reparado / Garantía Lab,1,1,69.0,69,1
7408026,CVB45.BC,2022-09-21,Reparado / Garantía Lab,2,2,8.0,77,0
7408026,CVB45.BC,2023-08-07,Reparado / Garantía Lab,0,2,320.0,397,0
7408026,CVB45.BC,2023-10-03,Reparado / Garantía Lab,1,1,57.0,454,0
7408026,CVB45.BC,2025-04-14,Reparado / Garantía Lab,0,0,559.0,1013,0
7408027,CVB45.BC,2021-12-06,Reparado,0,0,0.0,0,0
7408027,CVB45.BC,2023-08-06,Reparado / Garantía Lab,0,0,608.0,608,0
7408028,CVB45.BC,2021-05-04,Reparado,0,0,0.0,0,0
7408028,CVB45.BC,2024-04-29,Reparado / Garantía Lab,0,0,1091.0,1091,0
7408028,CVB45.BC,2024-11-18,Reparado / Garantía Lab,0,1,203.0,1294,1
7408028,CVB45.BC,2024-11-20,Reparado / Garantía Lab,1,2,2.0,1296,1
7408028,CVB45.BC,2024-11-22,Reparado / Garantía Lab,2,3,2.0,1298,0
7408028,CVB45.BC,2025-01-13,Reparado / Garantía Lab,3,4,52.0,1350,1
7408028,CVB45.BC,2025-01-21,Reparado / Garantía Lab,4,5,8.0,1358,1
7408028,CVB45.BC,2025-01-27,Reparado / Garantía Lab,5,6,6.0,1364,1
7408028,CVB45.BC,2025-02-17,Reparado / Garantía Lab,6,7,21.0,1385,0
7408029,CVB45.BC,2021-04-15,Reparado,0,0,0.0,0,0
7408031,CVB45.BC,2020-12-09,Reparado,0,0,0.0,0,0
7408031,CVB45.BC,2023-10-14,Reparado / Garantía Lab,0,0,1039.0,1039,0
7408031,CVB45.BC,2025-10-15,Reparado / Garantía Lab,0,0,732.0,1771,0
7408034,CVB45.BC,2022-04-20,Reparado,0,0,0.0,0,0
7408035,CVB45.BC,2021-03-09,Reparado,0,0,0.0,0,0
7408035,CVB45.BC,2021-07-14,Reparado / Garantía Lab,1,1,127.0,127,0
7408035,CVB45.BC,2024-02-22,Reparado / Garantía Lab,0,0,953.0,1080,1
7408035,CVB45.BC,2024-03-05,Reparado / Garantía Lab,1,1,12.0,1092,0
7408036,CVB45.BC,2025-08-07,Reparado,0,0,0.0,0,0
7408037,CVB45.BC,2021-06-21,Reparado,0,0,0.0,0,1
7408037,CVB45.BC,2021-07-20,POD,1,1,29.0,29,0
7408038,CVB45.BC,2020-12-03,Reparado,0,0,0.0,0,1
7408038,CVB45.BC,2020-12-18,Reparado,1,1,15.0,15,1
7408038,CVB45.BC,2020-12-31,Reparado,2,2,13.0,28,1
7408038,CVB45.BC,2021-01-07,Reparado / Garantía Lab,3,3,7.0,35,0
7408038,CVB45.BC,2021-11-09,Reparado / Garantía Lab,0,4,306.0,341,1
7408038,CVB45.BC,2021-11-22,Reparado / Garantía Lab,1,5,13.0,354,0
7408039,CVB45.BC,2023-05-29,Reparado,0,0,0.0,0,0
7408040,CVB45.BC,2023-06-20,Reparado,0,0,0.0,0,0
7408042,CVB45.BC,2021-01-12,Reparado / Garantía Lab,0,0,0.0,0,0
7408042,CVB45.BC,2021-04-21,Reparado / Garantía Lab,1,1,99.0,99,0
7408042,CVB45.BC,2021-09-08,Reparado / Garantía Lab,1,2,140.0,239,0
7408042,CVB45.BC,2022-09-27,Reparado / Garantía Lab,0,0,384.0,623,0
7408042,CVB45.BC,2023-08-09,POD Reparado,0,1,316.0,939,1
7408042,CVB45.BC,2023-08-17,Reparado / Garantía Lab,1,2,8.0,947,0
7408042,CVB45.BC,2024-04-08,Reparado / Garantía Lab,0,2,235.0,1182,0
7408042,CVB45.BC,2024-05-21,Reparado / Garantía Lab,1,3,43.0,1225,1
7408042,CVB45.BC,2024-06-13,Reparado / Garantía Lab,2,4,23.0,1248,0
7408042,CVB45.BC,2024-07-26,Reparado / Garantía Lab,3,5,43.0,1291,0
7408042,CVB45.BC,2024-08-27,Reparado / Garantía Lab,4,4,32.0,1323,0
7408042,CVB45.BC,2025-03-24,Reparado / Garantía Lab,0,5,209.0,1532,0
7408043,CVB45.BC,2025-07-31,Reparado,0,0,0.0,0,1
7408043,CVB45.BC,2025-08-06,Reparado / Garantía Lab,1,1,6.0,6,0
7408044,CVB45.BC,2021-02-17,Reparado,0,0,0.0,0,0
7408044,CVB45.BC,2024-03-18,Reparado / Garantía Lab,0,0,1125.0,1125,0
7408045,CVB45.BC,2020-12-17,Reparado,0,0,0.0,0,0
7408045,CVB45.BC,2021-02-17,Reparado / Garantía Lab,1,1,62.0,62,0
7408046,CVB45.BC,2022-06-24,Reparado,0,0,0.0,0,0
7408046,CVB45.BC,2025-11-25,Reparado / Garantía Lab,0,0,1250.0,1250,0
7408047,CVB45.BC,2020-12-01,Reparado,0,0,0.0,0,0
7408047,CVB45.BC,2025-08-28,Reparado / Garantía Lab,0,0,1731.0,1731,0
7408048,CVB45.BC,2022-04-09,Reparado,0,0,0.0,0,0
7408049,CVB45.BC,2023-06-06,Reparado,0,0,0.0,0,0
7408052,CVB45.BC,2023-12-01,Reparado,0,0,0.0,0,0
7408053,CVB45.BC,2024-09-03,Reparado,0,0,0.0,0,0
7408055,CVB45.BC,2020-12-01,Reparado,0,0,0.0,0,1
7408055,CVB45.BC,2020-12-14,Reparado / Garantía Lab,1,1,13.0,13,0
7408055,CVB45.BC,2024-08-07,POD Reparado,0,0,1332.0,1345,0
7408057,CVB45.BC,2020-11-15,Reparado,0,0,0.0,0,0
7408057,CVB45.BC,2021-08-19,Reparado / Garantía Lab,0,1,277.0,277,0
7408058,CVB45.BC,2025-10-27,Reparado,0,0,0.0,0,0
7408059,CVB45.BC,2021-07-28,Reparado,0,0,0.0,0,0
7408059,CVB45.BC,2023-12-20,Reparado / Garantía Lab,0,0,875.0,875,0
7408060,CVB45.BC,2023-05-20,Reparado,0,0,0.0,0,0
7408061,CVB45.BC,2021-02-07,Reparado,0,0,0.0,0,0
7408062,CVB45.BC,2022-09-16,Reparado,0,0,0.0,0,0
7408063,CVB45.BC,2025-09-02,Reparado,0,0,0.0,0,0
7408064,CVB45.BC,2025-09-22,POD Reparado,0,0,0.0,0,0
7408064,CVB45.BC,2025-11-26,Reparado / Garantía Lab,1,1,65.0,65,1
7408064,CVB45.BC,2025-12-02,Reparado / Garantía Lab,2,2,6.0,71,1
7408064,CVB45.BC,2025-12-05,Proceso,3,3,3.0,74,0
7408065,CVB45.BC,2021-11-10,Reparado,0,0,0.0,0,0
7408067,CVB45.BC,2022-11-08,Reparado,0,0,0.0,0,0
7408069,CVB45.BC,2021-12-31,Reparado,0,0,0.0,0,0
7408069,CVB45.BC,2023-09-13,Reparado / Garantía Lab,0,0,621.0,621,0
7408069,CVB45.BC,2024-05-07,Reparado / Garantía Lab,0,1,237.0,858,0
7408069,CVB45.BC,2024-07-26,Reparado / Garantía Lab,1,2,80.0,938,0
7408070,CVB45.BC,2022-09-30,Reparado,0,0,0.0,0,0
7408070,CVB45.BC,2025-03-17,Reparado / Garantía Lab,0,0,899.0,899,1
7408070,CVB45.BC,2025-03-20,Reparado / Garantía Lab,1,1,3.0,902,0
7408072,CVB45.BC,2020-11-25,Reparado,0,0,0.0,0,1
7408072,CVB45.BC,2020-12-21,Reparado / Garantía Lab,1,1,26.0,26,0
7408072,CVB45.BC,2023-10-17,Reparado / Garantía Lab,0,0,1030.0,1056,0
7408073,CVB45.BC,2020-12-01,Reparado,0,0,0.0,0,0
7408073,CVB45.BC,2021-01-04,Reparado,1,1,34.0,34,1
7408073,CVB45.BC,2021-01-22,Reparado / Garantía Lab,2,2,18.0,52,1
7408073,CVB45.BC,2021-02-04,Reparado / Garantía Lab,3,3,13.0,65,1
7408073,CVB45.BC,2021-02-23,Reparado / Garantía Lab,4,4,19.0,84,1
7408073,CVB45.BC,2021-02-26,Reparado,5,5,3.0,87,0
7408073,CVB45.BC,2021-05-14,Reparado / Garantía Lab,6,6,77.0,164,0
7408074,CVB45.BC,2020-12-01,Reparado,0,0,0.0,0,0
7408074,CVB45.BC,2021-07-30,Reparado / Garantía Lab,0,1,241.0,241,0
7408075,CVB45.BC,2025-09-16,Reparado,0,0,0.0,0,0
7408079,CVB45.BC,2022-07-06,Reparado,0,0,0.0,0,0
7408080,CVB45.BC,2021-07-12,Reparado,0,0,0.0,0,0
7408080,CVB45.BC,2025-01-15,Reparado / Garantía Lab,0,0,1283.0,1283,0
7408081,CVB45.BC,2023-06-15,Reparado,0,0,0.0,0,0
7408082,CVB45.BC,2021-02-05,Reparado,0,0,0.0,0,0
7408082,CVB45.BC,2023-07-26,Reparado / Garantía Lab,0,0,901.0,901,0
7408082,CVB45.BC,2025-10-20,Reparado / Garantía Lab,0,0,817.0,1718,1
7408082,CVB45.BC,2025-11-10,Reparado / Garantía Lab,1,1,21.0,1739,0
7408083,CVB45.BC,2023-08-11,Reparado,0,0,0.0,0,0
7408084,CVB45.BC,2022-04-23,Reparado,0,0,0.0,0,0
7408085,CVB45.BC,2021-11-12,Reparado,0,0,0.0,0,0
7408085,CVB45.BC,2021-12-22,Reparado / Garantía Lab,1,1,40.0,40,0
7408086,CVB45.BC,2021-01-22,Reparado,0,0,0.0,0,0
7408086,CVB45.BC,2024-02-26,Reparado / Garantía Lab,0,0,1130.0,1130,0
7408086,CVB45.BC,2024-07-05,Reparado / Garantía Lab,1,1,130.0,1260,1
7408086,CVB45.BC,2024-07-12,Reparado / Garantía Lab,2,2,7.0,1267,0
7408087,CVB45.BC,2025-09-02,Reparado,0,0,0.0,0,0
7408088,CVB45.BC,2021-11-13,Reparado,0,0,0.0,0,0
7408090,CVB45.BC,2021-07-19,Reparado,0,0,0.0,0,0
7408090,CVB45.BC,2022-01-06,Reparado / Garantía Lab,1,1,171.0,171,0
7408090,CVB45.BC,2024-07-25,Reparado / Garantía Lab,0,0,931.0,1102,0
7408091,CVB45.BC,2021-09-29,Reparado,0,0,0.0,0,0
7408091,CVB45.BC,2023-08-31,Reparado / Garantía Lab,0,0,701.0,701,0
7408091,CVB45.BC,2025-11-27,Reparado / Garantía Lab,0,0,819.0,1520,0
7408092,CVB45.BC,2021-04-16,Reparado,0,0,0.0,0,0
7408092,CVB45.BC,2021-08-08,Reparado / Garantía Lab,1,1,114.0,114,0
7408093,CVB45.BC,2023-11-04,Reparado,0,0,0.0,0,0
7408093,CVB45.BC,2025-09-08,Reparado / Garantía Lab,0,0,674.0,674,0
7408094,CVB45.BC,2024-06-27,Reparado,0,0,0.0,0,0
7408094,CVB45.BC,2025-09-30,Reparado / Garantía Lab,0,0,460.0,460,0
7408094,CVB45.BC,2025-11-04,Reparado / Garantía Lab,1,1,35.0,495,1
7408094,CVB45.BC,2025-11-06,Reparado / Garantía Lab,2,2,2.0,497,1
7408094,CVB45.BC,2025-11-12,Reparado / Garantía Lab,3,3,6.0,503,0
7408095,CVB45.BC,2020-12-11,Reparado,0,0,0.0,0,0
7408095,CVB45.BC,2021-08-18,Reparado / Garantía Lab,0,1,250.0,250,0
7408095,CVB45.BC,2023-09-11,Reparado / Garantía Lab,0,0,754.0,1004,0
7408098,CVB45.BC,2020-11-28,Reparado,0,0,0.0,0,1
7408098,CVB45.BC,2020-12-14,Reparado / Garantía Lab,1,1,16.0,16,0
7408098,CVB45.BC,2022-01-11,Reparado / Garantía Lab,0,0,393.0,409,0
7408098,CVB45.BC,2024-10-01,Reparado / Garantía Lab,0,0,994.0,1403,0
7408098,CVB45.BC,2025-09-16,Reparado / Garantía Lab,0,1,350.0,1753,0
7408099,CVB45.BC,2021-03-09,Reparado,0,0,0.0,0,0
7408101,CVB45.BC,2020-12-28,Reparado,0,0,0.0,0,0
7408101,CVB45.BC,2021-09-06,Reparado / Garantía Lab,0,1,252.0,252,0
7408102,CVB45.BC,2021-01-06,Reparado,0,0,0.0,0,0
7408104,CVB45.BC,2020-12-01,Reparado,0,0,0.0,0,0
7408104,CVB45.BC,2021-06-08,Reparado / Garantía Lab,0,1,189.0,189,0
7408104,CVB45.BC,2023-10-08,Reparado / Garantía Lab,0,0,852.0,1041,0
7408105,CVB45.BC,2022-07-04,Reparado,0,0,0.0,0,0
7408105,CVB45.BC,2025-10-20,Reparado / Garantía Lab,0,0,1204.0,1204,0
7408106,CVB45.BC,2023-06-07,Reparado,0,0,0.0,0,0
7408106,CVB45.BC,2025-08-25,Reparado / Garantía Lab,0,0,810.0,810,0
7408107,CVB45.BC,2022-07-22,Reparado,0,0,0.0,0,0
7408107,CVB45.BC,2024-11-15,Reparado / Garantía Lab,0,0,847.0,847,0
7408108,CVB45.BC,2025-09-04,Reparado,0,0,0.0,0,0
7408109,CVB45.BC,2024-09-24,Reparado,0,0,0.0,0,0
7408110,CVB45.BC,2021-11-18,POD Reparado,0,0,0.0,0,0
7408110,CVB45.BC,2024-10-03,Reparado / Garantía Lab,0,0,1050.0,1050,0
7408111,CVB45.BC,2021-05-10,Reparado,0,0,0.0,0,0
7408111,CVB45.BC,2025-06-25,Reparado / Garantía Lab,0,0,1507.0,1507,0
7408111,CVB45.BC,2025-10-20,Reparado / Garantía Lab,1,1,117.0,1624,0
7408112,CVB45.BC,2024-06-10,Reparado,0,0,0.0,0,0
7408112,CVB45.BC,2024-09-25,Reparado / Garantía Lab,1,1,107.0,107,0
7408113,CVB45.BC,2021-05-07,Reparado,0,0,0.0,0,0
7408113,CVB45.BC,2024-08-06,Reparado / Garantía Lab,0,0,1187.0,1187,0
7408113,CVB45.BC,2025-07-03,Reparado / Garantía Lab,0,1,331.0,1518,0
7408113,CVB45.BC,2025-08-22,Reparado / Garantía Lab,1,1,50.0,1568,0
7408113,CVB45.BC,2025-10-16,Reparado / Garantía Lab,2,2,55.0,1623,1
7408113,CVB45.BC,2025-10-30,Reparado / Garantía Lab,3,3,14.0,1637,1
7408113,CVB45.BC,2025-11-04,Reparado / Garantía Lab,4,4,5.0,1642,1
7408113,CVB45.BC,2025-11-07,Reparado / Garantía Lab,5,5,3.0,1645,1
7408113,CVB45.BC,2025-11-11,Reparado / Garantía Lab,6,6,4.0,1649,1
7408113,CVB45.BC,2025-11-13,Reparado / Garantía Lab,7,7,2.0,1651,0
7408114,CVB45.BC,2021-06-15,Reparado,0,0,0.0,0,0
7408114,CVB45.BC,2024-06-03,Reparado / Garantía Lab,0,0,1084.0,1084,0
7408115,CVB45.BC,2021-02-18,Reparado,0,0,0.0,0,1
7408115,CVB45.BC,2021-03-01,Reparado / Garantía Lab,1,1,11.0,11,0
7408115,CVB45.BC,2021-05-27,Reparado / Garantía Lab,2,2,87.0,98,0
7408115,CVB45.BC,2021-09-21,Reparado / Garantía Lab,1,3,117.0,215,0
7408115,CVB45.BC,2021-10-26,Reparado / Garantía Lab,2,4,35.0,250,1
7408115,CVB45.BC,2021-10-28,Reparado / Garantía Lab,3,5,2.0,252,0
7408115,CVB45.BC,2022-06-03,Reparado / Garantía Lab,0,3,218.0,470,0
7408115,CVB45.BC,2022-07-27,Reparado / Garantía Lab,1,4,54.0,524,0
7408115,CVB45.BC,2022-10-24,Reparado / Garantía Lab,2,4,89.0,613,1
7408115,CVB45.BC,2022-11-15,Reparado / Garantía Lab,3,3,22.0,635,0
7408116,CVB45.BC,2025-10-20,Reparado,0,0,0.0,0,0
7408117,CVB45.BC,2024-09-13,Reparado,0,0,0.0,0,0
7408120,CVB45.BC,2022-06-18,Reparado,0,0,0.0,0,0
7408120,CVB45.BC,2024-10-18,Reparado / Garantía Lab,0,0,853.0,853,0
7408121,CVB45.BC,2023-12-21,Reparado,0,0,0.0,0,0
7408122,CVB45.BC,2020-11-19,Reparado,0,0,0.0,0,0
7408122,CVB45.BC,2021-12-27,Reparado / Garantía Lab,0,0,403.0,403,1
7408122,CVB45.BC,2022-01-03,Reparado / Garantía Lab,1,1,7.0,410,0
7408122,CVB45.BC,2023-11-22,POD Reparado,0,0,688.0,1098,0
7408122,CVB45.BC,2025-08-27,Reparado / Garantía Lab,0,0,644.0,1742,0
7408123,CVB45.BC,2020-11-19,Reparado,0,0,0.0,0,1
7408123,CVB45.BC,2020-11-25,Reparado / Garantía Lab,1,1,6.0,6,0
7408123,CVB45.BC,2021-12-30,Reparado / Garantía Lab,0,0,400.0,406,0
7408124,CVB45.BC,2021-11-09,Reparado,0,0,0.0,0,0
7408124,CVB45.BC,2022-06-15,Reparado / Garantía Lab,0,1,218.0,218,0
7408125,CVB45.BC,2021-03-11,Reparado,0,0,0.0,0,0
7408126,CVB45.BC,2022-06-16,Reparado,0,0,0.0,0,0
7408127,CVB45.BC,2020-11-27,Reparado,0,0,0.0,0,0
7408127,CVB45.BC,2022-03-25,Reparado / Garantía Lab,0,0,483.0,483,1
7408127,CVB45.BC,2022-04-11,Reparado / Garantía Lab,1,1,17.0,500,0
7408128,CVB45.BC,2021-03-04,Reparado,0,0,0.0,0,0
7408129,CVB45.BC,2021-03-01,Reparado,0,0,0.0,0,0
7408130,CVB45.BC,2022-08-09,Reparado,0,0,0.0,0,0
7408130,CVB45.BC,2022-09-27,Reparado / Garantía Lab,1,1,49.0,49,0
7408130,CVB45.BC,2025-04-24,POD Reparado,0,0,940.0,989,0
7408131,CVB45.BC,2024-03-06,Reparado,0,0,0.0,0,0
7408132,CVB45.BC,2020-11-18,Reparado,0,0,0.0,0,0
7408132,CVB45.BC,2024-03-17,Reparado / Garantía Lab,0,0,1215.0,1215,0
7408133,CVB45.BC,2021-05-18,Reparado,0,0,0.0,0,0
7408135,CVB45.BC,2020-12-16,Reparado,0,0,0.0,0,0
7408135,CVB45.BC,2023-05-30,Reparado,0,0,895.0,895,0
7408135,CVB45.BC,2024-08-30,Reparado / Garantía Lab,0,0,458.0,1353,0
7408135,CVB45.BC,2025-07-10,Reparado / Garantía Lab,0,1,314.0,1667,1
7408135,CVB45.BC,2025-07-14,Reparado / Garantía Lab,1,2,4.0,1671,0
7408136,CVB45.BC,2021-01-21,Reparado,0,0,0.0,0,0
7408136,CVB45.BC,2024-09-24,Reparado / Garantía Lab,0,0,1342.0,1342,0
7408136,CVB45.BC,2025-09-05,Reparado / Garantía Lab,0,1,346.0,1688,0
7408137,CVB45.BC,2020-12-03,Reparado,0,0,0.0,0,0
7408139,CVB45.BC,2025-09-02,Reparado,0,0,0.0,0,0
7408139,CVB45.BC,2025-10-07,Reparado / Garantía Lab,1,1,35.0,35,0
7408140,CVB45.BC,2020-11-19,Reparado,0,0,0.0,0,0
7408140,CVB45.BC,2021-04-07,Reparado / Garantía Lab,1,1,139.0,139,0
7408141,CVB45.BC,2020-11-09,Reparado,0,0,0.0,0,0
7408141,CVB45.BC,2022-01-27,Reparado / Garantía Lab,0,0,444.0,444,0
7408142,CVB45.BC,2021-06-19,Reparado,0,0,0.0,0,0
7408142,CVB45.BC,2023-09-09,Reparado / Garantía Lab,0,0,812.0,812,0
7408142,CVB45.BC,2024-05-20,Reparado / Garantía Lab,0,1,254.0,1066,0
7408142,CVB45.BC,2025-10-20,Reparado / Garantía Lab,0,0,518.0,1584,0
7408143,CVB45.BC,2020-12-28,Reparado,0,0,0.0,0,0
7408143,CVB45.BC,2022-07-26,Reparado / Garantía Lab,0,0,575.0,575,0
7408144,CVB45.BC,2022-06-01,Reparado,0,0,0.0,0,0
7408145,CVB45.BC,2020-12-17,Reparado,0,0,0.0,0,1
7408145,CVB45.BC,2020-12-30,Reparado,1,1,13.0,13,0
7408146,CVB45.BC,2020-12-01,Reparado,0,0,0.0,0,1
7408146,CVB45.BC,2020-12-14,Reparado / Garantía Lab,1,1,13.0,13,0
7408146,CVB45.BC,2021-06-11,Reparado / Garantía Lab,1,2,179.0,192,0
7408148,CVB45.BC,2021-09-29,Reparado,0,0,0.0,0,0
7408149,CVB45.BC,2021-03-12,Reparado / Garantía Lab,0,0,0.0,0,1
7408149,CVB45.BC,2021-04-01,Reparado,1,1,20.0,20,0
7408149,CVB45.BC,2021-05-20,Reparado / Garantía Lab,2,2,49.0,69,0
7408149,CVB45.BC,2021-11-15,Reparado / Garantía Lab,1,3,179.0,248,1
7408149,CVB45.BC,2021-11-25,Reparado / Garantía Lab,1,4,10.0,258,1
7408149,CVB45.BC,2021-12-14,Reparado / Garantía Lab,2,5,19.0,277,1
7408149,CVB45.BC,2022-01-13,Reparado / Garantía Lab,3,6,30.0,307,0
7408149,CVB45.BC,2022-04-04,POD Reparado,4,5,81.0,388,0
7408149,CVB45.BC,2024-08-12,Reparado / Garantía Lab,0,0,861.0,1249,0
7408150,CVB45.BC,2021-04-21,Reparado,0,0,0.0,0,0
7408150,CVB45.BC,2024-05-28,Reparado / Garantía Lab,0,0,1133.0,1133,0
7408151,CVB45.BC,2021-10-28,POD Reparado,0,0,0.0,0,0
7408151,CVB45.BC,2022-01-21,Reparado / Garantía Lab,1,1,85.0,85,1
7408151,CVB45.BC,2022-01-27,Reparado / Garantía Lab,2,2,6.0,91,0
7408151,CVB45.BC,2024-06-14,Reparado / Garantía Lab,0,0,869.0,960,1
7408151,CVB45.BC,2024-06-24,Reparado / Garantía Lab,1,1,10.0,970,0
7408152,CVB45.BC,2020-12-02,Reparado,0,0,0.0,0,0
7408152,CVB45.BC,2021-02-25,Reparado,1,1,85.0,85,1
7408152,CVB45.BC,2021-02-26,Reparado / Garantía Lab,2,2,1.0,86,0
7408152,CVB45.BC,2022-04-14,Reparado / Garantía Lab,0,0,412.0,498,0
7408152,CVB45.BC,2023-07-01,Reparado / Garantía Lab,0,0,443.0,941,0
7408152,CVB45.BC,2025-08-22,Reparado / Garantía Lab,0,0,783.0,1724,1
7408152,CVB45.BC,2025-09-01,Reparado / Garantía Lab,1,1,10.0,1734,0
7408153,CVB45.BC,2022-07-13,Reparado,0,0,0.0,0,1
7408153,CVB45.BC,2022-07-21,Reparado / Garantía Lab,1,1,8.0,8,0
7408153,CVB45.BC,2025-01-14,Reparado / Garantía Lab,0,0,908.0,916,0
7408153,CVB45.BC,2025-05-30,Reparado / Garantía Lab,1,1,136.0,1052,0
7408154,CVB45.BC,2024-04-03,Reparado,0,0,0.0,0,0
7408155,CVB45.BC,2020-12-11,Reparado,0,0,0.0,0,1
7408155,CVB45.BC,2020-12-29,Reparado / Garantía Lab,1,1,18.0,18,0
7408156,CVB45.BC,2021-08-17,Reparado,0,0,0.0,0,0
7408156,CVB45.BC,2023-02-12,Reparado / Garantía Lab,0,0,544.0,544,0
7408159,CVB45.BC,2021-03-26,Reparado,0,0,0.0,0,0
7408159,CVB45.BC,2023-08-21,Reparado / Garantía Lab,0,0,878.0,878,0
7408160,CVB45.BC,2021-11-02,POD Reparado,0,0,0.0,0,0
7408160,CVB45.BC,2025-09-02,Reparado / Garantía Lab,0,0,1400.0,1400,0
7408161,CVB45.BC,2022-03-08,Reparado,0,0,0.0,0,0
7408162,CVB45.BC,2021-12-07,Reparado,0,0,0.0,0,0
7408163,CVB45.BC,2021-10-09,Reparado,0,0,0.0,0,0
7408164,CVB45.BC,2022-08-19,Reparado,0,0,0.0,0,0
7408164,CVB45.BC,2022-11-08,Reparado / Garantía Lab,1,1,81.0,81,0
7408164,CVB45.BC,2024-05-17,Reparado / Garantía Lab,0,0,556.0,637,0
7408165,CVB45.BC,2020-11-06,Reparado,0,0,0.0,0,0
7408165,CVB45.BC,2020-12-14,Reparado / Garantía Lab,1,1,38.0,38,0
7408166,CVB45.BC,2021-11-23,Reparado,0,0,0.0,0,0
7408167,CVB45.BC,2023-07-06,Reparado,0,0,0.0,0,0
7408167,CVB45.BC,2025-03-04,POD Reparado,0,0,607.0,607,0
7408167,CVB45.BC,2025-08-21,Reparado / Garantía Lab,1,1,170.0,777,0
7408168,CVB45.BC,2020-12-24,Reparado,0,0,0.0,0,0
7408168,CVB45.BC,2021-05-29,Reparado / Garantía Lab,1,1,156.0,156,0
7408169,CVB45.BC,2021-04-01,Reparado,0,0,0.0,0,0
7408169,CVB45.BC,2022-12-23,POD Reparado,0,0,631.0,631,0
7408170,CVB45.BC,2023-07-03,Reparado,0,0,0.0,0,0
7408170,CVB45.BC,2025-11-13,Reparado / Garantía Lab,0,0,864.0,864,0
7408171,CVB45.BC,2021-12-09,Reparado,0,0,0.0,0,0
7408171,CVB45.BC,2024-05-18,Reparado / Garantía Lab,0,0,891.0,891,0
7408171,CVB45.BC,2024-08-28,Reparado / Garantía Lab,1,1,102.0,993,1
7408171,CVB45.BC,2024-08-30,Reparado / Garantía Lab,2,2,2.0,995,0
7408172,CVB45.BC,2021-01-06,Reparado,0,0,0.0,0,0
7408172,CVB45.BC,2021-03-27,Reparado / Garantía Lab,1,1,80.0,80,0
7408172,CVB45.BC,2024-08-13,Reparado / Garantía Lab,0,0,1235.0,1315,0
7408173,CVB45.BC,2021-10-19,Reparado,0,0,0.0,0,0
7408173,CVB45.BC,2021-12-16,Reparado / Garantía Lab,1,1,58.0,58,1
7408173,CVB45.BC,2021-12-22,Reparado / Garantía Lab,2,2,6.0,64,1
7408173,CVB45.BC,2021-12-27,Reparado / Garantía Lab,3,3,5.0,69,0
7408173,CVB45.BC,2023-12-07,Reparado / Garantía Lab,0,0,710.0,779,0
7408175,CVB45.BC,2020-12-15,Reparado,0,0,0.0,0,0
7408175,CVB45.BC,2021-02-22,POD,1,1,69.0,69,0
7408175,CVB45.BC,2021-02-22,POD Reparado,1,1,69.0,69,0
7408176,CVB45.BC,2021-06-11,Reparado,0,0,0.0,0,0
7408176,CVB45.BC,2023-01-31,Reparado / Garantía Lab,0,0,599.0,599,0
7408178,CVB45.BC,2020-12-14,Reparado,0,0,0.0,0,0
7408178,CVB45.BC,2021-07-21,Reparado / Garantía Lab,0,1,219.0,219,0
7408179,CVB45.BC,2022-07-18,Reparado,0,0,0.0,0,0
7408180,CVB45.BC,2020-12-01,Reparado,0,0,0.0,0,1
7408180,CVB45.BC,2020-12-14,Reparado / Garantía Lab,1,1,13.0,13,0
7408181,CVB45.BC,2021-09-16,Reparado,0,0,0.0,0,0
7408181,CVB45.BC,2021-11-24,Reparado / Garantía Lab,1,1,69.0,69,1
7408181,CVB45.BC,2021-12-02,Reparado / Garantía Lab,2,2,8.0,77,0
7408181,CVB45.BC,2023-09-08,Reparado / Garantía Lab,0,0,645.0,722,0
7408182,CVB45.BC,2021-06-15,Reparado,0,0,0.0,0,0
7408182,CVB45.BC,2022-06-08,Reparado / Garantía Lab,0,1,358.0,358,0
7408183,CVB45.BC,2022-09-30,Reparado,0,0,0.0,0,0
7408183,CVB45.BC,2025-03-13,Reparado / Garantía Lab,0,0,895.0,895,0
7408183,CVB45.BC,2025-10-20,Reparado / Garantía Lab,0,1,221.0,1116,0
7408184,CVB45.BC,2023-09-13,Reparado,0,0,0.0,0,0
7408185,CVB45.BC,2021-02-11,Reparado,0,0,0.0,0,0
7408186,CVB45.BC,2021-02-09,Reparado,0,0,0.0,0,0
7408187,CVB45.BC,2022-12-08,Reparado,0,0,0.0,0,0
7408187,CVB45.BC,2024-12-09,Reparado / Garantía Lab,0,0,732.0,732,0
7408187,CVB45.BC,2025-08-22,Reparado / Garantía Lab,0,1,256.0,988,0
7408188,CVB45.BC,2021-11-10,Reparado,0,0,0.0,0,0
7408189,CVB45.BC,2021-02-04,Reparado,0,0,0.0,0,0
7408189,CVB45.BC,2023-10-30,Reparado / Garantía Lab,0,0,998.0,998,0
7408190,CVB45.BC,2021-02-25,Reparado,0,0,0.0,0,0
7408190,CVB45.BC,2021-07-15,Reparado / Garantía Lab,1,1,140.0,140,0
7408190,CVB45.BC,2022-08-09,Reparado / Garantía Lab,0,0,390.0,530,0
7408190,CVB45.BC,2024-03-27,Reparado / Garantía Lab,0,0,596.0,1126,0
7408190,CVB45.BC,2024-05-17,Reparado / Garantía Lab,1,1,51.0,1177,0
7408190,CVB45.BC,2024-10-08,Reparado / Garantía Lab,1,2,144.0,1321,1
7408190,CVB45.BC,2024-10-23,Reparado / Garantía Lab,2,3,15.0,1336,0
7408191,CVB45.BC,2024-07-18,Reparado,0,0,0.0,0,0
7408191,CVB45.BC,2025-10-15,Reparado / Garantía Lab,0,0,454.0,454,0
7408192,CVB45.BC,2022-12-03,Reparado,0,0,0.0,0,1
7408192,CVB45.BC,2022-12-12,Reparado / Garantía Lab,1,1,9.0,9,0
7408193,CVB45.BC,2021-07-20,Reparado,0,0,0.0,0,0
7408194,CVB45.BC,2021-04-06,Reparado,0,0,0.0,0,0
7408194,CVB45.BC,2025-10-20,Reparado / Garantía Lab,0,0,1658.0,1658,0
7408195,CVB45.BC,2023-09-22,Reparado,0,0,0.0,0,0
7408195,CVB45.BC,2025-07-15,Reparado / Garantía Lab,0,0,662.0,662,0
7408195,CVB45.BC,2025-11-06,Reparado / Garantía Lab,1,1,114.0,776,0
7408196,CVB45.BC,2022-07-07,POD Reparado,0,0,0.0,0,0
7408196,CVB45.BC,2022-11-08,Reparado / Garantía Lab,1,1,124.0,124,0
7408197,CVB45.BC,2021-05-24,Reparado,0,0,0.0,0,0
7408197,CVB45.BC,2023-11-11,Reparado / Garantía Lab,0,0,901.0,901,0
7408198,CVB45.BC,2024-07-28,Reparado,0,0,0.0,0,0
7408199,CVB45.BC,2022-12-29,Reparado,0,0,0.0,0,0
7408200,CVB45.BC,2021-05-05,Reparado,0,0,0.0,0,0
7408200,CVB45.BC,2024-11-13,Reparado / Garantía Lab,0,0,1288.0,1288,0
7408201,CVB45.BC,2023-01-12,Reparado,0,0,0.0,0,0
7408201,CVB45.BC,2024-03-07,Reparado / Garantía Lab,0,0,420.0,420,0
7408201,CVB45.BC,2024-09-11,Reparado / Garantía Lab,0,1,188.0,608,0
7408202,CVB45.BC,2021-04-05,Reparado,0,0,0.0,0,0
7408202,CVB45.BC,2025-10-27,Reparado / Garantía Lab,0,0,1666.0,1666,0
7408203,CVB45.BC,2021-06-26,Reparado,0,0,0.0,0,0
7408203,CVB45.BC,2024-03-09,Reparado / Garantía Lab,0,0,987.0,987,0
7408203,CVB45.BC,2025-06-30,Reparado / Garantía Lab,0,0,478.0,1465,0
7408203,CVB45.BC,2025-08-21,Reparado / Garantía Lab,1,1,52.0,1517,0
7408204,CVB45.BC,2021-03-31,Reparado,0,0,0.0,0,0
7408205,CVB45.BC,2025-07-04,Reparado,0,0,0.0,0,0
7408206,CVB45.BC,2020-11-23,Reparado / Garantía Lab,0,0,0.0,0,0
7408206,CVB45.BC,2021-01-12,Reparado / Garantía Lab,1,1,50.0,50,0
7408206,CVB45.BC,2021-04-05,Reparado / Garantía Lab,2,2,83.0,133,0
7408207,CVB45.BC,2021-02-17,Reparado,0,0,0.0,0,1
7408207,CVB45.BC,2021-02-18,Reparado,1,1,1.0,1,0
7408207,CVB45.BC,2022-05-28,Reparado / Garantía Lab,0,0,464.0,465,0
7408207,CVB45.BC,2025-09-05,Reparado / Garantía Lab,0,0,1196.0,1661,0
7408208,CVB45.BC,2021-12-15,Reparado,0,0,0.0,0,1
7408208,CVB45.BC,2021-12-24,Reparado / Garantía Lab,1,1,9.0,9,0
7408208,CVB45.BC,2024-08-14,Reparado / Garantía Lab,0,0,964.0,973,0
7408209,CVB45.BC,2023-10-11,Reparado,0,0,0.0,0,0
7408210,CVB45.BC,2023-10-31,Reparado,0,0,0.0,0,0
7408211,CVB45.BC,2024-11-15,POD Reparado,0,0,0.0,0,1
7408211,CVB45.BC,2024-11-20,Reparado / Garantía Lab,1,1,5.0,5,0
7408212,CVB45.BC,2022-02-06,Reparado,0,0,0.0,0,0
7408212,CVB45.BC,2023-07-19,Reparado / Garantía Lab,0,0,528.0,528,0
7408213,CVB45.BC,2020-03-12,Reparado,0,0,0.0,0,0
7408213,CVB45.BC,2020-12-14,Reparado / Garantía Lab,0,1,277.0,277,0
7408214,CVB45.BC,2025-08-14,Reparado,0,0,0.0,0,0
7408215,CVB45.BC,2021-03-22,Reparado,0,0,0.0,0,0
7408215,CVB45.BC,2023-08-30,Reparado / Garantía Lab,0,0,891.0,891,0
7408216,CVB45.BC,2021-02-15,POD,0,0,0.0,0,0
7408216,CVB45.BC,2021-02-15,POD Reparado,0,0,0.0,0,0
7408216,CVB45.BC,2021-09-13,Reparado / Garantía Lab,0,2,210.0,210,0
7408216,CVB45.BC,2025-10-27,Reparado / Garantía Lab,0,0,1505.0,1715,0
7408217,CVB45.BC,2021-05-20,Reparado,0,0,0.0,0,0
7408217,CVB45.BC,2022-04-22,Reparado / Garantía Lab,0,1,337.0,337,0
7408218,CVB45.BC,2025-11-13,Reparado / Garantía Lab,0,0,0.0,0,1
7408218,CVB45.BC,2025-11-19,Reparado / Garantía Lab,1,1,6.0,6,0
7408219,CVB45.BC,2021-04-29,Reparado / Garantía Lab,0,0,0.0,0,0
7408219,CVB45.BC,2022-04-14,Reparado / Garantía Lab,0,1,350.0,350,0
7408219,CVB45.BC,2024-08-19,Reparado / Garantía Lab,0,0,858.0,1208,0
7408219,CVB45.BC,2025-11-26,Reparado / Garantía Lab,0,0,464.0,1672,0
7408221,CVB45.BC,2023-10-12,Reparado,0,0,0.0,0,0
7408222,CVB45.BC,2021-03-23,Reparado,0,0,0.0,0,0
7408223,CVB45.BC,2021-02-15,Reparado,0,0,0.0,0,0
7408224,CVB45.BC,2024-08-12,Reparado,0,0,0.0,0,0
7408224,CVB45.BC,2025-04-24,Reparado / Garantía Lab,0,1,255.0,255,0
7408225,CVB45.BC,2023-07-11,Reparado,0,0,0.0,0,0
7408226,CVB45.BC,2020-11-20,Reparado,0,0,0.0,0,0
7408226,CVB45.BC,2021-06-16,Reparado,0,1,208.0,208,0
7408226,CVB45.BC,2024-11-13,Reparado / Garantía Lab,0,0,1246.0,1454,1
7408226,CVB45.BC,2024-11-18,Reparado / Garantía Lab,1,1,5.0,1459,0
7408226,CVB45.BC,2025-11-25,Reparado / Garantía Lab,0,0,372.0,1831,1
7408226,CVB45.BC,2025-11-27,Reparado / Garantía Lab,1,1,2.0,1833,0
7408228,CVB45.BC,2020-12-18,Reparado / Garantía Lab,0,0,0.0,0,1
7408228,CVB45.BC,2021-01-12,Reparado / Garantía Lab,1,1,25.0,25,0
7408228,CVB45.BC,2021-05-09,Reparado,2,2,117.0,142,0
7408229,CVB45.BC,2020-12-04,Reparado,0,0,0.0,0,1
7408229,CVB45.BC,2020-12-11,Reparado,1,1,7.0,7,0
7408229,CVB45.BC,2023-01-11,Reparado / Garantía Lab,0,0,761.0,768,0
7408229,CVB45.BC,2023-08-18,Reparado / Garantía Lab,0,1,219.0,987,0
7408229,CVB45.BC,2024-03-19,POD Reparado,0,1,214.0,1201,0
7408229,CVB45.BC,2025-11-26,Reparado / Garantía Lab,0,0,617.0,1818,0
7408231,CVB45.BC,2021-01-13,Reparado,0,0,0.0,0,1
7408231,CVB45.BC,2021-01-28,Reparado / Garantía Lab,1,1,15.0,15,0
7408231,CVB45.BC,2021-03-25,Reparado / Garantía Lab,2,2,56.0,71,0
7408232,CVB45.BC,2021-01-28,Reparado,0,0,0.0,0,1
7408232,CVB45.BC,2021-02-08,Reparado / Garantía Lab,1,1,11.0,11,0
7408232,CVB45.BC,2024-06-27,Reparado / Garantía Lab,0,0,1235.0,1246,0
7408233,CVB45.BC,2022-06-22,Reparado,0,0,0.0,0,0
7408233,CVB45.BC,2025-04-09,Reparado / Garantía Lab,0,0,1022.0,1022,0
7408234,CVB45.BC,2023-08-30,Reparado,0,0,0.0,0,0
7408234,CVB45.BC,2024-06-27,Reparado / Garantía Lab,0,1,302.0,302,0
7408234,CVB45.BC,2024-08-14,Reparado / Garantía Lab,1,2,48.0,350,0
7408235,CVB45.BC,2021-03-01,Reparado,0,0,0.0,0,0
7408235,CVB45.BC,2022-02-16,Reparado / Garantía Lab,0,1,352.0,352,1
7408235,CVB45.BC,2022-02-22,Reparado / Garantía Lab,1,2,6.0,358,0
7408236,CVB45.BC,2021-11-22,Reparado,0,0,0.0,0,0
7408236,CVB45.BC,2022-03-10,Reparado / Garantía Lab,1,1,108.0,108,0
7408236,CVB45.BC,2025-08-19,Reparado / Garantía Lab,0,0,1258.0,1366,0
7408237,CVB45.BC,2021-08-04,Reparado,0,0,0.0,0,0
7408237,CVB45.BC,2024-11-19,Reparado / Garantía Lab,0,0,1203.0,1203,0
7408238,CVB45.BC,2025-06-10,Reparado,0,0,0.0,0,0
7408239,CVB45.BC,2020-11-19,Reparado,0,0,0.0,0,0
7408239,CVB45.BC,2020-12-25,Reparado / Garantía Lab,1,1,36.0,36,0
7408239,CVB45.BC,2025-09-11,Reparado / Garantía Lab,0,0,1721.0,1757,0
7408240,CVB45.BC,2023-07-06,Reparado,0,0,0.0,0,0
7408240,CVB45.BC,2025-09-16,Reparado / Garantía Lab,0,0,803.0,803,0
7408241,CVB45.BC,2021-07-05,Reparado,0,0,0.0,0,0
7408241,CVB45.BC,2023-09-08,Reparado / Garantía Lab,0,0,795.0,795,0
7408242,CVB45.BC,2020-11-17,Reparado,0,0,0.0,0,0
7408242,CVB45.BC,2021-10-12,Reparado / Garantía Lab,0,1,329.0,329,0
7408242,CVB45.BC,2024-02-19,Reparado / Garantía Lab,0,0,860.0,1189,0
7408243,CVB45.BC,2021-10-04,Reparado,0,0,0.0,0,0
7408243,CVB45.BC,2025-07-30,Reparado / Garantía Lab,0,0,1395.0,1395,0
7408243,CVB45.BC,2025-09-03,Reparado / Garantía Lab,1,1,35.0,1430,0
7408245,CVB45.BC,2025-12-05,Proceso,0,0,0.0,0,0
7408246,CVB45.BC,2021-10-01,Reparado,0,0,0.0,0,0
7408247,CVB45.BC,2022-07-08,Reparado,0,0,0.0,0,0
7408248,CVB45.BC,2021-04-14,Reparado,0,0,0.0,0,0
7408248,CVB45.BC,2021-11-05,Reparado / Garantía Lab,0,1,205.0,205,0
7408248,CVB45.BC,2021-12-16,Reparado / Garantía Lab,1,2,41.0,246,0
7408248,CVB45.BC,2025-11-03,POD Reparado,0,0,1418.0,1664,0
7408249,CVB45.BC,2023-08-31,Reparado,0,0,0.0,0,0
7408250,CVB45.BC,2024-09-17,Reparado,0,0,0.0,0,0
7408251,CVB45.BC,2021-02-16,Reparado,0,0,0.0,0,0
7408252,CVB45.BC,2023-10-25,Reparado,0,0,0.0,0,0
7408253,CVB45.BC,2022-03-22,Reparado,0,0,0.0,0,0
7408253,CVB45.BC,2024-10-08,POD Reparado,0,0,931.0,931,0
7408254,CVB45.BC,2021-12-15,Reparado,0,0,0.0,0,0
7408257,CVB45.BC,2020-12-03,Reparado,0,0,0.0,0,1
7408257,CVB45.BC,2020-12-14,Reparado,1,1,11.0,11,0
7408257,CVB45.BC,2021-04-20,Reparado,2,2,127.0,138,0
7408258,CVB45.BC,2023-12-15,Reparado,0,0,0.0,0,0
7408259,CVB45.BC,2022-10-22,Reparado,0,0,0.0,0,0
7408260,CVB45.BC,2021-06-16,Reparado,0,0,0.0,0,0
7408261,CVB45.BC,2023-12-22,Reparado,0,0,0.0,0,0
7408262,CVB45.BC,2021-06-14,Reparado,0,0,0.0,0,0
7408263,CVB45.BC,2025-06-03,Reparado / Garantía Lab,0,0,0.0,0,1
7408263,CVB45.BC,2025-06-06,Reparado / Garantía Lab,1,1,3.0,3,0
7408265,CVB45.BC,2025-09-05,Reparado,0,0,0.0,0,0
7408265,CVB45.BC,2025-10-20,Reparado / Garantía Lab,1,1,45.0,45,0
7408266,CVB45.BC,2022-11-19,Reparado,0,0,0.0,0,0
7408268,CVB45.BC,2022-10-30,Reparado,0,0,0.0,0,0
7408268,CVB45.BC,2025-08-08,Reparado / Garantía Lab,0,0,1013.0,1013,0
7408269,CVB45.BC,2025-08-22,Reparado,0,0,0.0,0,0
7408270,CVB45.BC,2021-05-28,Reparado / Garantía Lab,0,0,0.0,0,0
7408270,CVB45.BC,2021-09-21,Reparado,1,1,116.0,116,0
7408270,CVB45.BC,2022-01-20,Reparado / Garantía Lab,1,2,121.0,237,0
7408270,CVB45.BC,2024-08-12,POD Reparado,0,0,935.0,1172,0
7408272,CVB45.BC,2021-09-30,Reparado,0,0,0.0,0,0
7408272,CVB45.BC,2021-12-05,Reparado / Garantía Lab,1,1,66.0,66,1
7408272,CVB45.BC,2021-12-23,Reparado / Garantía Lab,2,2,18.0,84,0
7408272,CVB45.BC,2024-08-07,Reparado / Garantía Lab,0,0,958.0,1042,0
7408274,CVB45.BC,2020-12-21,Reparado,0,0,0.0,0,0
7408274,CVB45.BC,2022-11-08,Reparado / Garantía Lab,0,0,687.0,687,0
7408274,CVB45.BC,2023-08-29,Reparado / Garantía Lab,0,1,294.0,981,0
7408274,CVB45.BC,2025-10-22,Reparado / Garantía Lab,0,0,785.0,1766,0
7408275,CVB45.BC,2023-12-28,Reparado,0,0,0.0,0,0
7408275,CVB45.BC,2024-05-30,Reparado / Garantía Lab,1,1,154.0,154,0
7408277,CVB45.BC,2021-07-06,Reparado,0,0,0.0,0,0
7408277,CVB45.BC,2025-09-05,Reparado / Garantía Lab,0,0,1522.0,1522,0
7408278,CVB45.BC,2021-11-10,Reparado,0,0,0.0,0,0
7408279,CVB45.BC,2021-09-18,Reparado,0,0,0.0,0,0
7408279,CVB45.BC,2023-10-12,Reparado / Garantía Lab,0,0,754.0,754,0
7408279,CVB45.BC,2024-09-02,Reparado / Garantía Lab,0,1,326.0,1080,0
7408279,CVB45.BC,2025-03-17,Reparado / Garantía Lab,0,1,196.0,1276,0
7408280,CVB45.BC,2020-12-03,Reparado,0,0,0.0,0,0
7408280,CVB45.BC,2021-03-15,Reparado / Garantía Lab,1,1,102.0,102,0
7408280,CVB45.BC,2023-04-14,Reparado / Garantía Lab,0,0,760.0,862,0
7408281,CVB45.BC,2021-02-01,Reparado,0,0,0.0,0,0
7408281,CVB45.BC,2021-08-24,Reparado / Garantía Lab,0,1,204.0,204,0
7408283,CVB45.BC,2022-02-01,Reparado,0,0,0.0,0,0
7408284,CVB45.BC,2021-02-24,Reparado,0,0,0.0,0,0
7408285,CVB45.BC,2021-05-07,Reparado,0,0,0.0,0,0
7408286,CVB45.BC,2021-10-17,Reparado,0,0,0.0,0,0
7408286,CVB45.BC,2023-10-14,Reparado / Garantía Lab,0,0,727.0,727,0
7408287,CVB45.BC,2020-12-03,Reparado,0,0,0.0,0,0
7408287,CVB45.BC,2021-07-15,Reparado / Garantía Lab,0,1,224.0,224,0
7408288,CVB45.BC,2021-03-13,Reparado,0,0,0.0,0,1
7408288,CVB45.BC,2021-04-05,Reparado / Garantía Lab,1,1,23.0,23,0
7408288,CVB45.BC,2021-09-21,Reparado / Garantía Lab,1,2,169.0,192,0
7408289,CVB45.BC,2023-11-06,Reparado,0,0,0.0,0,0
7408290,CVB45.BC,2020-12-02,Reparado,0,0,0.0,0,0
7408290,CVB45.BC,2021-10-31,Reparado / Garantía Lab,0,1,333.0,333,0
7408291,CVB45.BC,2022-01-26,Reparado,0,0,0.0,0,0
7408291,CVB45.BC,2023-06-22,Reparado / Garantía Lab,0,0,512.0,512,0
7408291,CVB45.BC,2024-01-04,Reparado / Garantía Lab,0,1,196.0,708,0
7408291,CVB45.BC,2024-02-28,Reparado / Garantía Lab,1,2,55.0,763,0
7408291,CVB45.BC,2024-09-27,Reparado,0,2,212.0,975,0
7408293,CVB45.BC,2021-07-15,Reparado,0,0,0.0,0,0
7408293,CVB45.BC,2024-06-03,Reparado / Garantía Lab,0,0,1054.0,1054,0
7408294,CVB45.BC,2021-07-17,Reparado,0,0,0.0,0,0
7408294,CVB45.BC,2025-04-25,Reparado / Garantía Lab,0,0,1378.0,1378,0
7408294,CVB45.BC,2025-05-30,Reparado / Garantía Lab,1,1,35.0,1413,1
7408294,CVB45.BC,2025-06-25,POD Reparado,2,2,26.0,1439,0
7408295,CVB45.BC,2023-03-22,Reparado,0,0,0.0,0,1
7408295,CVB45.BC,2023-03-27,Reparado / Garantía Lab,1,1,5.0,5,0
7408295,CVB45.BC,2023-05-07,Reparado / Garantía Lab,2,2,41.0,46,1
7408295,CVB45.BC,2023-05-12,Reparado / Garantía Lab,3,3,5.0,51,1
7408295,CVB45.BC,2023-05-17,Reparado / Garantía Lab,4,4,5.0,56,0
7408296,CVB45.BC,2021-06-16,Reparado,0,0,0.0,0,0
7408296,CVB45.BC,2022-07-05,Reparado / Garantía Lab,0,0,384.0,384,0
7408297,CVB45.BC,2021-05-13,Reparado,0,0,0.0,0,1
7408297,CVB45.BC,2021-06-10,Reparado / Garantía Lab,1,1,28.0,28,1
7408297,CVB45.BC,2021-06-30,Reparado,2,2,20.0,48,0
7408297,CVB45.BC,2023-08-31,Reparado / Garantía Lab,0,0,792.0,840,0
7408299,CVB45.BC,2021-02-12,Reparado,0,0,0.0,0,0
7408300,CVB45.BC,2021-01-25,Reparado,0,0,0.0,0,0
7408300,CVB45.BC,2023-04-19,Reparado / Garantía Lab,0,0,814.0,814,1
7408300,CVB45.BC,2023-04-26,Reparado / Garantía Lab,1,1,7.0,821,0
7408300,CVB45.BC,2025-09-16,Reparado / Garantía Lab,0,0,874.0,1695,0
7408301,CVB45.BC,2021-10-02,Reparado,0,0,0.0,0,0
7408303,CVB45.BC,2021-08-10,Reparado,0,0,0.0,0,0
7408303,CVB45.BC,2022-12-23,POD Reparado,0,0,500.0,500,0
7408305,CVB45.BC,2021-04-21,Reparado,0,0,0.0,0,0
7408306,CVB45.BC,2025-08-26,Reparado,0,0,0.0,0,0
7408307,CVB45.BC,2021-12-14,Reparado,0,0,0.0,0,0
7408307,CVB45.BC,2024-09-13,Reparado / Garantía Lab,0,0,1004.0,1004,0
7408308,CVB45.BC,2023-11-21,POD Reparado,0,0,0.0,0,0
7408309,CVB45.BC,2022-01-12,Reparado,0,0,0.0,0,0
7408310,CVB45.BC,2024-02-13,Reparado,0,0,0.0,0,0
7408310,CVB45.BC,2024-10-10,Reparado / Garantía Lab,0,1,240.0,240,0
7408311,CVB45.BC,2023-07-03,Reparado,0,0,0.0,0,0
7408311,CVB45.BC,2025-09-17,Reparado / Garantía Lab,0,0,807.0,807,0
7408312,CVB45.BC,2022-01-22,Reparado,0,0,0.0,0,0
7408312,CVB45.BC,2024-09-11,Reparado / Garantía Lab,0,0,963.0,963,0
7408314,CVB45.BC,2023-01-13,Reparado,0,0,0.0,0,0
7408314,CVB45.BC,2024-10-28,Reparado / Garantía Lab,0,0,654.0,654,0
7408316,CVB45.BC,2021-03-13,Reparado,0,0,0.0,0,0
7408316,CVB45.BC,2025-09-24,Reparado / Garantía Lab,0,0,1656.0,1656,0
7408316,CVB45.BC,2025-10-27,Reparado / Garantía Lab,1,1,33.0,1689,0
7408318,CVB45.BC,2021-05-17,Reparado,0,0,0.0,0,0
7408318,CVB45.BC,2024-05-29,Reparado / Garantía Lab,0,0,1108.0,1108,0
7408318,CVB45.BC,2025-02-24,Reparado / Garantía Lab,0,1,271.0,1379,0
7408319,CVB45.BC,2020-12-16,Reparado,0,0,0.0,0,0
7408319,CVB45.BC,2021-10-30,Reparado / Garantía Lab,0,1,318.0,318,0
7408319,CVB45.BC,2022-03-29,Reparado / Garantía Lab,1,1,150.0,468,0
7408319,CVB45.BC,2022-07-22,Reparado / Garantía Lab,1,2,115.0,583,0
7408319,CVB45.BC,2025-09-05,Reparado / Garantía Lab,0,0,1141.0,1724,0
7408320,CVB45.BC,2022-12-16,Reparado,0,0,0.0,0,0
7408321,CVB45.BC,2021-09-27,Reparado,0,0,0.0,0,0
7408321,CVB45.BC,2023-01-11,Reparado / Garantía Lab,0,0,471.0,471,0
7408322,CVB45.BC,2021-01-21,Reparado,0,0,0.0,0,0
7408322,CVB45.BC,2022-11-28,Reparado / Garantía Lab,0,0,676.0,676,0
7408324,CVB45.BC,2021-03-11,Reparado,0,0,0.0,0,0
7408325,CVB45.BC,2025-11-26,Reparado / Garantía Lab,0,0,0.0,0,0
7408326,CVB45.BC,2022-01-28,Reparado,0,0,0.0,0,0
7408327,CVB45.BC,2022-11-07,Reparado,0,0,0.0,0,0
7408327,CVB45.BC,2025-09-30,Reparado / Garantía Lab,0,0,1058.0,1058,1
7408327,CVB45.BC,2025-10-06,Reparado / Garantía Lab,1,1,6.0,1064,0
7408328,CVB45.BC,2021-08-11,Reparado,0,0,0.0,0,0
7408328,CVB45.BC,2021-11-22,Reparado / Garantía Lab,1,1,103.0,103,0
7408328,CVB45.BC,2024-09-13,Reparado / Garantía Lab,0,0,1026.0,1129,0
7408329,CVB45.BC,2020-11-27,Reparado,0,0,0.0,0,0
7408329,CVB45.BC,2025-08-22,Reparado / Garantía Lab,0,0,1729.0,1729,0
7408330,CVB45.BC,2022-08-12,Reparado,0,0,0.0,0,0
7408330,CVB45.BC,2022-11-08,Reparado / Garantía Lab,1,1,88.0,88,0
7408330,CVB45.BC,2025-09-30,Reparado / Garantía Lab,0,0,1057.0,1145,0
7408331,CVB45.BC,2021-01-18,Reparado,0,0,0.0,0,0
7408332,CVB45.BC,2021-06-30,Reparado,0,0,0.0,0,0
7408333,CVB45.BC,2021-08-28,Reparado,0,0,0.0,0,0
7408333,CVB45.BC,2025-08-29,Reparado / Garantía Lab,0,0,1462.0,1462,0
7408334,CVB45.BC,2021-11-11,Reparado,0,0,0.0,0,0
7408334,CVB45.BC,2024-07-03,Reparado / Garantía Lab,0,0,965.0,965,0
7408334,CVB45.BC,2024-10-24,Reparado / Garantía Lab,1,1,113.0,1078,0
7408334,CVB45.BC,2025-01-08,Reparado / Garantía Lab,1,2,76.0,1154,0
7408335,CVB45.BC,2021-01-12,Reparado,0,0,0.0,0,0
7408335,CVB45.BC,2021-11-12,Reparado / Garantía Lab,0,1,304.0,304,0
7408335,CVB45.BC,2022-11-10,Reparado / Garantía Lab,0,1,363.0,667,0
7408336,CVB45.BC,2025-04-02,Reparado,0,0,0.0,0,0
7408337,CVB45.BC,2021-02-08,Reparado,0,0,0.0,0,0
7408337,CVB45.BC,2021-08-06,Reparado / Garantía Lab,1,1,179.0,179,0
7408337,CVB45.BC,2021-12-21,Reparado / Garantía Lab,1,2,137.0,316,0
7408338,CVB45.BC,2021-06-07,Reparado,0,0,0.0,0,0
7408338,CVB45.BC,2021-08-06,Reparado / Garantía Lab,1,1,60.0,60,0
7408339,CVB45.BC,2022-12-20,Reparado,0,0,0.0,0,0
7408340,CVB45.BC,2021-08-06,Reparado,0,0,0.0,0,0
7408341,CVB45.BC,2022-04-04,Reparado,0,0,0.0,0,0
7408341,CVB45.BC,2025-11-04,Reparado / Garantía Lab,0,0,1310.0,1310,0
7408342,CVB45.BC,2021-12-22,Reparado,0,0,0.0,0,0
7408342,CVB45.BC,2022-08-08,Reparado / Garantía Lab,0,1,229.0,229,0
7408343,CVB45.BC,2021-02-24,Reparado,0,0,0.0,0,0
7408343,CVB45.BC,2022-09-29,Reparado / Garantía Lab,0,0,582.0,582,0
7408343,CVB45.BC,2025-06-17,Reparado / Garantía Lab,0,0,992.0,1574,0
7408344,CVB45.BC,2022-01-12,Reparado,0,0,0.0,0,0
7408344,CVB45.BC,2025-10-15,Reparado / Garantía Lab,0,0,1372.0,1372,0
7408346,CVB45.BC,2023-05-30,Reparado,0,0,0.0,0,0
7408346,CVB45.BC,2025-05-06,Reparado / Garantía Lab,0,0,707.0,707,0
7408348,CVB45.BC,2023-05-12,Reparado,0,0,0.0,0,0
7408348,CVB45.BC,2025-08-05,POD Reparado,0,0,816.0,816,0
7408349,CVB45.BC,2021-04-23,Reparado,0,0,0.0,0,0
7408349,CVB45.BC,2023-07-17,Reparado / Garantía Lab,0,0,815.0,815,0
7408350,CVB45.BC,2021-02-16,Reparado,0,0,0.0,0,0
7408351,CVB45.BC,2021-09-30,Reparado,0,0,0.0,0,0
7408352,CVB45.BC,2020-10-11,Reparado,0,0,0.0,0,0
7408352,CVB45.BC,2022-06-16,Reparado / Garantía Lab,0,0,613.0,613,0
7408352,CVB45.BC,2024-08-07,Reparado / Garantía Lab,0,0,783.0,1396,0
7408353,CVB45.BC,2025-02-07,Reparado,0,0,0.0,0,0
7408354,CVB45.BC,2021-11-14,Reparado,0,0,0.0,0,0
7408354,CVB45.BC,2025-03-07,Reparado / Garantía Lab,0,0,1209.0,1209,0
7408355,CVB45.BC,2022-03-16,POD Reparado,0,0,0.0,0,0
7408356,CVB45.BC,2021-12-15,Reparado,0,0,0.0,0,0
7408358,CVB45.BC,2021-01-13,Reparado,0,0,0.0,0,0
7408359,CVB45.BC,2023-09-04,Reparado / Garantía Lab,0,0,0.0,0,1
7408359,CVB45.BC,2023-09-08,Reparado / Garantía Lab,1,1,4.0,4,0
7408360,CVB45.BC,2023-10-31,Reparado,0,0,0.0,0,0
7408361,CVB45.BC,2021-07-30,Reparado,0,0,0.0,0,0
7408362,CVB45.BC,2021-09-01,Reparado,0,0,0.0,0,0
7408363,CVB45.BC,2021-07-17,Reparado,0,0,0.0,0,0
7408363,CVB45.BC,2023-09-04,Reparado / Garantía Lab,0,0,779.0,779,0
7408364,CVB45.BC,2023-10-11,Reparado,0,0,0.0,0,0
7408365,CVB45.BC,2021-10-01,Reparado,0,0,0.0,0,0
7408366,CVB45.BC,2025-01-21,Reparado,0,0,0.0,0,0
7408367,CVB45.BC,2021-04-24,Reparado,0,0,0.0,0,0
7408367,CVB45.BC,2025-12-02,Reparado / Garantía Lab,0,0,1683.0,1683,1
7408367,CVB45.BC,2025-12-05,Proceso,1,1,3.0,1686,0
7408368,CVB45.BC,2021-12-20,Reparado,0,0,0.0,0,0
7408368,CVB45.BC,2024-01-31,Reparado / Garantía Lab,0,0,772.0,772,0
7408368,CVB45.BC,2024-10-21,Reparado / Garantía Lab,0,1,264.0,1036,0
7408369,CVB45.BC,2021-02-18,Reparado,0,0,0.0,0,0
7408369,CVB45.BC,2022-07-15,Reparado / Garantía Lab,0,0,512.0,512,0
7408369,CVB45.BC,2025-10-14,Reparado,0,0,1187.0,1699,0
7408370,CVB45.BC,2023-05-25,Reparado,0,0,0.0,0,0
7408371,CVB45.BC,2021-11-04,Reparado,0,0,0.0,0,1
7408371,CVB45.BC,2021-11-18,POD Reparado,1,1,14.0,14,0
7408372,CVB45.BC,2021-11-03,Reparado,0,0,0.0,0,0
7408372,CVB45.BC,2021-12-16,Reparado / Garantía Lab,1,1,43.0,43,1
7408372,CVB45.BC,2021-12-21,Reparado / Garantía Lab,2,2,5.0,48,1
7408372,CVB45.BC,2021-12-27,Reparado / Garantía Lab,3,3,6.0,54,1
7408372,CVB45.BC,2021-12-30,Reparado / Garantía Lab,4,4,3.0,57,1
7408372,CVB45.BC,2022-01-05,Reparado / Garantía Lab,5,5,6.0,63,0
7408372,CVB45.BC,2024-05-03,Reparado / Garantía Lab,0,0,849.0,912,0
7408372,CVB45.BC,2025-09-11,Reparado / Garantía Lab,0,0,496.0,1408,0
7408374,CVB45.BC,2021-02-26,Reparado,0,0,0.0,0,0
7408374,CVB45.BC,2021-07-15,Reparado / Garantía Lab,1,1,139.0,139,0
7408374,CVB45.BC,2022-08-19,Reparado / Garantía Lab,0,0,400.0,539,0
7408374,CVB45.BC,2022-11-08,Reparado / Garantía Lab,1,1,81.0,620,0
7408376,CVB45.BC,2023-09-06,Reparado,0,0,0.0,0,0
7408378,CVB45.BC,2023-10-18,Reparado,0,0,0.0,0,0
7408379,CVB45.BC,2023-10-30,Reparado,0,0,0.0,0,0
7408381,CVB45.BC,2021-01-20,Reparado,0,0,0.0,0,0
7408382,CVB45.BC,2021-06-07,Reparado,0,0,0.0,0,0
7408384,CVB45.BC,2020-10-12,Reparado,0,0,0.0,0,0
7408384,CVB45.BC,2021-02-01,Reparado / Garantía Lab,1,1,112.0,112,0
7408384,CVB45.BC,2021-11-09,Reparado / Garantía Lab,0,1,281.0,393,0
7408384,CVB45.BC,2022-02-16,Reparado,1,1,99.0,492,0
7408385,CVB45.BC,2022-06-02,Reparado,0,0,0.0,0,0
7408386,CVB45.BC,2022-01-06,Reparado,0,0,0.0,0,0
7408387,CVB45.BC,2021-04-29,Reparado,0,0,0.0,0,1
7408387,CVB45.BC,2021-05-06,Reparado / Garantía Lab,1,1,7.0,7,0
7408387,CVB45.BC,2022-05-11,Reparado / Garantía Lab,0,0,370.0,377,0
7408388,CVB45.BC,2021-05-21,Reparado,0,0,0.0,0,1
7408388,CVB45.BC,2021-05-27,Reparado / Garantía Lab,1,1,6.0,6,0
7408388,CVB45.BC,2022-06-22,POD Reparado,0,0,391.0,397,0
7408388,CVB45.BC,2022-08-01,Reparado / Garantía Lab,1,1,40.0,437,0
7408388,CVB45.BC,2024-02-28,Reparado / Garantía Lab,0,0,576.0,1013,0
7408389,CVB45.BC,2022-06-18,Reparado,0,0,0.0,0,0
7408390,CVB45.BC,2021-01-25,Reparado,0,0,0.0,0,0
7408390,CVB45.BC,2021-08-11,Reparado / Garantía Lab,0,1,198.0,198,0
7408390,CVB45.BC,2023-09-21,Reparado / Garantía Lab,0,0,771.0,969,1
7408390,CVB45.BC,2023-10-17,Reparado / Garantía Lab,1,1,26.0,995,0
7408390,CVB45.BC,2025-09-05,Reparado / Garantía Lab,0,0,689.0,1684,0
7408391,CVB45.BC,2021-04-29,Reparado,0,0,0.0,0,0
7408391,CVB45.BC,2021-06-16,Reparado / Garantía Lab,1,1,48.0,48,1
7408391,CVB45.BC,2021-07-15,Reparado / Garantía Lab,2,2,29.0,77,0
7408392,CVB45.BC,2022-01-20,Reparado,0,0,0.0,0,0
7408392,CVB45.BC,2024-05-17,Reparado / Garantía Lab,0,0,848.0,848,0
7408393,CVB45.BC,2020-12-10,Reparado,0,0,0.0,0,0
7408393,CVB45.BC,2021-04-02,Reparado / Garantía Lab,1,1,113.0,113,0
7408393,CVB45.BC,2025-09-08,Reparado / Garantía Lab,0,0,1620.0,1733,1
7408393,CVB45.BC,2025-09-15,Reparado / Garantía Lab,1,1,7.0,1740,0
7408394,CVB45.BC,2021-05-20,Reparado,0,0,0.0,0,0
7408394,CVB45.BC,2025-11-26,Reparado / Garantía Lab,0,0,1651.0,1651,0
7408395,CVB45.BC,2021-05-13,Reparado,0,0,0.0,0,0
7408395,CVB45.BC,2025-09-04,Reparado / Garantía Lab,0,0,1575.0,1575,0
7408396,CVB45.BC,2022-02-01,Reparado,0,0,0.0,0,0
7408397,CVB45.BC,2023-11-07,Reparado,0,0,0.0,0,0
7408398,CVB45.BC,2020-11-25,Reparado,0,0,0.0,0,0
7408398,CVB45.BC,2022-07-15,Reparado / Garantía Lab,0,0,597.0,597,0
7408400,CVB45.BC,2022-11-22,Reparado,0,0,0.0,0,0
7408400,CVB45.BC,2025-08-11,Reparado / Garantía Lab,0,0,993.0,993,0
7408403,CVB45.BC,2021-01-12,Reparado,0,0,0.0,0,0
7408403,CVB45.BC,2023-05-11,Reparado / Garantía Lab,0,0,849.0,849,0
7408403,CVB45.BC,2023-06-19,Reparado / Garantía Lab,1,1,39.0,888,0
7408403,CVB45.BC,2023-08-03,Reparado / Garantía Lab,2,2,45.0,933,1
7408403,CVB45.BC,2023-08-11,Reparado / Garantía Lab,3,3,8.0,941,1
7408403,CVB45.BC,2023-08-16,Reparado / Garantía Lab,4,4,5.0,946,1
7408403,CVB45.BC,2023-08-21,Reparado / Garantía Lab,5,5,5.0,951,0
7408404,CVB45.BC,2022-09-26,Reparado,0,0,0.0,0,0
7408404,CVB45.BC,2024-08-22,Reparado / Garantía Lab,0,0,696.0,696,0
7408405,CVB45.BC,2021-08-16,Reparado,0,0,0.0,0,1
7408405,CVB45.BC,2021-09-15,Reparado / Garantía Lab,1,1,30.0,30,0
7408407,CVB45.BC,2022-06-19,Reparado,0,0,0.0,0,0
7408407,CVB45.BC,2025-06-13,Reparado / Garantía Lab,0,0,1090.0,1090,1
7408407,CVB45.BC,2025-06-25,Reparado / Garantía Lab,1,1,12.0,1102,0
7408408,CVB45.BC,2020-12-15,Reparado,0,0,0.0,0,0
7408408,CVB45.BC,2022-12-22,Reparado / Garantía Lab,0,0,737.0,737,0
7408409,CVB45.BC,2022-04-16,Reparado,0,0,0.0,0,0
7408409,CVB45.BC,2022-05-18,Reparado / Garantía Lab,1,1,32.0,32,0
7408409,CVB45.BC,2024-08-27,Reparado / Garantía Lab,0,0,832.0,864,0
7408410,CVB45.BC,2020-11-10,Reparado,0,0,0.0,0,0
7408410,CVB45.BC,2023-08-31,Reparado / Garantía Lab,0,0,1024.0,1024,0
7408410,CVB45.BC,2025-01-31,Reparado / Garantía Lab,0,0,519.0,1543,0
7408412,CVB45.BC,2021-10-16,Reparado,0,0,0.0,0,0
7408413,CVB45.BC,2021-09-23,Reparado,0,0,0.0,0,0
7408413,CVB45.BC,2022-07-02,Reparado / Garantía Lab,0,1,282.0,282,0
7408413,CVB45.BC,2024-11-18,Reparado / Garantía Lab,0,0,870.0,1152,0
7408414,CVB45.BC,2020-12-15,Reparado,0,0,0.0,0,0
7408414,CVB45.BC,2024-01-05,Reparado / Garantía Lab,0,0,1116.0,1116,0
7408415,CVB45.BC,2020-12-11,Reparado,0,0,0.0,0,1
7408415,CVB45.BC,2020-12-31,Reparado,1,1,20.0,20,0
7408415,CVB45.BC,2021-10-27,Reparado / Garantía Lab,0,2,300.0,320,0
7408416,CVB45.BC,2020-12-03,Reparado,0,0,0.0,0,0
7408416,CVB45.BC,2021-02-03,Reparado,1,1,62.0,62,0
7408418,CVB45.BC,2021-06-13,Reparado,0,0,0.0,0,0
7408419,CVB45.BC,2021-05-05,Reparado,0,0,0.0,0,0
7408419,CVB45.BC,2021-06-22,Reparado / Garantía Lab,1,1,48.0,48,0
7408419,CVB45.BC,2025-01-23,Reparado / Garantía Lab,0,0,1311.0,1359,0
7408419,CVB45.BC,2025-03-25,Reparado / Garantía Lab,1,1,61.0,1420,1
7408419,CVB45.BC,2025-03-27,Reparado / Garantía Lab,2,2,2.0,1422,0
7408419,CVB45.BC,2025-10-03,Reparado / Garantía Lab,0,3,190.0,1612,0
7408420,CVB45.BC,2021-06-15,Reparado,0,0,0.0,0,1
7408420,CVB45.BC,2021-06-24,Reparado / Garantía Lab,1,1,9.0,9,0
7408420,CVB45.BC,2022-04-06,Reparado / Garantía Lab,0,2,286.0,295,0
7408420,CVB45.BC,2023-11-10,POD Reparado,0,0,583.0,878,0
7408420,CVB45.BC,2025-02-12,Reparado / Garantía Lab,0,0,460.0,1338,0
7408420,CVB45.BC,2025-09-02,Reparado / Garantía Lab,0,1,202.0,1540,0
7408421,CVB45.BC,2021-01-27,Reparado,0,0,0.0,0,0
7408422,CVB45.BC,2021-08-10,Reparado,0,0,0.0,0,0
7408424,CVB45.BC,2022-01-04,Reparado,0,0,0.0,0,0
7408426,CVB45.BC,2021-07-02,Reparado,0,0,0.0,0,1
7408426,CVB45.BC,2021-07-09,Reparado,1,1,7.0,7,0
7408426,CVB45.BC,2021-10-13,Reparado / Garantía Lab,2,2,96.0,103,0
7408426,CVB45.BC,2022-06-28,Reparado / Garantía Lab,0,3,258.0,361,0
7408426,CVB45.BC,2024-02-13,Reparado / Garantía Lab,0,0,595.0,956,0
7408426,CVB45.BC,2024-05-07,Reparado / Garantía Lab,1,1,84.0,1040,0
7408427,CVB45.BC,2022-10-22,Reparado,0,0,0.0,0,1
7408427,CVB45.BC,2022-11-15,Reparado / Garantía Lab,1,1,24.0,24,0
7408427,CVB45.BC,2025-02-06,Reparado / Garantía Lab,0,0,814.0,838,0
7408428,CVB45.BC,2022-11-20,Reparado,0,0,0.0,0,0
7408429,CVB45.BC,2022-09-24,Reparado,0,0,0.0,0,0
7408430,CVB45.BC,2020-12-09,Reparado,0,0,0.0,0,0
7408430,CVB45.BC,2025-08-07,Reparado / Garantía Lab,0,0,1702.0,1702,0
7408431,CVB45.BC,2025-08-22,Reparado,0,0,0.0,0,0
7408432,CVB45.BC,2024-05-10,Reparado,0,0,0.0,0,0
7408433,CVB45.BC,2024-06-14,Reparado,0,0,0.0,0,0
7408434,CVB45.BC,2025-08-13,Reparado,0,0,0.0,0,0
7408575,CVB45.BC,2021-10-01,Reparado,0,0,0.0,0,0
7408617,CVB45.BC,2022-08-23,Reparado,0,0,0.0,0,0
7408866,CVB45.BC,2021-10-01,Reparado,0,0,0.0,0,0
7409385,CVB45.BC,2021-01-27,Reparado,0,0,0.0,0,0
7409602,CVB45.BC,2021-02-26,Reparado,0,0,0.0,0,0
7417898,CVB45.BC,2024-10-30,Reparado,0,0,0.0,0,0
7417908,CVB45.BC,2025-04-14,Reparado,0,0,0.0,0,0
7417909,CVB45.BC,2025-10-20,Reparado,0,0,0.0,0,0
7417910,CVB45.BC,2025-01-14,Reparado,0,0,0.0,0,1
7417910,CVB45.BC,2025-01-22,Reparado / Garantía Lab,1,1,8.0,8,0
7417915,CVB45.BC,2024-08-19,Reparado,0,0,0.0,0,0
7417916,CVB45.BC,2025-07-23,Reparado,0,0,0.0,0,0
7417917,CVB45.BC,2025-11-13,Reparado,0,0,0.0,0,0
7417919,CVB45.BC,2025-02-21,Reparado,0,0,0.0,0,0
7417919,CVB45.BC,2025-10-22,Reparado / Garantía Lab,0,1,243.0,243,0
7417921,CVB45.BC,2024-08-12,Reparado,0,0,0.0,0,0
7417923,CVB45.BC,2024-10-03,Reparado,0,0,0.0,0,0
7417924,CVB45.BC,2024-09-23,Reparado,0,0,0.0,0,0
7417926,CVB45.BC,2024-09-16,Reparado,0,0,0.0,0,0
7417928,CVB45.BC,2024-09-23,Reparado,0,0,0.0,0,0
7417929,CVB45.BC,2025-05-12,Reparado / Garantía Lab,0,0,0.0,0,1
7417929,CVB45.BC,2025-05-22,Reparado / Garantía Lab,1,1,10.0,10,0
7417929,CVB45.BC,2025-08-26,Reparado / Garantía Lab,2,2,96.0,106,0
7417930,CVB45.BC,2025-10-02,Reparado,0,0,0.0,0,0
7417934,CVB45.BC,2025-06-10,Reparado,0,0,0.0,0,0
7417935,CVB45.BC,2024-12-18,Reparado / Garantía Lab,0,0,0.0,0,1
7417935,CVB45.BC,2024-12-20,Reparado / Garantía Lab,1,1,2.0,2,0
7417938,CVB45.BC,2024-08-23,Reparado,0,0,0.0,0,0
7417940,CVB45.BC,2025-01-08,Reparado / Garantía Lab,0,0,0.0,0,1
7417940,CVB45.BC,2025-01-10,Reparado / Garantía Lab,1,1,2.0,2,1
7417940,CVB45.BC,2025-01-22,Reparado / Garantía Lab,2,2,12.0,14,0
7417941,CVB45.BC,2025-06-24,Reparado,0,0,0.0,0,0
7417942,CVB45.BC,2024-04-04,Reparado / Garantía Lab,0,0,0.0,0,0
7417942,CVB45.BC,2024-06-15,Reparado / Garantía Lab,1,1,72.0,72,0
7418125,CVB45.BC,2024-12-18,Reparado,0,0,0.0,0,0
7418130,CVB45.BC,2025-05-16,Reparado / Garantía Lab,0,0,0.0,0,1
7418130,CVB45.BC,2025-05-20,Reparado / Garantía Lab,1,1,4.0,4,0
7418132,CVB45.BC,2023-05-29,Reparado,0,0,0.0,0,0
7418132,CVB45.BC,2023-07-04,Reparado / Garantía Lab,1,1,36.0,36,0
7418134,CVB45.BC,2024-05-16,Reparado,0,0,0.0,0,0
7418136,CVB45.BC,2024-04-30,Reparado,0,0,0.0,0,0
7418137,CVB45.BC,2025-11-25,Reparado / Garantía Lab,0,0,0.0,0,0
7418138,CVB45.BC,2024-06-27,Reparado,0,0,0.0,0,0
7418141,CVB45.BC,2024-07-15,Reparado,0,0,0.0,0,0
7418141,CVB45.BC,2025-02-28,Reparado / Garantía Lab,0,1,228.0,228,0
7418142,CVB45.BC,2024-06-01,POD Reparado,0,0,0.0,0,0
7418143,CVB45.BC,2024-09-09,Reparado,0,0,0.0,0,0
7418146,CVB45.BC,2024-08-20,Reparado / Garantía Lab,0,0,0.0,0,1
7418146,CVB45.BC,2024-08-22,Reparado / Garantía Lab,1,1,2.0,2,0
7418148,CVB45.BC,2025-02-07,Reparado,0,0,0.0,0,0
7418149,CVB45.BC,2024-11-15,POD Reparado,0,0,0.0,0,0
7418151,CVB45.BC,2025-06-10,Reparado,0,0,0.0,0,0
7418151,CVB45.BC,2025-09-12,Reparado / Garantía Lab,1,1,94.0,94,0
7418155,CVB45.BC,2023-10-22,POD Reparado,0,0,0.0,0,0
7418155,CVB45.BC,2024-09-02,Reparado / Garantía Lab,0,1,316.0,316,0
7418155,CVB45.BC,2025-10-27,Reparado / Garantía Lab,0,0,420.0,736,0
7418155,CVB45.BC,2025-12-04,Reparado / Garantía Lab,1,1,38.0,774,0
7418156,CVB45.BC,2024-09-02,Reparado,0,0,0.0,0,0
7418158,CVB45.BC,2024-10-14,Reparado,0,0,0.0,0,0
7418158,CVB45.BC,2025-10-23,Reparado / Garantía Lab,0,0,374.0,374,0
7418161,CVB45.BC,2024-09-26,Reparado,0,0,0.0,0,0
7418162,CVB45.BC,2025-08-18,Reparado,0,0,0.0,0,0
7418163,CVB45.BC,2024-05-15,Reparado,0,0,0.0,0,0
7418163,CVB45.BC,2025-10-15,Reparado / Garantía Lab,0,0,518.0,518,0
7418164,CVB45.BC,2024-12-11,Reparado,0,0,0.0,0,0
7418164,CVB45.BC,2025-03-13,Reparado / Garantía Lab,1,1,92.0,92,0
7418165,CVB45.BC,2024-09-05,Reparado,0,0,0.0,0,0
7418165,CVB45.BC,2025-01-13,Reparado / Garantía Lab,1,1,130.0,130,0
7418168,CVB45.BC,2024-12-31,Reparado,0,0,0.0,0,0
7418171,CVB45.BC,2024-10-16,Reparado,0,0,0.0,0,1
7418171,CVB45.BC,2024-11-15,Reparado / Garantía Lab,1,1,30.0,30,0
7418171,CVB45.BC,2025-10-20,Reparado / Garantía Lab,0,1,339.0,369,0
7418173,CVB45.BC,2025-10-20,Reparado,0,0,0.0,0,0
7418175,CVB45.BC,2024-10-18,Reparado,0,0,0.0,0,0
7418175,CVB45.BC,2025-11-25,Reparado / Garantía Lab,0,0,403.0,403,0
7418176,CVB45.BC,2024-08-16,POD Reparado,0,0,0.0,0,0
7418178,CVB45.BC,2025-11-24,Reparado / Garantía Lab,0,0,0.0,0,0
7418180,CVB45.BC,2025-01-15,Reparado,0,0,0.0,0,0
7418180,CVB45.BC,2025-03-21,Reparado / Garantía Lab,1,1,65.0,65,0
7418180,CVB45.BC,2025-04-24,Reparado / Garantía Lab,2,2,34.0,99,1
7418180,CVB45.BC,2025-04-29,Reparado / Garantía Lab,3,3,5.0,104,1
7418180,CVB45.BC,2025-05-19,Reparado / Garantía Lab,4,4,20.0,124,1
7418180,CVB45.BC,2025-06-06,Reparado / Garantía Lab,5,5,18.0,142,1
7418180,CVB45.BC,2025-06-10,Reparado / Garantía Lab,6,6,4.0,146,1
7418180,CVB45.BC,2025-06-12,Reparado / Garantía Lab,7,7,2.0,148,0
7418183,CVB45.BC,2024-10-01,Reparado,0,0,0.0,0,0
7418187,CVB45.BC,2025-10-15,Reparado,0,0,0.0,0,0
7418190,CVB45.BC,2023-06-27,Reparado,0,0,0.0,0,0
7418195,CVB45.BC,2025-06-12,POD Reparado,0,0,0.0,0,0
7418196,CVB45.BC,2024-09-11,Reparado,0,0,0.0,0,0
7418196,CVB45.BC,2025-11-04,Reparado / Garantía Lab,0,0,419.0,419,0
7418198,CVB45.BC,2025-03-13,Reparado,0,0,0.0,0,0
7418201,CVB45.BC,2024-09-16,Reparado,0,0,0.0,0,0
7418205,CVB45.BC,2024-04-02,Reparado,0,0,0.0,0,0
7418206,CVB45.BC,2025-09-08,Reparado,0,0,0.0,0,0
7418208,CVB45.BC,2025-09-05,Reparado,0,0,0.0,0,0
7418209,CVB45.BC,2023-12-06,POD Reparado,0,0,0.0,0,0
7418209,CVB45.BC,2024-06-25,Reparado / Garantía Lab,0,1,202.0,202,0
7418209,CVB45.BC,2025-08-18,POD Reparado,0,0,419.0,621,0
7418209,CVB45.BC,2025-11-13,Reparado / Garantía Lab,1,1,87.0,708,0
7418210,CVB45.BC,2025-01-15,Reparado,0,0,0.0,0,0
7418212,CVB45.BC,2024-09-25,Reparado,0,0,0.0,0,0
7418212,CVB45.BC,2025-03-04,Reparado / Garantía Lab,1,1,160.0,160,0
7418212,CVB45.BC,2025-04-09,Reparado / Garantía Lab,1,2,36.0,196,0
7418213,CVB45.BC,2023-08-14,Reparado,0,0,0.0,0,0
7418214,CVB45.BC,2025-07-31,Reparado / Garantía Lab,0,0,0.0,0,1
7418214,CVB45.BC,2025-08-13,Reparado / Garantía Lab,1,1,13.0,13,1
7418214,CVB45.BC,2025-08-27,Reparado / Garantía Lab,2,2,14.0,27,0
7418216,CVB45.BC,2024-05-18,Reparado,0,0,0.0,0,0
7418217,CVB45.BC,2024-12-11,POD Reparado,0,0,0.0,0,0
7418218,CVB45.BC,2024-09-26,Reparado,0,0,0.0,0,0
7418219,CVB45.BC,2025-11-07,POD Reparado,0,0,0.0,0,0
7418221,CVB45.BC,2025-06-05,Reparado,0,0,0.0,0,0
7418419,CVB45.BC,2025-02-14,Reparado,0,0,0.0,0,0
7418720,CVB45.BC,2025-09-16,Reparado,0,0,0.0,0,0
7418725,CVB45.BC,2024-05-29,Reparado,0,0,0.0,0,0
7418725,CVB45.BC,2025-02-13,POD Reparado,0,1,260.0,260,0
7418727,CVB45.BC,2025-01-22,Reparado,0,0,0.0,0,0
7418728,CVB45.BC,2024-04-26,Reparado,0,0,0.0,0,0
7418729,CVB45.BC,2024-05-29,Reparado,0,0,0.0,0,0
7418729,CVB45.BC,2025-01-07,Reparado / Garantía Lab,0,1,223.0,223,0
7418731,CVB45.BC,2024-05-29,Reparado,0,0,0.0,0,0
7418732,CVB45.BC,2024-11-14,Reparado,0,0,0.0,0,1
7418732,CVB45.BC,2024-11-18,Reparado / Garantía Lab,1,1,4.0,4,1
7418732,CVB45.BC,2024-11-20,Reparado / Garantía Lab,2,2,2.0,6,1
7418732,CVB45.BC,2024-11-22,Reparado,3,3,2.0,8,0
7418735,CVB45.BC,2024-05-29,Reparado,0,0,0.0,0,0
7418738,CVB45.BC,2024-10-14,Reparado,0,0,0.0,0,0
7418739,CVB45.BC,2024-07-11,POD Reparado,0,0,0.0,0,0
7418740,CVB45.BC,2024-10-17,Reparado,0,0,0.0,0,1
7418740,CVB45.BC,2024-11-11,Reparado / Garantía Lab,1,1,25.0,25,1
7418740,CVB45.BC,2024-11-13,Reparado / Garantía Lab,2,2,2.0,27,1
7418740,CVB45.BC,2024-11-15,Reparado / Garantía Lab,3,3,2.0,29,1
7418740,CVB45.BC,2024-11-20,Reparado / Garantía Lab,4,4,5.0,34,0
7418741,CVB45.BC,2024-05-29,Reparado,0,0,0.0,0,0
7418833,CVB45.BC,2025-01-09,Reparado,0,0,0.0,0,0
7418834,CVB45.BC,2024-05-03,Reparado,0,0,0.0,0,1
7418834,CVB45.BC,2024-05-29,Reparado,1,1,26.0,26,0
7418835,CVB45.BC,2024-05-29,Reparado,0,0,0.0,0,0
7418835,CVB45.BC,2024-09-09,Reparado / Garantía Lab,1,1,103.0,103,0
7418836,CVB45.BC,2024-10-01,Reparado / Garantía Lab,0,0,0.0,0,1
7418836,CVB45.BC,2024-10-04,Reparado / Garantía Lab,1,1,3.0,3,1
7418836,CVB45.BC,2024-10-08,Reparado,2,2,4.0,7,0
7418838,CVB45.BC,2025-03-20,POD Reparado,0,0,0.0,0,1
7418838,CVB45.BC,2025-03-26,Reparado / Garantía Lab,1,1,6.0,6,1
7418838,CVB45.BC,2025-03-28,Reparado / Garantía Lab,2,2,2.0,8,0
7418838,CVB45.BC,2025-07-03,Reparado / Garantía Lab,3,3,97.0,105,0
7418839,CVB45.BC,2024-05-29,Reparado,0,0,0.0,0,0
7418843,CVB45.BC,2025-08-20,Reparado / Garantía Lab,0,0,0.0,0,1
7418843,CVB45.BC,2025-09-02,Reparado / Garantía Lab,1,1,13.0,13,1
7418843,CVB45.BC,2025-09-29,Reparado / Garantía Lab,2,2,27.0,40,1
7418843,CVB45.BC,2025-10-03,Reparado / Garantía Lab,3,3,4.0,44,1
7418843,CVB45.BC,2025-10-30,Garantía MK,4,4,27.0,71,0
7418846,CVB45.BC,2024-08-07,Reparado,0,0,0.0,0,0
7418847,CVB45.BC,2024-08-12,Reparado,0,0,0.0,0,1
7418847,CVB45.BC,2024-08-14,Reparado / Garantía Lab,1,1,2.0,2,1
7418847,CVB45.BC,2024-08-22,Reparado / Garantía Lab,2,2,8.0,10,1
7418847,CVB45.BC,2024-08-27,Reparado,3,3,5.0,15,0
7418847,CVB45.BC,2024-09-30,Reparado / Garantía Lab,4,4,34.0,49,0
7418847,CVB45.BC,2024-11-08,Reparado / Garantía Lab,5,5,39.0,88,0
7418847,CVB45.BC,2025-01-21,Reparado / Garantía Lab,6,6,74.0,162,0
7418847,CVB45.BC,2025-06-12,Reparado / Garantía Lab,1,7,142.0,304,0
7418847,CVB45.BC,2025-11-13,POD Reparado,1,2,154.0,458,0
7418848,CVB45.BC,2024-05-29,Reparado,0,0,0.0,0,0
7418849,CVB45.BC,2025-10-20,Reparado,0,0,0.0,0,0
7418850,CVB45.BC,2024-05-29,Reparado,0,0,0.0,0,0
7418852,CVB45.BC,2024-12-31,Reparado,0,0,0.0,0,0
7418852,CVB45.BC,2025-09-09,Reparado / Garantía Lab,0,1,252.0,252,0
7418853,CVB45.BC,2024-05-29,Reparado,0,0,0.0,0,0
7418854,CVB45.BC,2024-10-01,Reparado,0,0,0.0,0,0
7418856,CVB45.BC,2024-11-05,POD Reparado,0,0,0.0,0,0
7418857,CVB45.BC,2024-09-13,Reparado / Garantía Lab,0,0,0.0,0,1
7418857,CVB45.BC,2024-09-17,Reparado / Garantía Lab,1,1,4.0,4,1
7418857,CVB45.BC,2024-09-24,Reparado / Garantía Lab,2,2,7.0,11,1
7418857,CVB45.BC,2024-09-27,Reparado,3,3,3.0,14,0
7418858,CVB45.BC,2024-10-04,Reparado,0,0,0.0,0,0
7418860,CVB45.BC,2024-09-05,Reparado,0,0,0.0,0,0
7418860,CVB45.BC,2025-09-05,Reparado / Garantía Lab,0,1,365.0,365,0
7418861,CVB45.BC,2024-11-13,Reparado / Garantía Lab,0,0,0.0,0,1
7418861,CVB45.BC,2024-11-15,Reparado / Garantía Lab,1,1,2.0,2,1
7418861,CVB45.BC,2024-11-20,Reparado / Garantía Lab,2,2,5.0,7,1
7418861,CVB45.BC,2024-11-22,Reparado,3,3,2.0,9,1
7418861,CVB45.BC,2024-12-03,Reparado / Garantía Lab,4,4,11.0,20,1
7418861,CVB45.BC,2024-12-05,Reparado / Garantía Lab,5,5,2.0,22,0
7418861,CVB45.BC,2025-10-27,Reparado / Garantía Lab,0,6,326.0,348,0
7418862,CVB45.BC,2024-05-09,Reparado,0,0,0.0,0,0
7418862,CVB45.BC,2024-09-13,Reparado / Garantía Lab,1,1,127.0,127,1
7418862,CVB45.BC,2024-09-23,Reparado / Garantía Lab,2,2,10.0,137,0
7418863,CVB45.BC,2024-05-29,Reparado,0,0,0.0,0,0
7418864,CVB45.BC,2024-05-29,Reparado,0,0,0.0,0,0
7418864,CVB45.BC,2025-04-14,Reparado / Garantía Lab,0,1,320.0,320,0
7418865,CVB45.BC,2024-05-29,Reparado,0,0,0.0,0,0
7418865,CVB45.BC,2024-11-15,Reparado / Garantía Lab,1,1,170.0,170,0
7418866,CVB45.BC,2024-09-05,Reparado,0,0,0.0,0,0
7418866,CVB45.BC,2025-01-21,Reparado / Garantía Lab,1,1,138.0,138,0
7418868,CVB45.BC,2024-05-29,Reparado,0,0,0.0,0,0
7418868,CVB45.BC,2025-04-04,Reparado / Garantía Lab,0,1,310.0,310,1
7418868,CVB45.BC,2025-04-09,Reparado / Garantía Lab,1,2,5.0,315,0
7418870,CVB45.BC,2025-05-08,POD Reparado,0,0,0.0,0,0
7418871,CVB45.BC,2024-05-29,Reparado,0,0,0.0,0,0
7418873,CVB45.BC,2024-05-29,Reparado,0,0,0.0,0,0
7418873,CVB45.BC,2025-01-15,Reparado / Garantía Lab,0,1,231.0,231,0
7418874,CVB45.BC,2025-06-26,Reparado,0,0,0.0,0,1
7418874,CVB45.BC,2025-06-30,Reparado / Garantía Lab,1,1,4.0,4,0
7418876,CVB45.BC,2024-10-04,Reparado,0,0,0.0,0,0
7418876,CVB45.BC,2025-04-02,Reparado / Garantía Lab,1,1,180.0,180,1
7418876,CVB45.BC,2025-04-07,Reparado / Garantía Lab,1,2,5.0,185,1
7418876,CVB45.BC,2025-04-21,Reparado / Garantía Lab,2,3,14.0,199,1
7418876,CVB45.BC,2025-04-23,Reparado / Garantía Lab,3,4,2.0,201,1
7418876,CVB45.BC,2025-05-08,Reparado / Garantía Lab,4,5,15.0,216,1
7418876,CVB45.BC,2025-05-12,Reparado / Garantía Lab,5,6,4.0,220,1
7418876,CVB45.BC,2025-05-16,Reparado / Garantía Lab,6,7,4.0,224,0
7418877,CVB45.BC,2025-04-24,Reparado / Garantía Lab,0,0,0.0,0,1
7418877,CVB45.BC,2025-04-29,Reparado / Garantía Lab,1,1,5.0,5,0
7418878,CVB45.BC,2024-05-29,Reparado,0,0,0.0,0,0
7418879,CVB45.BC,2024-02-21,Reparado / Garantía Lab,0,0,0.0,0,1
7418879,CVB45.BC,2024-02-26,Reparado / Garantía Lab,1,1,5.0,5,0
7418879,CVB45.BC,2024-04-30,POD Reparado,2,2,64.0,69,0
7418879,CVB45.BC,2025-01-29,Reparado / Garantía Lab,0,3,274.0,343,0
7418886,CVB45.BC,2024-08-20,Reparado / Garantía Lab,0,0,0.0,0,1
7418886,CVB45.BC,2024-08-22,Reparado,1,1,2.0,2,0
7418887,CVB45.BC,2024-05-06,Reparado,0,0,0.0,0,0
7418888,CVB45.BC,2024-09-11,Reparado,0,0,0.0,0,0
7418890,CVB45.BC,2024-08-06,Reparado,0,0,0.0,0,0
7418890,CVB45.BC,2025-02-21,Reparado / Garantía Lab,0,1,199.0,199,0
7418890,CVB45.BC,2025-11-13,Reparado / Garantía Lab,0,1,265.0,464,0
7418891,CVB45.BC,2024-05-29,Reparado,0,0,0.0,0,0
7418891,CVB45.BC,2024-11-04,Reparado / Garantía Lab,1,1,159.0,159,0
7418891,CVB45.BC,2024-12-13,Reparado / Garantía Lab,1,2,39.0,198,1
7418891,CVB45.BC,2024-12-18,Reparado / Garantía Lab,2,3,5.0,203,1
7418891,CVB45.BC,2024-12-24,Reparado / Garantía Lab,3,4,6.0,209,1
7418891,CVB45.BC,2024-12-30,Reparado / Garantía Lab,4,5,6.0,215,1
7418891,CVB45.BC,2025-01-02,Reparado / Garantía Lab,5,6,3.0,218,0
7418894,CVB45.BC,2024-05-29,Reparado,0,0,0.0,0,0
7418896,CVB45.BC,2024-02-02,Reparado,0,0,0.0,0,0
7418897,CVB45.BC,2024-08-06,Reparado,0,0,0.0,0,0
7418898,CVB45.BC,2024-12-11,Reparado / Garantía Lab,0,0,0.0,0,1
7418898,CVB45.BC,2024-12-16,Reparado / Garantía Lab,1,1,5.0,5,0
7418898,CVB45.BC,2025-10-30,Reparado / Garantía Lab,0,2,318.0,323,0
7418900,CVB45.BC,2025-02-12,Reparado,0,0,0.0,0,0
7418902,CVB45.BC,2024-03-08,Reparado,0,0,0.0,0,0
7418903,CVB45.BC,2024-10-16,Reparado,0,0,0.0,0,0
7418903,CVB45.BC,2025-12-02,Reparado / Garantía Lab,0,0,412.0,412,1
7418903,CVB45.BC,2025-12-04,Reparado / Garantía Lab,1,1,2.0,414,0
7418905,CVB45.BC,2025-01-07,Reparado,0,0,0.0,0,0
7418907,CVB45.BC,2024-05-29,Reparado,0,0,0.0,0,0
7418908,CVB45.BC,2024-11-26,Reparado,0,0,0.0,0,0
7418909,CVB45.BC,2025-01-10,Reparado / Garantía Lab,0,0,0.0,0,1
7418909,CVB45.BC,2025-01-14,Reparado / Garantía Lab,1,1,4.0,4,1
7418909,CVB45.BC,2025-01-20,Reparado / Garantía Lab,2,2,6.0,10,0
7418910,CVB45.BC,2024-07-11,POD Reparado,0,0,0.0,0,0
7418910,CVB45.BC,2025-04-24,Reparado / Garantía Lab,0,1,287.0,287,0
7418912,CVB45.BC,2024-05-29,Reparado,0,0,0.0,0,0
7418912,CVB45.BC,2024-09-09,Reparado / Garantía Lab,1,1,103.0,103,0
7418912,CVB45.BC,2024-11-28,Reparado / Garantía Lab,1,2,80.0,183,0
7418913,CVB45.BC,2025-05-06,Reparado / Garantía Lab,0,0,0.0,0,1
7418913,CVB45.BC,2025-05-22,Reparado / Garantía Lab,1,1,16.0,16,0
7418914,CVB45.BC,2024-12-18,Reparado,0,0,0.0,0,1
7418914,CVB45.BC,2024-12-24,Reparado / Garantía Lab,1,1,6.0,6,1
7418914,CVB45.BC,2024-12-30,Reparado / Garantía Lab,2,2,6.0,12,1
7418914,CVB45.BC,2025-01-02,Reparado / Garantía Lab,3,3,3.0,15,1
7418914,CVB45.BC,2025-01-07,Reparado / Garantía Lab,4,4,5.0,20,0
7418915,CVB45.BC,2024-05-29,Reparado,0,0,0.0,0,0
7418916,CVB45.BC,2025-06-19,Reparado,0,0,0.0,0,0
7418917,CVB45.BC,2024-09-27,Reparado / Garantía Lab,0,0,0.0,0,1
7418917,CVB45.BC,2024-10-01,Reparado / Garantía Lab,1,1,4.0,4,0
7418917,CVB45.BC,2025-08-21,Reparado / Garantía Lab,0,2,324.0,328,1
7418917,CVB45.BC,2025-08-26,Reparado / Garantía Lab,1,3,5.0,333,1
7418917,CVB45.BC,2025-09-10,Reparado / Garantía Lab,2,4,15.0,348,1
7418917,CVB45.BC,2025-09-23,Reparado / Garantía Lab,3,5,13.0,361,0
7418917,CVB45.BC,2025-10-30,Reparado / Garantía Lab,4,4,37.0,398,0
7418918,CVB45.BC,2024-05-29,Reparado,0,0,0.0,0,0
7418920,CVB45.BC,2024-05-29,Reparado,0,0,0.0,0,0
7418920,CVB45.BC,2025-11-06,Reparado / Garantía Lab,0,0,526.0,526,0
7418922,CVB45.BC,2025-01-13,Reparado,0,0,0.0,0,0
7418923,CVB45.BC,2025-11-18,Reparado / Garantía Lab,0,0,0.0,0,0
7418925,CVB45.BC,2024-05-29,Reparado,0,0,0.0,0,0
7418925,CVB45.BC,2025-08-26,Reparado / Garantía Lab,0,0,454.0,454,0
7418926,CVB45.BC,2024-05-29,Reparado,0,0,0.0,0,0
7418926,CVB45.BC,2024-09-09,Reparado / Garantía Lab,1,1,103.0,103,1
7418926,CVB45.BC,2024-09-11,Reparado / Garantía Lab,2,2,2.0,105,0
7418927,CVB45.BC,2024-09-16,Reparado / Garantía Lab,0,0,0.0,0,1
7418927,CVB45.BC,2024-09-23,Reparado,1,1,7.0,7,0
7418928,CVB45.BC,2024-05-29,Reparado,0,0,0.0,0,0
7418931,CVB45.BC,2024-04-04,Reparado,0,0,0.0,0,0
7418933,CVB45.BC,2024-09-24,Reparado,0,0,0.0,0,0
7418935,CVB45.BC,2024-05-29,Reparado,0,0,0.0,0,0
7418936,CVB45.BC,2024-05-29,Reparado,0,0,0.0,0,0
7418936,CVB45.BC,2024-11-05,Reparado / Garantía Lab,1,1,160.0,160,0
7418936,CVB45.BC,2025-04-02,Reparado / Garantía Lab,1,2,148.0,308,0
7418937,CVB45.BC,2024-05-29,Reparado,0,0,0.0,0,0
7418937,CVB45.BC,2025-11-25,Reparado / Garantía Lab,0,0,545.0,545,0
7418938,CVB45.BC,2025-07-24,Reparado / Garantía Lab,0,0,0.0,0,1
7418938,CVB45.BC,2025-07-28,Reparado / Garantía Lab,1,1,4.0,4,0
7418939,CVB45.BC,2024-09-12,Reparado / Garantía Lab,0,0,0.0,0,1
7418939,CVB45.BC,2024-09-16,Reparado / Garantía Lab,1,1,4.0,4,1
7418939,CVB45.BC,2024-09-23,Reparado / Garantía Lab,2,2,7.0,11,0
7418941,CVB45.BC,2024-06-27,Reparado,0,0,0.0,0,0
7418945,CVB45.BC,2025-07-18,Reparado,0,0,0.0,0,0
7418950,CVB45.BC,2025-05-15,Reparado,0,0,0.0,0,0
7418952,CVB45.BC,2025-01-22,Reparado,0,0,0.0,0,0
7418952,CVB45.BC,2025-04-04,Reparado / Garantía Lab,1,1,72.0,72,1
7418952,CVB45.BC,2025-04-22,Reparado / Garantía Lab,2,2,18.0,90,0
7418952,CVB45.BC,2025-09-30,Reparado / Garantía Lab,2,3,161.0,251,0
7418953,CVB45.BC,2025-11-10,Reparado,0,0,0.0,0,1
7418953,CVB45.BC,2025-11-13,Garantía MK,1,1,3.0,3,0
7418955,CVB45.BC,2025-08-04,Reparado,0,0,0.0,0,0
7418955,CVB45.BC,2025-11-17,Reparado / Garantía Lab,1,1,105.0,105,1
7418955,CVB45.BC,2025-11-19,Garantía MK,2,2,2.0,107,0
7418957,CVB45.BC,2024-11-22,POD Reparado,0,0,0.0,0,0
7418963,CVB45.BC,2023-11-12,Reparado / Garantía Lab,0,0,0.0,0,0
7418963,CVB45.BC,2024-01-17,Reparado / Garantía Lab,1,1,66.0,66,0
7418963,CVB45.BC,2025-08-25,Reparado / Garantía Lab,0,0,586.0,652,0
7418966,CVB45.BC,2024-05-29,Reparado,0,0,0.0,0,0
7418967,CVB45.BC,2024-05-29,Reparado,0,0,0.0,0,0
7418969,CVB45.BC,2024-03-22,POD Reparado,0,0,0.0,0,0
7418970,CVB45.BC,2024-02-19,POD Reparado,0,0,0.0,0,0
7418975,CVB45.BC,2024-05-29,Reparado,0,0,0.0,0,1
7418975,CVB45.BC,2024-06-06,Reparado,1,1,8.0,8,0
7418977,CVB45.BC,2024-08-28,POD Reparado,0,0,0.0,0,0
7418977,CVB45.BC,2024-12-09,POD Reparado,1,1,103.0,103,0
7418977,CVB45.BC,2025-02-18,Reparado / Garantía Lab,2,2,71.0,174,0
7418978,CVB45.BC,2024-05-29,Reparado,0,0,0.0,0,0
7418979,CVB45.BC,2025-06-10,POD Reparado,0,0,0.0,0,0
7418980,CVB45.BC,2024-05-29,Reparado,0,0,0.0,0,0
7418980,CVB45.BC,2024-12-09,POD Reparado,0,1,194.0,194,0
7418981,CVB45.BC,2023-12-27,POD Reparado,0,0,0.0,0,0
7418982,CVB45.BC,2024-05-29,Reparado,0,0,0.0,0,0
7418984,CVB45.BC,2024-05-29,Reparado,0,0,0.0,0,0
7418985,CVB45.BC,2025-08-14,Reparado,0,0,0.0,0,0
7418987,CVB45.BC,2024-12-20,Reparado,0,0,0.0,0,0
7418989,CVB45.BC,2024-04-24,POD Reparado,0,0,0.0,0,0
7418989,CVB45.BC,2024-08-05,Reparado / Garantía Lab,1,1,103.0,103,1
7418989,CVB45.BC,2024-08-09,Reparado / Garantía Lab,2,2,4.0,107,0
7418992,CVB45.BC,2024-05-29,Reparado,0,0,0.0,0,0
7418993,CVB45.BC,2024-10-08,Reparado,0,0,0.0,0,0
7418996,CVB45.BC,2025-03-27,Reparado,0,0,0.0,0,0
7418997,CVB45.BC,2024-05-29,Reparado,0,0,0.0,0,0
7418998,CVB45.BC,2024-10-18,POD Reparado,0,0,0.0,0,0
7418999,CVB45.BC,2025-08-14,Reparado,0,0,0.0,0,0
7419001,CVB45.BC,2023-11-04,POD Reparado,0,0,0.0,0,0
7419002,CVB45.BC,2024-05-29,Reparado,0,0,0.0,0,0
7419002,CVB45.BC,2024-09-09,Reparado / Garantía Lab,1,1,103.0,103,0
7419003,CVB45.BC,2025-02-05,Reparado / Garantía Lab,0,0,0.0,0,1
7419003,CVB45.BC,2025-02-10,Reparado / Garantía Lab,1,1,5.0,5,0
7419006,CVB45.BC,2024-02-16,Reparado,0,0,0.0,0,0
7419007,CVB45.BC,2025-06-26,POD Reparado,0,0,0.0,0,0
7419009,CVB45.BC,2024-05-29,Reparado,0,0,0.0,0,0
7419009,CVB45.BC,2025-05-06,Reparado / Garantía Lab,0,1,342.0,342,0
7419012,CVB45.BC,2024-04-01,Reparado,0,0,0.0,0,0
7419012,CVB45.BC,2025-04-14,Reparado / Garantía Lab,0,0,378.0,378,0
7419012,CVB45.BC,2025-11-07,Reparado / Garantía Lab,0,1,207.0,585,0
7419016,CVB45.BC,2024-05-29,Reparado,0,0,0.0,0,0
7419017,CVB45.BC,2024-05-29,Reparado,0,0,0.0,0,0
7419018,CVB45.BC,2025-07-15,Reparado,0,0,0.0,0,0
7419020,CVB45.BC,2024-11-29,POD Reparado,0,0,0.0,0,0
7419021,CVB45.BC,2024-09-30,POD Reparado,0,0,0.0,0,0
7419023,CVB45.BC,2024-09-09,Reparado,0,0,0.0,0,0
7419023,CVB45.BC,2025-02-07,POD Reparado,1,1,151.0,151,1
7419023,CVB45.BC,2025-02-26,Reparado / Garantía Lab,2,2,19.0,170,0
7419023,CVB45.BC,2025-05-30,POD Reparado,2,3,93.0,263,1
7419023,CVB45.BC,2025-06-06,Reparado / Garantía Lab,3,4,7.0,270,0
7419027,CVB45.BC,2024-05-29,Reparado,0,0,0.0,0,0
7419028,CVB45.BC,2025-09-05,Reparado / Garantía Lab,0,0,0.0,0,1
7419028,CVB45.BC,2025-09-12,Reparado / Garantía Lab,1,1,7.0,7,0
7419029,CVB45.BC,2025-05-30,Reparado,0,0,0.0,0,0
7419031,CVB45.BC,2024-04-24,Reparado,0,0,0.0,0,1
7419031,CVB45.BC,2024-05-02,Reparado / Garantía Lab,1,1,8.0,8,1
7419031,CVB45.BC,2024-05-16,Reparado / Garantía Lab,2,2,14.0,22,1
7419031,CVB45.BC,2024-05-23,Reparado / Garantía Lab,3,3,7.0,29,1
7419031,CVB45.BC,2024-06-04,Reparado / Garantía Lab,4,4,12.0,41,1
7419031,CVB45.BC,2024-06-11,Reparado / Garantía Lab,5,5,7.0,48,0
7419031,CVB45.BC,2025-05-08,Reparado / Garantía Lab,0,4,331.0,379,0
7419032,CVB45.BC,2024-11-15,POD Reparado,0,0,0.0,0,0
7419033,CVB45.BC,2025-01-10,Reparado / Garantía Lab,0,0,0.0,0,1
7419033,CVB45.BC,2025-01-15,Reparado / Garantía Lab,1,1,5.0,5,0
7419033,CVB45.BC,2025-03-24,POD Reparado,2,2,68.0,73,0
7419036,CVB45.BC,2025-08-04,POD Reparado,0,0,0.0,0,0
7419040,CVB45.BC,2024-01-11,POD Reparado,0,0,0.0,0,0
7419040,CVB45.BC,2024-05-29,Reparado,1,1,139.0,139,0
7419041,CVB45.BC,2024-11-15,Reparado,0,0,0.0,0,0
7419043,CVB45.BC,2024-05-29,Reparado,0,0,0.0,0,0
7419044,CVB45.BC,2024-05-23,POD Reparado,0,0,0.0,0,0
7419045,CVB45.BC,2024-09-30,POD Reparado,0,0,0.0,0,0
7419047,CVB45.BC,2025-06-18,POD Reparado,0,0,0.0,0,0
7419048,CVB45.BC,2024-05-02,Reparado,0,0,0.0,0,1
7419048,CVB45.BC,2024-05-29,Reparado,1,1,27.0,27,0
7419049,CVB45.BC,2024-05-29,Reparado,0,0,0.0,0,0
7419050,CVB45.BC,2024-05-29,Reparado,0,0,0.0,0,0
7419050,CVB45.BC,2024-09-10,Reparado,1,1,104.0,104,1
7419050,CVB45.BC,2024-09-16,Reparado / Garantía Lab,2,2,6.0,110,0
7419052,CVB45.BC,2025-01-10,Reparado,0,0,0.0,0,1
7419052,CVB45.BC,2025-02-07,POD Reparado,1,1,28.0,28,0
7419052,CVB45.BC,2025-03-11,Reparado / Garantía Lab,2,2,32.0,60,0
7419055,CVB45.BC,2024-03-28,POD Reparado,0,0,0.0,0,0
7419058,CVB45.BC,2024-10-18,POD Reparado,0,0,0.0,0,0
7419062,CVB45.BC,2024-10-08,POD Reparado,0,0,0.0,0,0
7419063,CVB45.BC,2024-05-29,Reparado,0,0,0.0,0,0
7419064,CVB45.BC,2024-07-15,POD Reparado,0,0,0.0,0,0
7419067,CVB45.BC,2024-11-29,Reparado,0,0,0.0,0,0
7419067,CVB45.BC,2025-02-26,POD Reparado,1,1,89.0,89,0
7419069,CVB45.BC,2024-05-29,Reparado,0,0,0.0,0,0
7419070,CVB45.BC,2024-05-29,Reparado,0,0,0.0,0,0
7419072,CVB45.BC,2024-05-29,Reparado,0,0,0.0,0,0
7419072,CVB45.BC,2024-12-09,POD Reparado,0,1,194.0,194,0
7419075,CVB45.BC,2024-05-29,Reparado,0,0,0.0,0,0
7419075,CVB45.BC,2024-09-09,Reparado / Garantía Lab,1,1,103.0,103,0
7419075,CVB45.BC,2025-02-04,POD Reparado,1,2,148.0,251,0
7419078,CVB45.BC,2025-08-25,Reparado,0,0,0.0,0,0
7419079,CVB45.BC,2023-11-16,Reparado,0,0,0.0,0,0
7419079,CVB45.BC,2024-05-29,Reparado,0,1,195.0,195,0
7419079,CVB45.BC,2025-11-18,Reparado / Garantía Lab,0,0,538.0,733,0
7419080,CVB45.BC,2024-08-20,Reparado / Garantía Lab,0,0,0.0,0,1
7419080,CVB45.BC,2024-08-22,Reparado,1,1,2.0,2,0
7419081,CVB45.BC,2025-09-22,Reparado,0,0,0.0,0,0
7419083,CVB45.BC,2024-05-29,Reparado,0,0,0.0,0,0
7419083,CVB45.BC,2025-07-29,Reparado / Garantía Lab,0,0,426.0,426,1
7419083,CVB45.BC,2025-08-08,Reparado / Garantía Lab,1,1,10.0,436,1
7419083,CVB45.BC,2025-08-13,Reparado / Garantía Lab,2,2,5.0,441,0
7419083,CVB45.BC,2025-09-30,Reparado / Garantía Lab,3,3,48.0,489,0
7419083,CVB45.BC,2025-11-13,Reparado / Garantía Lab,4,4,44.0,533,1
7419083,CVB45.BC,2025-11-28,Reparado / Garantía Lab,5,5,15.0,548,0
7419084,CVB45.BC,2024-10-03,Reparado,0,0,0.0,0,0
7419085,CVB45.BC,2024-06-27,Reparado,0,0,0.0,0,0
7419085,CVB45.BC,2025-10-27,Reparado / Garantía Lab,0,0,487.0,487,0
7419086,CVB45.BC,2024-09-13,Reparado,0,0,0.0,0,0
7419086,CVB45.BC,2025-10-27,Reparado / Garantía Lab,0,0,409.0,409,0
7419087,CVB45.BC,2024-05-29,Reparado,0,0,0.0,0,0
7419089,CVB45.BC,2024-04-03,Reparado,0,0,0.0,0,1
7419089,CVB45.BC,2024-04-19,Reparado / Garantía Lab,1,1,16.0,16,0
7419091,CVB45.BC,2025-01-21,Reparado,0,0,0.0,0,0
7419093,CVB45.BC,2024-05-29,Reparado,0,0,0.0,0,0
7419094,CVB45.BC,2024-05-29,Reparado,0,0,0.0,0,0
7419095,CVB45.BC,2024-05-29,Reparado,0,0,0.0,0,0
7419095,CVB45.BC,2025-06-18,Reparado / Garantía Lab,0,0,385.0,385,1
7419095,CVB45.BC,2025-06-27,Reparado / Garantía Lab,1,1,9.0,394,0
7419096,CVB45.BC,2024-06-21,Reparado,0,0,0.0,0,0
7419098,CVB45.BC,2024-06-11,Reparado,0,0,0.0,0,0
7419098,CVB45.BC,2025-02-24,Reparado / Garantía Lab,0,1,258.0,258,0
7419101,CVB45.BC,2024-07-09,Reparado,0,0,0.0,0,0
7419102,CVB45.BC,2024-05-29,Reparado,0,0,0.0,0,0
7419103,CVB45.BC,2024-08-27,Reparado,0,0,0.0,0,0
7419104,CVB45.BC,2024-05-29,Reparado,0,0,0.0,0,0
7419107,CVB45.BC,2025-10-27,Reparado / Garantía Lab,0,0,0.0,0,1
7419107,CVB45.BC,2025-10-30,Garantía MK,1,1,3.0,3,0
7419291,CVB45.BC,2025-05-08,Reparado,0,0,0.0,0,0
7419292,CVB45.BC,2025-06-09,Reparado,0,0,0.0,0,0
7419295,CVB45.BC,2025-02-05,Reparado,0,0,0.0,0,0
7419298,CVB45.BC,2024-09-10,Reparado,0,0,0.0,0,0
7419300,CVB45.BC,2024-11-13,Reparado,0,0,0.0,0,0
7419302,CVB45.BC,2025-11-20,Reparado / Garantía Lab,0,0,0.0,0,0
7419304,CVB45.BC,2025-07-02,Reparado,0,0,0.0,0,0
7419305,CVB45.BC,2025-09-30,Reparado,0,0,0.0,0,0
7419306,CVB45.BC,2025-07-24,Reparado,0,0,0.0,0,0
7419308,CVB45.BC,2025-04-17,Reparado,0,0,0.0,0,0
7419312,CVB45.BC,2025-08-05,Reparado,0,0,0.0,0,0
7419313,CVB45.BC,2025-02-17,Reparado,0,0,0.0,0,0
7419318,CVB45.BC,2025-09-04,Reparado,0,0,0.0,0,0
7419318,CVB45.BC,2025-11-13,Reparado / Garantía Lab,1,1,70.0,70,0
7419320,CVB45.BC,2024-09-13,Reparado,0,0,0.0,0,0
7419320,CVB45.BC,2025-10-27,POD Reparado,0,0,409.0,409,0
7419321,CVB45.BC,2025-11-18,POD Reparado,0,0,0.0,0,0
7419323,CVB45.BC,2024-10-10,Reparado,0,0,0.0,0,0
7419324,CVB45.BC,2024-09-13,Reparado,0,0,0.0,0,0
7419325,CVB45.BC,2024-05-29,Reparado,0,0,0.0,0,0
7419326,CVB45.BC,2025-06-25,Reparado,0,0,0.0,0,0
7419327,CVB45.BC,2024-09-13,Reparado,0,0,0.0,0,0
7419329,CVB45.BC,2024-10-15,Reparado,0,0,0.0,0,0
7419334,CVB45.BC,2025-09-26,Reparado,0,0,0.0,0,0
7419339,CVB45.BC,2025-09-23,Reparado,0,0,0.0,0,0
7419340,CVB45.BC,2025-03-04,Reparado,0,0,0.0,0,0
7419341,CVB45.BC,2025-08-12,Reparado,0,0,0.0,0,0
7419342,CVB45.BC,2025-04-15,Reparado,0,0,0.0,0,0
7419342,CVB45.BC,2025-06-13,Reparado / Garantía Lab,1,1,59.0,59,1
7419342,CVB45.BC,2025-06-18,Reparado / Garantía Lab,2,2,5.0,64,0
7419342,CVB45.BC,2025-08-29,Reparado / Garantía Lab,3,3,72.0,136,0
7419344,CVB45.BC,2025-10-02,Reparado,0,0,0.0,0,0
7419345,CVB45.BC,2025-07-28,Reparado,0,0,0.0,0,0
7419347,CVB45.BC,2025-09-03,Reparado,0,0,0.0,0,0
7419349,CVB45.BC,2025-01-07,Reparado,0,0,0.0,0,0
7419350,CVB45.BC,2024-09-26,Reparado,0,0,0.0,0,0
7419351,CVB45.BC,2025-10-03,POD Reparado,0,0,0.0,0,0
7419354,CVB45.BC,2025-03-24,Reparado,0,0,0.0,0,0
7419355,CVB45.BC,2025-04-22,Reparado,0,0,0.0,0,0
7419356,CVB45.BC,2025-09-04,Reparado,0,0,0.0,0,1
7419356,CVB45.BC,2025-09-24,Reparado / Garantía Lab,1,1,20.0,20,1
7419356,CVB45.BC,2025-09-29,Reparado / Garantía Lab,2,2,5.0,25,0
7419359,CVB45.BC,2025-11-18,Reparado / Garantía Lab,0,0,0.0,0,0
7419360,CVB45.BC,2025-03-11,Reparado,0,0,0.0,0,0
7419362,CVB45.BC,2025-07-11,Reparado / Garantía Lab,0,0,0.0,0,1
7419362,CVB45.BC,2025-07-22,Reparado / Garantía Lab,1,1,11.0,11,0
7419363,CVB45.BC,2025-09-02,Reparado,0,0,0.0,0,0
7419363,CVB45.BC,2025-10-29,Reparado / Garantía Lab,1,1,57.0,57,1
7419363,CVB45.BC,2025-11-04,Garantía MK,2,2,6.0,63,0
7419365,CVB45.BC,2025-05-08,Reparado,0,0,0.0,0,0
7419368,CVB45.BC,2025-10-27,Reparado,0,0,0.0,0,0
7419370,CVB45.BC,2024-09-17,Reparado,0,0,0.0,0,0
7419371,CVB45.BC,2024-12-12,Reparado,0,0,0.0,0,0
7419386,CVB45.BC,2024-05-22,Reparado,0,0,0.0,0,0
7419387,CVB45.BC,2024-10-08,Reparado,0,0,0.0,0,0
7419388,CVB45.BC,2025-07-04,Reparado,0,0,0.0,0,0
7419391,CVB45.BC,2025-10-07,Reparado,0,0,0.0,0,0
7419398,CVB45.BC,2024-09-16,Reparado,0,0,0.0,0,0
7419399,CVB45.BC,2024-08-16,Reparado,0,0,0.0,0,0
7419405,CVB45.BC,2024-09-16,POD Reparado,0,0,0.0,0,0
7419406,CVB45.BC,2025-03-04,Reparado,0,0,0.0,0,0
7419407,CVB45.BC,2024-10-04,POD Reparado,0,0,0.0,0,0
7419408,CVB45.BC,2024-09-13,Reparado,0,0,0.0,0,0
7419410,CVB45.BC,2025-08-19,Reparado,0,0,0.0,0,0
7419412,CVB45.BC,2025-03-17,POD Reparado,0,0,0.0,0,0
7419414,CVB45.BC,2024-09-24,Reparado,0,0,0.0,0,0
7419414,CVB45.BC,2024-12-18,Reparado,1,1,85.0,85,0
7419418,CVB45.BC,2025-05-22,Reparado,0,0,0.0,0,0
7419418,CVB45.BC,2025-07-31,Reparado / Garantía Lab,1,1,70.0,70,0
7419420,CVB45.BC,2025-09-02,Reparado,0,0,0.0,0,0
7419421,CVB45.BC,2025-02-24,Reparado,0,0,0.0,0,0
7419421,CVB45.BC,2025-09-16,Reparado / Garantía Lab,0,1,204.0,204,0
7419422,CVB45.BC,2024-10-04,Reparado,0,0,0.0,0,0
7419424,CVB45.BC,2025-07-31,Reparado,0,0,0.0,0,0
7419425,CVB45.BC,2024-09-24,Reparado,0,0,0.0,0,0
7419426,CVB45.BC,2025-03-07,POD Reparado,0,0,0.0,0,0
7419427,CVB45.BC,2024-08-21,Reparado,0,0,0.0,0,0
7419427,CVB45.BC,2024-10-21,Reparado / Garantía Lab,1,1,61.0,61,0
7419434,CVB45.BC,2025-04-04,Reparado,0,0,0.0,0,0
7419437,CVB45.BC,2024-12-17,Reparado,0,0,0.0,0,0
7419439,CVB45.BC,2024-09-03,POD Reparado,0,0,0.0,0,0
7419443,CVB45.BC,2025-10-28,Reparado,0,0,0.0,0,0
7419446,CVB45.BC,2025-05-26,Reparado,0,0,0.0,0,0
7419448,CVB45.BC,2024-10-07,Reparado,0,0,0.0,0,0
7419449,CVB45.BC,2025-11-06,Reparado,0,0,0.0,0,0
7419451,CVB45.BC,2025-04-22,Reparado,0,0,0.0,0,0
7419455,CVB45.BC,2025-01-08,Reparado,0,0,0.0,0,0
7419458,CVB45.BC,2025-02-17,Reparado,0,0,0.0,0,0
7419458,CVB45.BC,2025-11-13,Reparado / Garantía Lab,0,1,269.0,269,0
7419460,CVB45.BC,2025-09-11,Reparado,0,0,0.0,0,0
7419461,CVB45.BC,2025-05-15,Reparado,0,0,0.0,0,0
7419462,CVB45.BC,2025-05-28,Reparado,0,0,0.0,0,0
7419463,CVB45.BC,2025-08-11,Reparado,0,0,0.0,0,0
7419464,CVB45.BC,2025-03-04,POD Reparado,0,0,0.0,0,0
7419464,CVB45.BC,2025-06-04,Reparado / Garantía Lab,1,1,92.0,92,0
7419465,CVB45.BC,2024-10-04,Reparado,0,0,0.0,0,0
7419468,CVB45.BC,2024-05-22,Reparado,0,0,0.0,0,0
7419468,CVB45.BC,2025-10-15,Reparado / Garantía Lab,0,0,511.0,511,0
7419469,CVB45.BC,2025-09-03,POD Reparado,0,0,0.0,0,0
7419470,CVB45.BC,2024-10-04,Reparado,0,0,0.0,0,0
7419470,CVB45.BC,2025-03-17,Reparado / Garantía Lab,1,1,164.0,164,0
7419474,CVB45.BC,2024-11-13,Reparado,0,0,0.0,0,0
7419474,CVB45.BC,2024-12-19,Reparado / Garantía Lab,1,1,36.0,36,0
7419475,CVB45.BC,2024-08-05,Reparado,0,0,0.0,0,0
7419475,CVB45.BC,2024-10-21,Reparado / Garantía Lab,1,1,77.0,77,0
7419475,CVB45.BC,2025-05-27,Reparado,0,2,218.0,295,0
7419475,CVB45.BC,2025-08-22,Reparado / Garantía Lab,1,2,87.0,382,0
7419476,CVB45.BC,2025-08-11,Reparado,0,0,0.0,0,0
7419476,CVB45.BC,2025-09-23,Reparado / Garantía Lab,1,1,43.0,43,1
7419476,CVB45.BC,2025-09-26,Reparado / Garantía Lab,2,2,3.0,46,0
7419477,CVB45.BC,2025-07-23,Reparado / Garantía Lab,0,0,0.0,0,1
7419477,CVB45.BC,2025-07-28,Reparado / Garantía Lab,1,1,5.0,5,0
7419480,CVB45.BC,2025-04-22,Reparado,0,0,0.0,0,0
7419481,CVB45.BC,2025-04-21,Reparado,0,0,0.0,0,0
7419481,CVB45.BC,2025-09-15,Reparado / Garantía Lab,1,1,147.0,147,0
7419483,CVB45.BC,2025-07-08,Reparado,0,0,0.0,0,0
7419485,CVB45.BC,2024-12-17,Reparado,0,0,0.0,0,0
7419485,CVB45.BC,2025-02-04,Reparado / Garantía Lab,1,1,49.0,49,0
7419486,CVB45.BC,2024-09-30,Reparado,0,0,0.0,0,0
7419486,CVB45.BC,2025-04-24,Reparado / Garantía Lab,0,1,206.0,206,0
7419487,CVB45.BC,2025-02-21,Reparado,0,0,0.0,0,0
7419490,CVB45.BC,2024-11-05,POD Reparado,0,0,0.0,0,1
7419490,CVB45.BC,2024-11-27,Reparado / Garantía Lab,1,1,22.0,22,0
7419493,CVB45.BC,2024-09-24,Reparado,0,0,0.0,0,0
7419495,CVB45.BC,2025-10-16,Reparado,0,0,0.0,0,0
7419496,CVB45.BC,2024-10-17,POD Reparado,0,0,0.0,0,0
7419497,CVB45.BC,2025-06-06,Reparado,0,0,0.0,0,0
7419499,CVB45.BC,2024-05-29,Reparado,0,0,0.0,0,0
7419500,CVB45.BC,2025-05-14,Reparado,0,0,0.0,0,1
7419500,CVB45.BC,2025-05-28,Reparado / Garantía Lab,1,1,14.0,14,0
7419501,CVB45.BC,2025-10-10,Reparado,0,0,0.0,0,0
7419502,CVB45.BC,2024-09-13,Reparado,0,0,0.0,0,0
7419502,CVB45.BC,2025-10-27,Reparado / Garantía Lab,0,0,409.0,409,0
7419503,CVB45.BC,2024-10-03,Reparado,0,0,0.0,0,0
7419507,CVB45.BC,2025-06-24,Reparado,0,0,0.0,0,0
7419507,CVB45.BC,2025-11-06,POD Reparado,1,1,135.0,135,0
7419509,CVB45.BC,2025-03-27,POD Reparado,0,0,0.0,0,0
7419509,CVB45.BC,2025-05-05,Reparado / Garantía Lab,1,1,39.0,39,0
7419509,CVB45.BC,2025-06-12,POD Reparado,2,2,38.0,77,0
7419512,CVB45.BC,2024-10-23,Reparado,0,0,0.0,0,0
7419514,CVB45.BC,2025-06-06,Reparado,0,0,0.0,0,1
7419514,CVB45.BC,2025-06-11,Reparado / Garantía Lab,1,1,5.0,5,0
7419516,CVB45.BC,2025-08-22,Reparado,0,0,0.0,0,0
7419518,CVB45.BC,2025-02-28,Reparado,0,0,0.0,0,0
7419520,CVB45.BC,2025-05-27,Reparado,0,0,0.0,0,0
7419521,CVB45.BC,2024-12-06,Reparado,0,0,0.0,0,0
7419522,CVB45.BC,2024-10-21,Reparado,0,0,0.0,0,0
7419524,CVB45.BC,2025-08-12,Reparado,0,0,0.0,0,0
7419525,CVB45.BC,2025-05-22,Reparado,0,0,0.0,0,0
7419526,CVB45.BC,2024-09-10,Reparado,0,0,0.0,0,0
7419526,CVB45.BC,2025-08-18,Reparado / Garantía Lab,0,1,342.0,342,0
7419527,CVB45.BC,2025-07-18,Reparado,0,0,0.0,0,0
7419530,CVB45.BC,2025-04-24,Reparado,0,0,0.0,0,0
7419531,CVB45.BC,2025-09-23,Reparado,0,0,0.0,0,0
7419534,CVB45.BC,2024-09-05,Reparado,0,0,0.0,0,0
7419537,CVB45.BC,2025-01-29,Reparado,0,0,0.0,0,0
7419537,CVB45.BC,2025-10-20,Reparado / Garantía Lab,0,1,264.0,264,0
7419544,CVB45.BC,2024-11-15,Reparado,0,0,0.0,0,0
7419544,CVB45.BC,2025-06-13,Reparado / Garantía Lab,0,1,210.0,210,1
7419544,CVB45.BC,2025-06-18,Reparado / Garantía Lab,1,2,5.0,215,0
7419545,CVB45.BC,2025-05-06,Reparado,0,0,0.0,0,0
7419618,CVB45.BC,2024-08-07,POD Reparado,0,0,0.0,0,0
7419619,CVB45.BC,2025-06-11,POD Reparado,0,0,0.0,0,0
7419620,CVB45.BC,2024-11-26,POD Reparado,0,0,0.0,0,0
7419622,CVB45.BC,2024-10-08,Reparado,0,0,0.0,0,1
7419622,CVB45.BC,2024-10-30,Reparado / Garantía Lab,1,1,22.0,22,1
7419622,CVB45.BC,2024-11-05,Reparado / Garantía Lab,2,2,6.0,28,0
7419626,CVB45.BC,2025-03-04,POD Reparado,0,0,0.0,0,0
7419628,CVB45.BC,2025-08-13,Reparado / Garantía Lab,0,0,0.0,0,1
7419628,CVB45.BC,2025-09-04,Reparado / Garantía Lab,1,1,22.0,22,0
7419630,CVB45.BC,2024-12-04,Reparado,0,0,0.0,0,0
7419631,CVB45.BC,2024-09-30,Reparado,0,0,0.0,0,0
7419637,CVB45.BC,2024-11-20,Reparado,0,0,0.0,0,0
7419640,CVB45.BC,2025-07-18,Reparado,0,0,0.0,0,0
7419643,CVB45.BC,2024-08-21,Reparado,0,0,0.0,0,0
7419644,CVB45.BC,2025-06-23,Reparado,0,0,0.0,0,0
7419646,CVB45.BC,2024-09-11,Reparado,0,0,0.0,0,0
7419652,CVB45.BC,2025-11-04,PoD Pendiente,0,0,0.0,0,0
7419656,CVB45.BC,2025-07-14,POD Reparado,0,0,0.0,0,0
7419656,CVB45.BC,2025-08-27,Reparado / Garantía Lab,1,1,44.0,44,0
7419658,CVB45.BC,2024-09-26,Reparado,0,0,0.0,0,0
7419660,CVB45.BC,2025-05-02,Reparado,0,0,0.0,0,0
7419664,CVB45.BC,2024-05-29,Reparado,0,0,0.0,0,0
7419666,CVB45.BC,2025-08-25,Reparado,0,0,0.0,0,0
7419672,CVB45.BC,2025-10-02,Reparado,0,0,0.0,0,0
7419674,CVB45.BC,2025-08-11,Reparado,0,0,0.0,0,0
7419682,CVB45.BC,2025-05-08,Reparado,0,0,0.0,0,0
7419689,CVB45.BC,2024-12-11,Reparado,0,0,0.0,0,0
7419693,CVB45.BC,2024-09-13,Reparado,0,0,0.0,0,0
7419694,CVB45.BC,2025-10-29,Reparado,0,0,0.0,0,0
7419698,CVB45.BC,2024-10-07,Reparado,0,0,0.0,0,0
7419699,CVB45.BC,2025-08-28,Reparado,0,0,0.0,0,0
7419700,CVB45.BC,2024-09-10,Reparado,0,0,0.0,0,0
7419702,CVB45.BC,2024-06-27,Reparado,0,0,0.0,0,0
7419703,CVB45.BC,2025-04-21,Reparado,0,0,0.0,0,0
7419703,CVB45.BC,2025-05-27,Reparado,1,1,36.0,36,1
7419703,CVB45.BC,2025-05-30,Reparado / Garantía Lab,2,2,3.0,39,1
7419703,CVB45.BC,2025-06-05,Reparado / Garantía Lab,3,3,6.0,45,0
7419703,CVB45.BC,2025-08-19,Reparado / Garantía Lab,4,4,75.0,120,0
7419703,CVB45.BC,2025-09-23,Reparado / Garantía Lab,5,5,35.0,155,0
7419704,CVB45.BC,2025-05-12,POD Reparado,0,0,0.0,0,0
7419705,CVB45.BC,2025-02-24,Reparado,0,0,0.0,0,0
7419706,CVB45.BC,2024-08-06,POD Reparado,0,0,0.0,0,0
7419706,CVB45.BC,2025-12-02,Reparado / Garantía Lab,0,0,483.0,483,0
7419708,CVB45.BC,2025-10-08,Reparado,0,0,0.0,0,0
7419709,CVB45.BC,2025-09-11,Reparado,0,0,0.0,0,1
7419709,CVB45.BC,2025-09-17,Reparado / Garantía Lab,1,1,6.0,6,0
7419713,CVB45.BC,2025-08-05,POD Reparado,0,0,0.0,0,0
7419714,CVB45.BC,2024-09-05,Reparado,0,0,0.0,0,0
7419717,CVB45.BC,2025-06-05,Reparado,0,0,0.0,0,0
7419719,CVB45.BC,2025-07-22,Reparado / Garantía Lab,0,0,0.0,0,1
7419719,CVB45.BC,2025-07-25,Reparado / Garantía Lab,1,1,3.0,3,0
7419721,CVB45.BC,2024-09-30,Reparado,0,0,0.0,0,0
7419725,CVB45.BC,2025-05-06,Reparado,0,0,0.0,0,0
7419725,CVB45.BC,2025-11-19,Garantía MK,0,1,197.0,197,0
7419731,CVB45.BC,2025-11-20,Reparado / Garantía Lab,0,0,0.0,0,0
7419732,CVB45.BC,2025-09-02,Reparado,0,0,0.0,0,0
7419733,CVB45.BC,2024-09-11,Reparado,0,0,0.0,0,0
7419734,CVB45.BC,2025-05-28,Reparado,0,0,0.0,0,0
7419735,CVB45.BC,2025-04-29,Reparado,0,0,0.0,0,0
7419735,CVB45.BC,2025-06-25,Reparado / Garantía Lab,1,1,57.0,57,0
7419736,CVB45.BC,2025-10-22,Reparado,0,0,0.0,0,0
7419738,CVB45.BC,2025-01-14,Reparado,0,0,0.0,0,0
7419739,CVB45.BC,2025-01-15,Reparado,0,0,0.0,0,0
7419744,CVB45.BC,2024-05-29,Reparado,0,0,0.0,0,0
7419744,CVB45.BC,2024-10-21,Reparado / Garantía Lab,1,1,145.0,145,0
7419744,CVB45.BC,2025-03-20,Reparado / Garantía Lab,1,2,150.0,295,0
7419745,CVB45.BC,2025-07-29,Reparado,0,0,0.0,0,0
7419745,CVB45.BC,2025-10-20,Reparado / Garantía Lab,1,1,83.0,83,0
7419755,CVB45.BC,2024-11-15,Reparado,0,0,0.0,0,1
7419755,CVB45.BC,2024-11-20,Reparado / Garantía Lab,1,1,5.0,5,0
7419755,CVB45.BC,2025-01-23,Reparado / Garantía Lab,2,2,64.0,69,0
7419758,CVB45.BC,2024-05-29,Reparado,0,0,0.0,0,0
7419758,CVB45.BC,2024-12-11,Reparado / Garantía Lab,0,1,196.0,196,0
7419759,CVB45.BC,2025-08-21,Reparado,0,0,0.0,0,0
7419765,CVB45.BC,2025-06-12,POD Reparado,0,0,0.0,0,0
7419998,CVB45.BC,2025-05-15,POD Reparado,0,0,0.0,0,0
7419998,CVB45.BC,2025-10-22,Reparado / Garantía Lab,1,1,160.0,160,0
7420002,CVB45.BC,2025-10-20,Reparado,0,0,0.0,0,0
7420004,CVB45.BC,2024-08-12,Reparado,0,0,0.0,0,1
7420004,CVB45.BC,2024-08-14,Reparado / Garantía Lab,1,1,2.0,2,0
7420004,CVB45.BC,2024-11-15,Reparado / Garantía Lab,2,2,93.0,95,0
7420007,CVB45.BC,2024-10-01,Reparado,0,0,0.0,0,0
7420009,CVB45.BC,2025-03-21,Reparado,0,0,0.0,0,0
7420010,CVB45.BC,2025-01-09,Reparado,0,0,0.0,0,0
7420014,CVB45.BC,2025-08-19,Reparado,0,0,0.0,0,0
7420018,CVB45.BC,2025-07-18,Reparado,0,0,0.0,0,0
7420020,CVB45.BC,2025-06-25,Reparado,0,0,0.0,0,0
7420020,CVB45.BC,2025-10-20,Reparado / Garantía Lab,1,1,117.0,117,0
7420021,CVB45.BC,2024-11-13,Reparado,0,0,0.0,0,0
7420022,CVB45.BC,2024-05-29,Reparado,0,0,0.0,0,0
7420024,CVB45.BC,2025-02-20,Reparado,0,0,0.0,0,1
7420024,CVB45.BC,2025-02-24,Reparado / Garantía Lab,1,1,4.0,4,0
7420026,CVB45.BC,2025-07-23,Reparado,0,0,0.0,0,0
7420027,CVB45.BC,2025-04-22,Reparado,0,0,0.0,0,0
7420029,CVB45.BC,2025-02-26,Reparado,0,0,0.0,0,0
7420030,CVB45.BC,2024-10-23,Reparado,0,0,0.0,0,0
7420031,CVB45.BC,2024-10-09,Reparado,0,0,0.0,0,0
7420032,CVB45.BC,2024-11-22,Reparado,0,0,0.0,0,0
7420033,CVB45.BC,2024-08-27,Reparado,0,0,0.0,0,0
7420034,CVB45.BC,2024-12-17,Reparado,0,0,0.0,0,0
7420034,CVB45.BC,2025-10-20,Reparado / Garantía Lab,0,1,307.0,307,0
7420035,CVB45.BC,2024-10-17,Reparado,0,0,0.0,0,0
7420036,CVB45.BC,2025-10-28,POD Reparado,0,0,0.0,0,0
7420038,CVB45.BC,2024-11-26,POD Reparado,0,0,0.0,0,1
7420038,CVB45.BC,2024-12-03,Reparado,1,1,7.0,7,0
7420038,CVB45.BC,2025-11-25,Reparado / Garantía Lab,0,2,357.0,364,0
7420040,CVB45.BC,2024-10-10,Reparado / Garantía Lab,0,0,0.0,0,1
7420040,CVB45.BC,2024-10-15,Reparado,1,1,5.0,5,0
7420040,CVB45.BC,2025-06-11,Reparado / Garantía Lab,0,2,239.0,244,1
7420040,CVB45.BC,2025-07-09,Reparado / Garantía Lab,1,3,28.0,272,1
7420040,CVB45.BC,2025-07-11,Reparado / Garantía Lab,2,4,2.0,274,0
7420041,CVB45.BC,2025-10-13,Reparado,0,0,0.0,0,0
7420042,CVB45.BC,2025-01-07,Reparado / Garantía Lab,0,0,0.0,0,1
7420042,CVB45.BC,2025-01-09,Reparado / Garantía Lab,1,1,2.0,2,0
7420043,CVB45.BC,2025-08-08,Reparado,0,0,0.0,0,1
7420043,CVB45.BC,2025-08-21,Reparado / Garantía Lab,1,1,13.0,13,1
7420043,CVB45.BC,2025-08-27,Reparado / Garantía Lab,2,2,6.0,19,0
7420043,CVB45.BC,2025-10-07,Reparado / Garantía Lab,3,3,41.0,60,1
7420043,CVB45.BC,2025-10-10,Reparado / Garantía Lab,4,4,3.0,63,1
7420043,CVB45.BC,2025-10-14,Reparado,5,5,4.0,67,0
7420043,CVB45.BC,2025-12-02,Reparado / Garantía Lab,6,6,49.0,116,0
7420044,CVB45.BC,2025-06-27,Reparado,0,0,0.0,0,0
7420046,CVB45.BC,2024-10-30,Reparado,0,0,0.0,0,0
7420047,CVB45.BC,2024-09-26,Reparado,0,0,0.0,0,0
7420048,CVB45.BC,2025-10-30,Reparado,0,0,0.0,0,1
7420048,CVB45.BC,2025-11-26,Reparado / Garantía Lab,1,1,27.0,27,0
7420052,CVB45.BC,2025-11-11,POD Reparado,0,0,0.0,0,0
7420053,CVB45.BC,2025-08-04,POD Reparado,0,0,0.0,0,0
7420055,CVB45.BC,2024-10-08,Reparado,0,0,0.0,0,0
7420056,CVB45.BC,2024-12-31,Reparado,0,0,0.0,0,0
7420056,CVB45.BC,2025-10-27,Reparado / Garantía Lab,0,1,300.0,300,0
7420059,CVB45.BC,2025-03-04,Reparado,0,0,0.0,0,0
7420060,CVB45.BC,2024-11-04,Reparado,0,0,0.0,0,0
7420066,CVB45.BC,2025-08-18,Reparado,0,0,0.0,0,0
7420070,CVB45.BC,2025-04-09,Reparado,0,0,0.0,0,0
7420072,CVB45.BC,2025-02-03,Reparado,0,0,0.0,0,0
7420076,CVB45.BC,2024-09-27,Reparado,0,0,0.0,0,0
7420077,CVB45.BC,2025-05-15,Reparado,0,0,0.0,0,0
7420082,CVB45.BC,2025-08-12,Reparado,0,0,0.0,0,0
7420083,CVB45.BC,2024-08-21,Reparado / Garantía Lab,0,0,0.0,0,1
7420083,CVB45.BC,2024-08-23,Reparado / Garantía Lab,1,1,2.0,2,0
7420084,CVB45.BC,2024-10-28,Reparado,0,0,0.0,0,0
7420085,CVB45.BC,2025-10-15,Reparado,0,0,0.0,0,0
7420091,CVB45.BC,2025-03-31,Reparado,0,0,0.0,0,0
7420099,CVB45.BC,2025-11-13,Reparado,0,0,0.0,0,0
7420101,CVB45.BC,2024-10-25,POD Reparado,0,0,0.0,0,1
7420101,CVB45.BC,2024-10-30,Reparado / Garantía Lab,1,1,5.0,5,0
7420101,CVB45.BC,2024-12-09,Reparado / Garantía Lab,2,2,40.0,45,0
7420101,CVB45.BC,2025-01-24,Reparado / Garantía Lab,3,3,46.0,91,0
7420101,CVB45.BC,2025-10-02,Reparado / Garantía Lab,0,4,251.0,342,1
7420101,CVB45.BC,2025-10-22,Reparado / Garantía Lab,1,5,20.0,362,0
7420104,CVB45.BC,2025-04-17,Reparado,0,0,0.0,0,0
7420107,CVB45.BC,2024-05-22,Reparado,0,0,0.0,0,1
7420107,CVB45.BC,2024-06-03,Reparado / Garantía Lab,1,1,12.0,12,0
7420109,CVB45.BC,2024-07-25,Reparado / Garantía Lab,0,0,0.0,0,1
7420109,CVB45.BC,2024-07-30,Reparado / Garantía Lab,1,1,5.0,5,1
7420109,CVB45.BC,2024-08-01,Reparado / Garantía Lab,2,2,2.0,7,0
7420109,CVB45.BC,2025-06-10,Reparado / Garantía Lab,0,3,313.0,320,1
7420109,CVB45.BC,2025-06-27,Reparado / Garantía Lab,1,4,17.0,337,1
7420109,CVB45.BC,2025-07-22,Reparado / Garantía Lab,2,5,25.0,362,1
7420109,CVB45.BC,2025-07-25,Reparado / Garantía Lab,3,6,3.0,365,0
7420109,CVB45.BC,2025-09-05,Reparado / Garantía Lab,4,4,42.0,407,1
7420109,CVB45.BC,2025-09-22,Reparado / Garantía Lab,5,5,17.0,424,1
7420109,CVB45.BC,2025-09-25,Reparado / Garantía Lab,6,6,3.0,427,1
7420109,CVB45.BC,2025-10-15,Reparado / Garantía Lab,7,7,20.0,447,0
7420113,CVB45.BC,2024-08-22,Reparado,0,0,0.0,0,0
7420159,CVB45.BC,2024-08-08,Reparado,0,0,0.0,0,0
7420159,CVB45.BC,2025-09-05,Reparado / Garantía Lab,0,0,393.0,393,0
7420160,CVB45.BC,2025-05-08,Reparado / Garantía Lab,0,0,0.0,0,1
7420160,CVB45.BC,2025-05-12,Reparado / Garantía Lab,1,1,4.0,4,1
7420160,CVB45.BC,2025-05-15,Reparado / Garantía Lab,2,2,3.0,7,0
7420162,CVB45.BC,2024-10-03,Reparado,0,0,0.0,0,0
7420164,CVB45.BC,2025-07-04,Reparado,0,0,0.0,0,0
7420167,CVB45.BC,2024-09-24,Reparado,0,0,0.0,0,0
7420169,CVB45.BC,2025-04-25,Reparado,0,0,0.0,0,0
7420170,CVB45.BC,2024-11-15,Reparado,0,0,0.0,0,0
7420172,CVB45.BC,2025-04-04,Reparado / Garantía Lab,0,0,0.0,0,1
7420172,CVB45.BC,2025-04-24,Reparado / Garantía Lab,1,1,20.0,20,1
7420172,CVB45.BC,2025-04-29,Reparado / Garantía Lab,2,2,5.0,25,0
7420174,CVB45.BC,2025-07-24,Reparado,0,0,0.0,0,0
7420179,CVB45.BC,2025-04-29,Reparado,0,0,0.0,0,0
7420179,CVB45.BC,2025-07-21,Reparado / Garantía Lab,1,1,83.0,83,1
7420179,CVB45.BC,2025-07-24,Reparado / Garantía Lab,2,2,3.0,86,0
7420182,CVB45.BC,2025-02-06,Reparado,0,0,0.0,0,0
7420183,CVB45.BC,2024-10-11,Reparado,0,0,0.0,0,0
7420185,CVB45.BC,2025-02-06,Reparado,0,0,0.0,0,0
7420185,CVB45.BC,2025-08-11,Reparado / Garantía Lab,0,1,186.0,186,0
7420185,CVB45.BC,2025-10-14,Reparado,1,2,64.0,250,0
7420186,CVB45.BC,2024-12-24,Reparado,0,0,0.0,0,0
7420192,CVB45.BC,2025-01-29,Reparado,0,0,0.0,0,0
7420193,CVB45.BC,2024-05-29,Reparado,0,0,0.0,0,0
7420195,CVB45.BC,2025-11-17,Reparado,0,0,0.0,0,0
7420200,CVB45.BC,2025-11-07,Reparado / Garantía Lab,0,0,0.0,0,1
7420200,CVB45.BC,2025-11-11,Reparado / Garantía Lab,1,1,4.0,4,0
7420203,CVB45.BC,2025-07-11,Reparado,0,0,0.0,0,0
7420204,CVB45.BC,2024-10-16,Reparado,0,0,0.0,0,0
7420209,CVB45.BC,2025-10-28,Reparado,0,0,0.0,0,0
7420214,CVB45.BC,2024-11-22,Reparado,0,0,0.0,0,0
7420214,CVB45.BC,2025-10-27,Reparado / Garantía Lab,0,1,339.0,339,0
7420215,CVB45.BC,2025-03-04,Reparado,0,0,0.0,0,0
7420216,CVB45.BC,2025-05-22,Reparado,0,0,0.0,0,0
7420217,CVB45.BC,2025-07-02,Reparado,0,0,0.0,0,0
7420219,CVB45.BC,2024-05-29,Reparado,0,0,0.0,0,0
7420223,CVB45.BC,2025-02-18,Reparado / Garantía Lab,0,0,0.0,0,1
7420223,CVB45.BC,2025-02-20,Reparado / Garantía Lab,1,1,2.0,2,0
7420226,CVB45.BC,2025-10-16,Reparado,0,0,0.0,0,0
7420228,CVB45.BC,2024-09-11,Reparado,0,0,0.0,0,0
7420228,CVB45.BC,2025-05-14,Reparado / Garantía Lab,0,1,245.0,245,0
7420228,CVB45.BC,2025-08-29,Reparado / Garantía Lab,1,2,107.0,352,0
7420231,CVB45.BC,2025-01-08,Reparado,0,0,0.0,0,1
7420231,CVB45.BC,2025-01-21,Reparado / Garantía Lab,1,1,13.0,13,1
7420231,CVB45.BC,2025-01-27,Reparado / Garantía Lab,2,2,6.0,19,0
7420231,CVB45.BC,2025-03-26,Reparado / Garantía Lab,3,3,58.0,77,1
7420231,CVB45.BC,2025-04-01,Reparado / Garantía Lab,4,4,6.0,83,1
7420231,CVB45.BC,2025-04-03,Reparado / Garantía Lab,5,5,2.0,85,1
7420231,CVB45.BC,2025-04-07,Reparado / Garantía Lab,6,6,4.0,89,1
7420231,CVB45.BC,2025-04-14,Reparado / Garantía Lab,7,7,7.0,96,1
7420231,CVB45.BC,2025-04-21,Reparado / Garantía Lab,8,8,7.0,103,1
7420231,CVB45.BC,2025-04-23,Reparado / Garantía Lab,9,9,2.0,105,1
7420231,CVB45.BC,2025-04-28,Reparado / Garantía Lab,10,10,5.0,110,0
7420231,CVB45.BC,2025-10-27,Reparado / Garantía Lab,0,11,182.0,292,0
7420234,CVB45.BC,2024-10-29,Reparado,0,0,0.0,0,1
7420234,CVB45.BC,2024-11-04,Reparado / Garantía Lab,1,1,6.0,6,1
7420234,CVB45.BC,2024-11-06,Reparado / Garantía Lab,2,2,2.0,8,1
7420234,CVB45.BC,2024-11-08,Reparado / Garantía Lab,3,3,2.0,10,1
7420234,CVB45.BC,2024-11-12,Reparado / Garantía Lab,4,4,4.0,14,1
7420234,CVB45.BC,2024-11-14,Reparado / Garantía Lab,5,5,2.0,16,1
7420234,CVB45.BC,2024-11-18,Reparado / Garantía Lab,6,6,4.0,20,1
7420234,CVB45.BC,2024-11-20,Reparado / Garantía Lab,7,7,2.0,22,1
7420234,CVB45.BC,2024-12-13,Reparado / Garantía Lab,8,8,23.0,45,0
7420234,CVB45.BC,2025-07-07,Reparado / Garantía Lab,0,9,206.0,251,0
7420236,CVB45.BC,2024-05-22,Reparado,0,0,0.0,0,0
7420238,CVB45.BC,2025-05-27,Reparado,0,0,0.0,0,0
7420240,CVB45.BC,2025-10-27,Reparado,0,0,0.0,0,0
7420241,CVB45.BC,2025-10-03,Reparado,0,0,0.0,0,0
7420247,CVB45.BC,2025-11-21,Reparado / Garantía Lab,0,0,0.0,0,0
7420248,CVB45.BC,2025-04-15,Reparado,0,0,0.0,0,0
7420249,CVB45.BC,2025-06-23,Reparado,0,0,0.0,0,0
7420254,CVB45.BC,2025-01-16,Reparado,0,0,0.0,0,0
7420258,CVB45.BC,2025-04-02,POD Reparado,0,0,0.0,0,0
7420265,CVB45.BC,2024-10-11,Reparado,0,0,0.0,0,0
7420271,CVB45.BC,2025-03-20,Reparado,0,0,0.0,0,0
7420280,CVB45.BC,2024-08-27,Reparado,0,0,0.0,0,0
7420280,CVB45.BC,2025-10-15,Reparado / Garantía Lab,0,0,414.0,414,0
7420282,CVB45.BC,2025-01-14,Reparado,0,0,0.0,0,0
7420283,CVB45.BC,2025-06-24,Reparado,0,0,0.0,0,0
7420283,CVB45.BC,2025-11-28,Reparado / Garantía Lab,1,1,157.0,157,0
7420285,CVB45.BC,2025-07-23,Reparado,0,0,0.0,0,0
7420288,CVB45.BC,2024-12-30,Reparado,0,0,0.0,0,0
7420290,CVB45.BC,2025-11-10,Reparado,0,0,0.0,0,0
7420291,CVB45.BC,2025-04-22,Reparado,0,0,0.0,0,0
7420291,CVB45.BC,2025-07-15,Reparado / Garantía Lab,1,1,84.0,84,0
7420293,CVB45.BC,2025-08-18,Reparado,0,0,0.0,0,0
7420295,CVB45.BC,2025-09-11,Reparado,0,0,0.0,0,0
7420302,CVB45.BC,2025-11-27,Reparado / Garantía Lab,0,0,0.0,0,0
7420308,CVB45.BC,2024-05-29,Reparado,0,0,0.0,0,0
7420315,CVB45.BC,2025-09-16,Reparado,0,0,0.0,0,1
7420315,CVB45.BC,2025-10-02,Reparado / Garantía Lab,1,1,16.0,16,1
7420315,CVB45.BC,2025-10-07,Garantía MK,2,2,5.0,21,0
7420317,CVB45.BC,2025-05-28,Reparado,0,0,0.0,0,1
7420317,CVB45.BC,2025-06-17,Reparado / Garantía Lab,1,1,20.0,20,1
7420317,CVB45.BC,2025-06-25,Reparado / Garantía Lab,2,2,8.0,28,1
7420317,CVB45.BC,2025-06-30,Reparado / Garantía Lab,3,3,5.0,33,0
7420318,CVB45.BC,2025-03-31,Reparado,0,0,0.0,0,0
7420320,CVB45.BC,2025-08-28,Reparado,0,0,0.0,0,0
7420321,CVB45.BC,2025-07-21,Reparado,0,0,0.0,0,0
7420322,CVB45.BC,2025-09-11,Reparado,0,0,0.0,0,0
7420325,CVB45.BC,2025-02-04,Reparado,0,0,0.0,0,0
7420330,CVB45.BC,2025-06-30,Reparado,0,0,0.0,0,0
7420330,CVB45.BC,2025-10-07,POD Reparado,1,1,99.0,99,0
7420331,CVB45.BC,2025-07-23,Reparado,0,0,0.0,0,0
7420332,CVB45.BC,2024-08-20,Reparado / Garantía Lab,0,0,0.0,0,1
7420332,CVB45.BC,2024-08-22,Reparado,1,1,2.0,2,0
7420333,CVB45.BC,2025-04-02,Reparado,0,0,0.0,0,0
7420334,CVB45.BC,2025-03-27,Reparado,0,0,0.0,0,0
7420336,CVB45.BC,2024-11-20,Reparado / Garantía Lab,0,0,0.0,0,1
7420336,CVB45.BC,2024-11-22,Reparado / Garantía Lab,1,1,2.0,2,1
7420336,CVB45.BC,2024-11-26,Reparado / Garantía Lab,2,2,4.0,6,1
7420336,CVB45.BC,2024-11-28,Reparado / Garantía Lab,3,3,2.0,8,1
7420336,CVB45.BC,2024-12-03,Reparado / Garantía Lab,4,4,5.0,13,1
7420336,CVB45.BC,2024-12-05,Reparado / Garantía Lab,5,5,2.0,15,1
7420336,CVB45.BC,2024-12-09,Reparado / Garantía Lab,6,6,4.0,19,1
7420336,CVB45.BC,2024-12-12,Reparado / Garantía Lab,7,7,3.0,22,1
7420336,CVB45.BC,2024-12-16,Reparado / Garantía Lab,8,8,4.0,26,1
7420336,CVB45.BC,2024-12-19,Reparado / Garantía Lab,9,9,3.0,29,1
7420336,CVB45.BC,2024-12-24,Reparado / Garantía Lab,10,10,5.0,34,1
7420336,CVB45.BC,2024-12-30,Reparado / Garantía Lab,11,11,6.0,40,1
7420336,CVB45.BC,2025-01-02,Reparado / Garantía Lab,12,12,3.0,43,0
7420337,CVB45.BC,2025-09-26,Reparado,0,0,0.0,0,0
7420340,CVB45.BC,2025-08-08,Reparado,0,0,0.0,0,0
7420342,CVB45.BC,2025-05-22,Reparado,0,0,0.0,0,0
7420346,CVB45.BC,2024-09-16,Reparado,0,0,0.0,0,0
7420349,CVB45.BC,2025-07-04,Reparado / Garantía Lab,0,0,0.0,0,1
7420349,CVB45.BC,2025-07-09,Reparado / Garantía Lab,1,1,5.0,5,0
7420351,CVB45.BC,2024-10-07,Reparado,0,0,0.0,0,0
7420351,CVB45.BC,2025-04-22,Reparado / Garantía Lab,0,1,197.0,197,0
7420352,CVB45.BC,2025-10-13,Reparado,0,0,0.0,0,0
7420357,CVB45.BC,2024-09-10,Reparado,0,0,0.0,0,0
7420359,CVB45.BC,2024-10-11,Reparado,0,0,0.0,0,0
7420359,CVB45.BC,2025-11-26,Reparado / Garantía Lab,0,0,411.0,411,0
7420360,CVB45.BC,2025-08-29,Reparado,0,0,0.0,0,0
7420361,CVB45.BC,2025-08-12,Reparado,0,0,0.0,0,0
7420364,CVB45.BC,2025-08-22,Reparado,0,0,0.0,0,0
7420364,CVB45.BC,2025-11-11,Reparado / Garantía Lab,1,1,81.0,81,0
7420366,CVB45.BC,2025-01-15,POD Reparado,0,0,0.0,0,1
7420366,CVB45.BC,2025-02-03,Reparado / Garantía Lab,1,1,19.0,19,0
7420368,CVB45.BC,2024-10-21,Reparado,0,0,0.0,0,0
7420368,CVB45.BC,2025-08-26,Reparado / Garantía Lab,0,1,309.0,309,0
7420370,CVB45.BC,2024-11-22,Reparado,0,0,0.0,0,0
7420371,CVB45.BC,2024-10-07,Reparado,0,0,0.0,0,0
7420372,CVB45.BC,2025-01-22,POD Reparado,0,0,0.0,0,0
7420375,CVB45.BC,2025-05-27,Reparado,0,0,0.0,0,0
7420377,CVB45.BC,2025-05-20,Reparado,0,0,0.0,0,0
7420378,CVB45.BC,2025-01-10,Reparado,0,0,0.0,0,0
7420378,CVB45.BC,2025-05-15,Reparado / Garantía Lab,1,1,125.0,125,0
7420378,CVB45.BC,2025-07-15,Reparado / Garantía Lab,1,2,61.0,186,0
7420379,CVB45.BC,2024-09-03,Reparado,0,0,0.0,0,0
7420381,CVB45.BC,2024-10-18,Reparado,0,0,0.0,0,0
7420381,CVB45.BC,2024-11-20,Reparado,1,1,33.0,33,0
7420382,CVB45.BC,2024-10-25,Reparado,0,0,0.0,0,0
7420382,CVB45.BC,2025-02-24,POD Reparado,1,1,122.0,122,0
7420385,CVB45.BC,2024-10-11,Reparado,0,0,0.0,0,0
7420388,CVB45.BC,2024-07-24,Reparado,0,0,0.0,0,1
7420388,CVB45.BC,2024-07-29,Reparado / Garantía Lab,1,1,5.0,5,0
7420395,CVB45.BC,2024-10-01,Reparado,0,0,0.0,0,0
7420396,CVB45.BC,2024-09-24,Reparado,0,0,0.0,0,0
7420397,CVB45.BC,2024-10-14,Reparado,0,0,0.0,0,0
7420397,CVB45.BC,2025-10-27,Reparado / Garantía Lab,0,0,378.0,378,1
7420397,CVB45.BC,2025-10-30,Garantía MK,1,1,3.0,381,0
7420398,CVB45.BC,2025-03-07,Reparado,0,0,0.0,0,0
7420400,CVB45.BC,2024-05-29,Reparado,0,0,0.0,0,0
7420401,CVB45.BC,2024-09-13,Reparado,0,0,0.0,0,0
7420402,CVB45.BC,2025-01-28,Reparado,0,0,0.0,0,0
7420403,CVB45.BC,2024-10-04,Reparado,0,0,0.0,0,0
7420405,CVB45.BC,2024-09-10,Reparado,0,0,0.0,0,0
7420407,CVB45.BC,2024-10-04,Reparado,0,0,0.0,0,0
7420410,CVB45.BC,2024-11-22,Reparado,0,0,0.0,0,0
7420415,CVB45.BC,2024-10-10,Reparado,0,0,0.0,0,0
7420416,CVB45.BC,2024-05-29,Reparado,0,0,0.0,0,0
7420416,CVB45.BC,2025-08-22,Reparado / Garantía Lab,0,0,450.0,450,0
7420417,CVB45.BC,2025-05-14,Reparado / Garantía Lab,0,0,0.0,0,1
7420417,CVB45.BC,2025-05-20,Reparado / Garantía Lab,1,1,6.0,6,1
7420417,CVB45.BC,2025-06-02,Reparado / Garantía Lab,2,2,13.0,19,1
7420417,CVB45.BC,2025-06-05,Reparado / Garantía Lab,3,3,3.0,22,0
7420417,CVB45.BC,2025-07-08,Reparado / Garantía Lab,4,4,33.0,55,0
7420420,CVB45.BC,2025-05-15,Reparado,0,0,0.0,0,0
7420421,CVB45.BC,2025-07-07,Reparado,0,0,0.0,0,0
7420422,CVB45.BC,2025-07-29,Reparado,0,0,0.0,0,0
7420424,CVB45.BC,2024-09-09,Reparado,0,0,0.0,0,0
7420425,CVB45.BC,2025-05-28,Reparado,0,0,0.0,0,0
7420426,CVB45.BC,2025-10-23,Reparado,0,0,0.0,0,0
7420429,CVB45.BC,2024-10-17,Reparado,0,0,0.0,0,0
7420429,CVB45.BC,2025-08-05,Reparado / Garantía Lab,0,1,292.0,292,0
7420430,CVB45.BC,2025-02-28,Reparado,0,0,0.0,0,0
7420431,CVB45.BC,2025-02-04,Reparado / Garantía Lab,0,0,0.0,0,1
7420431,CVB45.BC,2025-02-06,Reparado / Garantía Lab,1,1,2.0,2,1
7420431,CVB45.BC,2025-02-12,Reparado / Garantía Lab,2,2,6.0,8,0
7420431,CVB45.BC,2025-06-06,Reparado / Garantía Lab,3,3,114.0,122,0
7420432,CVB45.BC,2024-10-09,Reparado / Garantía Lab,0,0,0.0,0,1
7420432,CVB45.BC,2024-10-11,Reparado / Garantía Lab,1,1,2.0,2,0
7420433,CVB45.BC,2025-09-11,Reparado / Garantía Lab,0,0,0.0,0,1
7420433,CVB45.BC,2025-09-16,Reparado / Garantía Lab,1,1,5.0,5,0
7420434,CVB45.BC,2025-11-27,Reparado / Garantía Lab,0,0,0.0,0,0
7420435,CVB45.BC,2024-08-16,Reparado,0,0,0.0,0,0
7420436,CVB45.BC,2025-02-10,Reparado / Garantía Lab,0,0,0.0,0,0
7420436,CVB45.BC,2025-04-22,Reparado / Garantía Lab,1,1,71.0,71,0
7420436,CVB45.BC,2025-07-01,POD Reparado,2,2,70.0,141,1
7420436,CVB45.BC,2025-07-09,Reparado / Garantía Lab,3,3,8.0,149,0
7420436,CVB45.BC,2025-09-09,Reparado / Garantía Lab,3,4,62.0,211,0
7420438,CVB45.BC,2025-07-08,Reparado,0,0,0.0,0,0
7420439,CVB45.BC,2025-08-20,Reparado,0,0,0.0,0,0
7420442,CVB45.BC,2024-10-07,Reparado,0,0,0.0,0,0
7420444,CVB45.BC,2025-10-29,Reparado,0,0,0.0,0,0
7420448,CVB45.BC,2025-03-18,Reparado,0,0,0.0,0,0
7420449,CVB45.BC,2025-09-16,Reparado,0,0,0.0,0,0
7420452,CVB45.BC,2025-04-21,Reparado,0,0,0.0,0,0
7420452,CVB45.BC,2025-09-11,Reparado / Garantía Lab,1,1,143.0,143,0
7420452,CVB45.BC,2025-10-27,Garantía MK,1,2,46.0,189,0
7420454,CVB45.BC,2025-05-22,Reparado,0,0,0.0,0,0
7420454,CVB45.BC,2025-07-03,Reparado / Garantía Lab,1,1,42.0,42,0
7420455,CVB45.BC,2024-09-24,Reparado,0,0,0.0,0,0
7420456,CVB45.BC,2024-11-06,Reparado,0,0,0.0,0,0
7420459,CVB45.BC,2025-01-14,POD Reparado,0,0,0.0,0,1
7420459,CVB45.BC,2025-02-13,Reparado / Garantía Lab,1,1,30.0,30,0
7420459,CVB45.BC,2025-09-12,Reparado / Garantía Lab,0,2,211.0,241,0
7420459,CVB45.BC,2025-10-22,Reparado / Garantía Lab,1,3,40.0,281,0
7420461,CVB45.BC,2025-05-27,Reparado,0,0,0.0,0,0
7420462,CVB45.BC,2025-07-01,Reparado,0,0,0.0,0,0
7420462,CVB45.BC,2025-08-18,Reparado / Garantía Lab,1,1,48.0,48,0
7420463,CVB45.BC,2025-03-07,Reparado,0,0,0.0,0,0
7420463,CVB45.BC,2025-07-15,Reparado / Garantía Lab,1,1,130.0,130,0
7420464,CVB45.BC,2024-10-03,Reparado,0,0,0.0,0,0
7420466,CVB45.BC,2024-11-27,Reparado,0,0,0.0,0,0
7420466,CVB45.BC,2025-07-22,Reparado / Garantía Lab,0,1,237.0,237,0
7420469,CVB45.BC,2024-10-03,Reparado,0,0,0.0,0,0
7420469,CVB45.BC,2025-02-17,Reparado / Garantía Lab,1,1,137.0,137,1
7420469,CVB45.BC,2025-03-03,Reparado / Garantía Lab,2,2,14.0,151,0
7420469,CVB45.BC,2025-10-20,Reparado / Garantía Lab,0,2,231.0,382,0
7420470,CVB45.BC,2024-10-18,Reparado,0,0,0.0,0,0
7420471,CVB45.BC,2025-08-08,Reparado,0,0,0.0,0,0
7420477,CVB45.BC,2025-06-04,Reparado,0,0,0.0,0,0
7420479,CVB45.BC,2025-08-29,Reparado,0,0,0.0,0,0
7420481,CVB45.BC,2025-11-17,Reparado,0,0,0.0,0,0
7420482,CVB45.BC,2025-07-22,Reparado / Garantía Lab,0,0,0.0,0,1
7420482,CVB45.BC,2025-07-25,Reparado / Garantía Lab,1,1,3.0,3,0
7420483,CVB45.BC,2025-02-04,Reparado / Garantía Lab,0,0,0.0,0,1
7420483,CVB45.BC,2025-02-24,Reparado / Garantía Lab,1,1,20.0,20,0
7420483,CVB45.BC,2025-04-17,Reparado / Garantía Lab,2,2,52.0,72,0
7420484,CVB45.BC,2025-10-14,Reparado,0,0,0.0,0,0
7420485,CVB45.BC,2025-09-24,Reparado,0,0,0.0,0,0
7420486,CVB45.BC,2025-10-30,Reparado,0,0,0.0,0,0
7420488,CVB45.BC,2025-01-14,Reparado,0,0,0.0,0,0
7420488,CVB45.BC,2025-08-14,Reparado / Garantía Lab,0,1,212.0,212,0
7420489,CVB45.BC,2024-11-22,Reparado,0,0,0.0,0,0
7420490,CVB45.BC,2025-09-26,Reparado / Garantía Lab,0,0,0.0,0,1
7420490,CVB45.BC,2025-10-02,Reparado / Garantía Lab,1,1,6.0,6,0
7420491,CVB45.BC,2025-06-27,Reparado,0,0,0.0,0,0
7420492,CVB45.BC,2025-01-07,POD Reparado,0,0,0.0,0,0
7420494,CVB45.BC,2025-01-09,Reparado,0,0,0.0,0,0
7420496,CVB45.BC,2024-09-25,Reparado,0,0,0.0,0,0
7420497,CVB45.BC,2025-01-13,Reparado,0,0,0.0,0,0
7420497,CVB45.BC,2025-08-08,Reparado / Garantía Lab,0,1,207.0,207,0
7420498,CVB45.BC,2024-10-14,Reparado,0,0,0.0,0,0
7420498,CVB45.BC,2025-11-03,Reparado / Garantía Lab,0,0,385.0,385,0
7420502,CVB45.BC,2025-03-20,Reparado,0,0,0.0,0,0
7420502,CVB45.BC,2025-09-03,Reparado / Garantía Lab,1,1,167.0,167,0
7420503,CVB45.BC,2025-02-12,Reparado,0,0,0.0,0,0
7420504,CVB45.BC,2025-10-17,Reparado,0,0,0.0,0,0
7420506,CVB45.BC,2024-11-28,Reparado,0,0,0.0,0,0
7420507,CVB45.BC,2025-09-24,Reparado / Garantía Lab,0,0,0.0,0,1
7420507,CVB45.BC,2025-09-29,Garantía MK,1,1,5.0,5,0
7420508,CVB45.BC,2025-10-16,Reparado / Garantía Lab,0,0,0.0,0,1
7420508,CVB45.BC,2025-10-22,Reparado / Garantía Lab,1,1,6.0,6,1
7420508,CVB45.BC,2025-10-28,Reparado / Garantía Lab,2,2,6.0,12,1
7420508,CVB45.BC,2025-11-03,Reparado / Garantía Lab,3,3,6.0,18,0
7420509,CVB45.BC,2024-08-26,Reparado,0,0,0.0,0,0
7420509,CVB45.BC,2025-02-07,Reparado / Garantía Lab,1,1,165.0,165,1
7420509,CVB45.BC,2025-02-13,Reparado / Garantía Lab,2,2,6.0,171,1
7420509,CVB45.BC,2025-02-19,Reparado / Garantía Lab,3,3,6.0,177,1
7420509,CVB45.BC,2025-02-24,Reparado / Garantía Lab,3,4,5.0,182,0
7420509,CVB45.BC,2025-05-27,Reparado,4,5,92.0,274,0
7420510,CVB45.BC,2024-09-03,Reparado,0,0,0.0,0,0
7420511,CVB45.BC,2025-08-26,Reparado,0,0,0.0,0,0
7420512,CVB45.BC,2025-10-08,Reparado,0,0,0.0,0,0
7420513,CVB45.BC,2025-01-13,Reparado,0,0,0.0,0,1
7420513,CVB45.BC,2025-01-16,Reparado / Garantía Lab,1,1,3.0,3,0
7420516,CVB45.BC,2025-02-07,Reparado,0,0,0.0,0,0
7420517,CVB45.BC,2024-09-09,Reparado,0,0,0.0,0,0
7420517,CVB45.BC,2025-04-02,Reparado / Garantía Lab,0,1,205.0,205,0
7420519,CVB45.BC,2025-01-08,Reparado,0,0,0.0,0,0
7420520,CVB45.BC,2025-08-14,Reparado,0,0,0.0,0,0
7420521,CVB45.BC,2025-07-08,Reparado,0,0,0.0,0,0
7420522,CVB45.BC,2024-05-29,Reparado,0,0,0.0,0,0
7420522,CVB45.BC,2024-10-14,Reparado / Garantía Lab,1,1,138.0,138,0
7420522,CVB45.BC,2025-09-08,Reparado / Garantía Lab,0,1,329.0,467,0
7420523,CVB45.BC,2025-08-08,Reparado,0,0,0.0,0,0
7420525,CVB45.BC,2025-10-15,Reparado / Garantía Lab,0,0,0.0,0,1
7420525,CVB45.BC,2025-10-28,Garantía MK,1,1,13.0,13,0
7420528,CVB45.BC,2025-10-07,Reparado / Garantía Lab,0,0,0.0,0,1
7420528,CVB45.BC,2025-11-04,Reparado / Garantía Lab,1,1,28.0,28,0
7420707,CVB45.BC,2024-05-30,Reparado,0,0,0.0,0,0
7420841,CVB45.BC,2025-09-30,Reparado,0,0,0.0,0,0
7420843,CVB45.BC,2025-11-27,Reparado / Garantía Lab,0,0,0.0,0,1
7420843,CVB45.BC,2025-12-02,Reparado / Garantía Lab,1,1,5.0,5,0
7420846,CVB45.BC,2025-11-18,Reparado / Garantía Lab,0,0,0.0,0,1
7420846,CVB45.BC,2025-11-21,Reparado / Garantía Lab,1,1,3.0,3,0
7420847,CVB45.BC,2025-07-28,Reparado,0,0,0.0,0,0
7420852,CVB45.BC,2025-06-23,Reparado / Garantía Lab,0,0,0.0,0,1
7420852,CVB45.BC,2025-06-27,Reparado / Garantía Lab,1,1,4.0,4,0
7420852,CVB45.BC,2025-09-30,Reparado / Garantía Lab,2,2,95.0,99,1
7420852,CVB45.BC,2025-10-06,Reparado / Garantía Lab,3,3,6.0,105,0
7420862,CVB45.BC,2025-11-26,Reparado / Garantía Lab,0,0,0.0,0,0
7420864,CVB45.BC,2025-10-28,Reparado,0,0,0.0,0,0
7420865,CVB45.BC,2025-09-30,Reparado,0,0,0.0,0,0
7420867,CVB45.BC,2025-08-29,Reparado,0,0,0.0,0,0
7420874,CVB45.BC,2025-08-19,Reparado,0,0,0.0,0,1
7420874,CVB45.BC,2025-09-01,Garantía MK,1,1,13.0,13,0
7420902,CVB45.BC,2025-08-28,Reparado / Garantía Lab,0,0,0.0,0,1
7420902,CVB45.BC,2025-09-01,Garantía MK,1,1,4.0,4,0
7420912,CVB45.BC,2025-10-08,Reparado,0,0,0.0,0,0
7420916,CVB45.BC,2025-10-14,Reparado,0,0,0.0,0,1
7420916,CVB45.BC,2025-10-30,Reparado,1,1,16.0,16,0
7420924,CVB45.BC,2025-08-28,Reparado / Garantía Lab,0,0,0.0,0,1
7420924,CVB45.BC,2025-09-01,Garantía MK,1,1,4.0,4,0
7420928,CVB45.BC,2025-10-30,Reparado,0,0,0.0,0,0
7420934,CVB45.BC,2025-09-30,Reparado,0,0,0.0,0,0
7420940,CVB45.BC,2025-11-26,Reparado / Garantía Lab,0,0,0.0,0,0
7420941,CVB45.BC,2025-08-04,Reparado,0,0,0.0,0,0
7420962,CVB45.BC,2025-07-28,Reparado / Garantía Lab,0,0,0.0,0,1
7420962,CVB45.BC,2025-07-30,Reparado / Garantía Lab,1,1,2.0,2,0
7420963,CVB45.BC,2025-10-09,Reparado,0,0,0.0,0,0
7420971,CVB45.BC,2025-10-08,Reparado,0,0,0.0,0,0
7420974,CVB45.BC,2025-07-28,Reparado,0,0,0.0,0,0
7420975,CVB45.BC,2025-07-28,Reparado,0,0,0.0,0,0
7420977,CVB45.BC,2025-08-22,Reparado,0,0,0.0,0,0
7420977,CVB45.BC,2025-10-10,Garantía MK,1,1,49.0,49,0
7420986,CVB45.BC,2025-10-09,Reparado,0,0,0.0,0,0
7421010,CVB45.BC,2025-10-30,Reparado,0,0,0.0,0,0
7421012,CVB45.BC,2025-07-29,Reparado,0,0,0.0,0,0
7421013,CVB45.BC,2025-11-07,Reparado,0,0,0.0,0,0
7421018,CVB45.BC,2025-11-17,Reparado,0,0,0.0,0,0
7421030,CVB45.BC,2025-09-23,Reparado,0,0,0.0,0,0
7421033,CVB45.BC,2025-11-10,Reparado / Garantía Lab,0,0,0.0,0,1
7421033,CVB45.BC,2025-11-12,Reparado / Garantía Lab,1,1,2.0,2,1
7421033,CVB45.BC,2025-11-17,Reparado / Garantía Lab,2,2,5.0,7,1
7421033,CVB45.BC,2025-11-19,Garantía MK,3,3,2.0,9,0
7500625,CVB45.BC,2024-07-03,Reparado,0,0,0.0,0,0
7500625,CVB45.BC,2024-08-28,Reparado / Garantía Lab,1,1,56.0,56,1
7500625,CVB45.BC,2024-09-03,Reparado / Garantía Lab,2,2,6.0,62,1
7500625,CVB45.BC,2024-09-09,Reparado / Garantía Lab,3,3,6.0,68,1
7500625,CVB45.BC,2024-09-12,Reparado / Garantía Lab,4,4,3.0,71,1
7500625,CVB45.BC,2024-09-16,Reparado / Garantía Lab,5,5,4.0,75,0
7500626,CVB45.BC,2025-10-09,Reparado,0,0,0.0,0,0
7500648,CVB45.BC,2025-12-05,Proceso,0,0,0.0,0,0
7500672,CVB45.BC,2025-09-25,Reparado,0,0,0.0,0,0
7500672,CVB45.BC,2025-11-25,Proceso,1,1,61.0,61,0
7500687,CVB45.BC,2025-09-02,Reparado,0,0,0.0,0,0
7500708,CVB45.BC,2024-08-05,Reparado / Garantía Lab,0,0,0.0,0,0
7500708,CVB45.BC,2024-10-07,Reparado,1,1,63.0,63,1
7500708,CVB45.BC,2024-10-18,Reparado / Garantía Lab,2,2,11.0,74,1
7500708,CVB45.BC,2024-10-24,Reparado / Garantía Lab,3,3,6.0,80,0
7500721,CVB45.BC,2025-01-10,Reparado,0,0,0.0,0,0
7500737,CVB45.BC,2025-10-09,POD Reparado,0,0,0.0,0,0
7500755,CVB45.BC,2025-08-04,Reparado,0,0,0.0,0,0
7500766,CVB45.BC,2025-12-02,Proceso,0,0,0.0,0,0
7500776,CVB45.BC,2025-08-20,Reparado / Garantía Lab,0,0,0.0,0,1
7500776,CVB45.BC,2025-08-27,Reparado / Garantía Lab,1,1,7.0,7,1
7500776,CVB45.BC,2025-09-11,Reparado / Garantía Lab,2,2,15.0,22,0
7500777,CVB45.BC,2024-10-18,Reparado,0,0,0.0,0,0
7500789,CVB45.BC,2024-06-11,Reparado,0,0,0.0,0,1
7500789,CVB45.BC,2024-06-18,Reparado / Garantía Lab,1,1,7.0,7,0
7500789,CVB45.BC,2024-08-14,Reparado,2,2,57.0,64,0
7500804,CVB45.BC,2025-02-04,Reparado,0,0,0.0,0,0
7500879,CVB45.BC,2025-06-10,Reparado,0,0,0.0,0,0
7500901,CVB45.BC,2025-07-14,Reparado / Garantía Lab,0,0,0.0,0,1
7500901,CVB45.BC,2025-07-18,Reparado / Garantía Lab,1,1,4.0,4,1
7500901,CVB45.BC,2025-07-24,Reparado / Garantía Lab,2,2,6.0,10,0
7501000,CVB45.BC,2025-11-12,POD Reparado,0,0,0.0,0,0
7501003,CVB45.BC,2025-06-18,Reparado,0,0,0.0,0,0
7501027,CVB45.BC,2025-12-02,Proceso,0,0,0.0,0,0
7501053,CVB45.BC,2025-03-11,Reparado,0,0,0.0,0,0
7501064,CVB45.BC,2025-11-03,Reparado,0,0,0.0,0,0
7501067,CVB45.BC,2025-08-04,Reparado,0,0,0.0,0,0
7501080,CVB45.BC,2025-05-12,Reparado,0,0,0.0,0,0
7501080,CVB45.BC,2025-06-17,Reparado / Garantía Lab,1,1,36.0,36,1
7501080,CVB45.BC,2025-06-23,Reparado / Garantía Lab,2,2,6.0,42,1
7501080,CVB45.BC,2025-07-01,Reparado / Garantía Lab,3,3,8.0,50,0
7501084,CVB45.BC,2025-10-21,Reparado,0,0,0.0,0,0
7501084,CVB45.BC,2025-11-25,Proceso,1,1,35.0,35,0
7501101,CVB45.BC,2025-05-30,Reparado,0,0,0.0,0,0
7501125,CVB45.BC,2024-06-10,Reparado,0,0,0.0,0,0
7501125,CVB45.BC,2025-09-25,Reparado / Garantía Lab,0,0,472.0,472,0
7501127,CVB45.BC,2025-09-02,Reparado,0,0,0.0,0,0
7501173,CVB45.BC,2025-09-02,Reparado / Garantía Lab,0,0,0.0,0,1
7501173,CVB45.BC,2025-09-04,Reparado / Garantía Lab,1,1,2.0,2,1
7501173,CVB45.BC,2025-09-08,Reparado / Garantía Lab,2,2,4.0,6,0
7501175,CVB45.BC,2025-04-17,Reparado / Garantía Lab,0,0,0.0,0,1
7501175,CVB45.BC,2025-04-23,Reparado / Garantía Lab,1,1,6.0,6,0
7501180,CVB45.BC,2025-06-04,Reparado / Garantía Lab,0,0,0.0,0,1
7501180,CVB45.BC,2025-06-17,Reparado / Garantía Lab,1,1,13.0,13,1
7501180,CVB45.BC,2025-06-23,Reparado / Garantía Lab,2,2,6.0,19,0
7501180,CVB45.BC,2025-09-25,Reparado / Garantía Lab,3,3,94.0,113,0
7501180,CVB45.BC,2025-11-25,Proceso,4,4,61.0,174,0
7501185,CVB45.BC,2025-09-02,Reparado,0,0,0.0,0,0
7501190,CVB45.BC,2025-11-21,Reparado / Garantía Lab,0,0,0.0,0,0
7501204,CVB45.BC,2025-08-20,Reparado / Garantía Lab,0,0,0.0,0,1
7501204,CVB45.BC,2025-08-25,Reparado / Garantía Lab,1,1,5.0,5,0
7501224,CVB45.BC,2025-08-04,Reparado / Garantía Lab,0,0,0.0,0,1
7501224,CVB45.BC,2025-08-07,Reparado / Garantía Lab,1,1,3.0,3,0
7501225,CVB45.BC,2025-05-02,Reparado,0,0,0.0,0,0
7501228,CVB45.BC,2025-06-26,Reparado,0,0,0.0,0,0
7501239,CVB45.BC,2025-11-21,POD Reparado,0,0,0.0,0,0
7501252,CVB45.BC,2025-08-04,POD Reparado,0,0,0.0,0,1
7501252,CVB45.BC,2025-09-02,Reparado / Garantía Lab,1,1,29.0,29,0
7501284,CVB45.BC,2025-11-12,Reparado / Garantía Lab,0,0,0.0,0,0
7501312,CVB45.BC,2025-03-11,Reparado,0,0,0.0,0,0
7501331,CVB45.BC,2025-08-04,Reparado / Garantía Lab,0,0,0.0,0,1
7501331,CVB45.BC,2025-08-08,Reparado / Garantía Lab,1,1,4.0,4,0
7501331,CVB45.BC,2025-09-25,Reparado / Garantía Lab,2,2,48.0,52,0
7501336,CVB45.BC,2025-08-04,Reparado,0,0,0.0,0,0
7501345,CVB45.BC,2025-11-12,POD Reparado,0,0,0.0,0,0
7501346,CVB45.BC,2025-11-03,Reparado,0,0,0.0,0,0
7501351,CVB45.BC,2025-09-02,Reparado,0,0,0.0,0,0
7501409,CVB45.BC,2024-05-17,Reparado,0,0,0.0,0,0
7501427,CVB45.BC,2025-03-14,Reparado,0,0,0.0,0,0
7501445,CVB45.BC,2025-06-18,Reparado,0,0,0.0,0,1
7501445,CVB45.BC,2025-06-25,Reparado / Garantía Lab,1,1,7.0,7,1
7501445,CVB45.BC,2025-06-30,Reparado / Garantía Lab,2,2,5.0,12,0
7501446,CVB45.BC,2025-08-04,Reparado,0,0,0.0,0,0
7501462,CVB45.BC,2025-05-14,Reparado / Garantía Lab,0,0,0.0,0,1
7501462,CVB45.BC,2025-05-20,Reparado / Garantía Lab,1,1,6.0,6,1
7501462,CVB45.BC,2025-05-28,Reparado / Garantía Lab,2,2,8.0,14,0
7501495,CVB45.BC,2025-07-14,Reparado,0,0,0.0,0,0
7501497,CVB45.BC,2025-06-26,Reparado,0,0,0.0,0,0
7501506,CVB45.BC,2025-09-02,Reparado / Garantía Lab,0,0,0.0,0,1
7501506,CVB45.BC,2025-09-08,Reparado / Garantía Lab,1,1,6.0,6,1
7501506,CVB45.BC,2025-09-23,Reparado / Garantía Lab,2,2,15.0,21,1
7501506,CVB45.BC,2025-10-21,Reparado / Garantía Lab,3,3,28.0,49,1
7501506,CVB45.BC,2025-11-07,Reparado / Garantía Lab,4,4,17.0,66,0
7501509,CVB45.BC,2024-08-05,Reparado,0,0,0.0,0,0
7502206,CVB45.BC,2025-11-21,POD Reparado,0,0,0.0,0,0
7503408,CVB45.BC,2025-10-09,Reparado,0,0,0.0,0,0
7503980,CVB45.BC,2025-05-19,Reparado,0,0,0.0,0,1
7503980,CVB45.BC,2025-05-23,Reparado / Garantía Lab,1,1,4.0,4,1
7503980,CVB45.BC,2025-06-18,Reparado / Garantía Lab,2,2,26.0,30,1
7503980,CVB45.BC,2025-06-26,Reparado / Garantía Lab,3,3,8.0,38,1
7503980,CVB45.BC,2025-07-03,Reparado / Garantía Lab,4,4,7.0,45,0
7503985,CVB45.BC,2025-08-04,Reparado / Garantía Lab,0,0,0.0,0,1
7503985,CVB45.BC,2025-08-11,Reparado / Garantía Lab,1,1,7.0,7,0
7503985,CVB45.BC,2025-09-11,Reparado / Garantía Lab,2,2,31.0,38,0
7504184,CVB45.BC,2025-09-25,Reparado,0,0,0.0,0,0
7504188,CVB45.BC,2025-10-09,Reparado / Garantía Lab,0,0,0.0,0,0
7504188,CVB45.BC,2025-12-02,Proceso,1,1,54.0,54,0
7504191,CVB45.BC,2025-04-17,Reparado,0,0,0.0,0,0
7504200,CVB45.BC,2025-09-25,Reparado,0,0,0.0,0,0
7504206,CVB45.BC,2025-08-20,Reparado / Garantía Lab,0,0,0.0,0,1
7504206,CVB45.BC,2025-08-26,Reparado / Garantía Lab,1,1,6.0,6,1
7504206,CVB45.BC,2025-09-11,Reparado / Garantía Lab,2,2,16.0,22,0
7504232,CVB45.BC,2025-05-30,Reparado,0,0,0.0,0,1
7504232,CVB45.BC,2025-06-10,Reparado / Garantía Lab,1,1,11.0,11,0
7518974,CVB45.BC,2025-12-02,Garantía MK,0,0,0.0,0,0
7518986,CVB45.BC,2025-03-14,Reparado,0,0,0.0,0,0
7519000,CVB45.BC,2025-10-09,Reparado / Garantía Lab,0,0,0.0,0,1
7519000,CVB45.BC,2025-10-13,Reparado / Garantía Lab,1,1,4.0,4,1
7519000,CVB45.BC,2025-10-16,Garantía MK,2,2,3.0,7,0
7519022,CVB45.BC,2025-09-25,Reparado,0,0,0.0,0,0
7519029,CVB45.BC,2025-06-26,Reparado,0,0,0.0,0,1
7519029,CVB45.BC,2025-06-30,Reparado / Garantía Lab,1,1,4.0,4,1
7519029,CVB45.BC,2025-07-03,Reparado / Garantía Lab,2,2,3.0,7,1
7519029,CVB45.BC,2025-07-08,Reparado / Garantía Lab,3,3,5.0,12,1
7519029,CVB45.BC,2025-07-11,Reparado / Garantía Lab,4,4,3.0,15,1
7519029,CVB45.BC,2025-07-15,Reparado / Garantía Lab,5,5,4.0,19,1
7519029,CVB45.BC,2025-07-21,Reparado / Garantía Lab,6,6,6.0,25,1
7519029,CVB45.BC,2025-07-24,Reparado / Garantía Lab,7,7,3.0,28,0
7519041,CVB45.BC,2025-08-20,Reparado,0,0,0.0,0,0
7519044,CVB45.BC,2024-08-05,Reparado,0,0,0.0,0,0
7519056,CVB45.BC,2025-03-14,Reparado / Garantía Lab,0,0,0.0,0,1
7519056,CVB45.BC,2025-03-18,Reparado / Garantía Lab,1,1,4.0,4,0
7519060,CVB45.BC,2025-12-02,Proceso,0,0,0.0,0,0
7519062,CVB45.BC,2025-09-25,Reparado,0,0,0.0,0,0
7519065,CVB45.BC,2025-10-09,Reparado,0,0,0.0,0,0
7519069,CVB45.BC,2025-08-20,Reparado / Garantía Lab,0,0,0.0,0,1
7519069,CVB45.BC,2025-08-22,Reparado / Garantía Lab,1,1,2.0,2,0
7519093,CVB45.BC,2025-12-02,Garantía MK,0,0,0.0,0,0
74059999,CVB45.BC,2022-11-05,Reparado,0,0,0.0,0,0
